cep	status	bairro_sugerido	bairro_principal	clientes_total	clientes_alterar	clientes_provaveis	clientes_excecao	confianca	alteraveis	provaveis	excecoes	todas_variacoes
03387020	SEGURO	COLORADO	JARDIM COLORADO	1	1	0	0	100.0	JARDIM COLORADO (1)			JARDIM COLORADO (1)
12174465	SEGURO	NOVA ESPERANCA	JARDIM NOVA ESPERANÇA	1	1	0	0	100.0	JARDIM NOVA ESPERANÇA (1)			JARDIM NOVA ESPERANÇA (1)
12929662	SEGURO	MARIA JOSE	VILA MARIA JOSÉ	1	1	0	0	100.0	VILA MARIA JOSÉ (1)			VILA MARIA JOSÉ (1)
14580535	SEGURO	PROGRESSO	SETOR PROGRESSO	1	1	0	0	100.0	SETOR PROGRESSO (1)			SETOR PROGRESSO (1)
47744120	SEGURO	DAS HORTENCIAS	JARDIM DAS HORTENCIAS	1	1	0	0	100.0	JARDIM DAS HORTENCIAS (1)			JARDIM DAS HORTENCIAS (1)
49980000	SEGURO	CENTRO	CENTRO	1	1	0	0	100.0	CENTRO (1)			CENTRO (1)
53401010	SEGURO	CENTRO	Centro	1	1	0	0	100.0	Centro (1)			Centro (1)
55192110	SEGURO	CENTRO	CENTRO	2	2	0	0	50.0	CENTRO (1) | Centro (1)			CENTRO (1) | Centro (1)
57200000	BLOQUEADO	CENTRO	CENTRO	3	2	0	1	33.33	CENTRO (1) | Centro (1)		DOM COSTANTINO (1) [28.57%]	CENTRO (1) | Centro (1) | DOM COSTANTINO (1)
62993713	SEGURO	NOVA ESPERANCA	JARDIM NOVA ESPERANÇA	1	1	0	0	100.0	JARDIM NOVA ESPERANÇA (1)			JARDIM NOVA ESPERANÇA (1)
66147446	SEGURO	NOROESTE	SETOR NOROESTE	1	1	0	0	100.0	SETOR NOROESTE (1)			SETOR NOROESTE (1)
69074660	SEGURO	LIBERDADE	JARDIM LIBERDADE	1	1	0	0	100.0	JARDIM LIBERDADE (1)			JARDIM LIBERDADE (1)
70000000	BLOQUEADO	COLORADO	JARDIM COLORADO	12	2	0	10	16.67	JARDIM COLORADO (2)		JARDIM DAS HORTENCIAS (1) [14.29%] | JARDIM HELLOU (1) [12.5%] | JARDIM NOVO MUNDO (1) [40.0%] | MORADA DO SOL (1) [30.77%] | SETOR CANDIDA DE MORAIS (1) [23.53%] | SETOR PROGRESSO (1) [22.22%] | VILA MARIA DILCE (1) [9.09%] | VILA MUTIRÃO 1 (1) [22.22%] | Vila São José (1) [0.0%] | VILA SÃO JOSE (1) [0.0%]	JARDIM COLORADO (2) | JARDIM DAS HORTENCIAS (1) | JARDIM HELLOU (1) | JARDIM NOVO MUNDO (1) | MORADA DO SOL (1) | SETOR CANDIDA DE MORAIS (1) | SETOR PROGRESSO (1) | VILA MARIA DILCE (1) | VILA MUTIRÃO 1 (1) | Vila São José (1) | VILA SÃO JOSE (1)
70470517	SEGURO	NOVO MUNDO	JARDIM NOVO MUNDO	1	1	0	0	100.0	JARDIM NOVO MUNDO (1)			JARDIM NOVO MUNDO (1)
70713174	SEGURO	NOVO MUNDO	JARDIM NOVO MUNDO	1	1	0	0	100.0	JARDIM NOVO MUNDO (1)			JARDIM NOVO MUNDO (1)
72460480	SEGURO	CURITIBA IV	JARDIM CURITIBA IV	1	1	0	0	100.0	JARDIM CURITIBA IV (1)			JARDIM CURITIBA IV (1)
73463480	SEGURO	SANTOS DUMONT	SANTOS DUMONT	1	1	0	0	100.0	SANTOS DUMONT (1)			SANTOS DUMONT (1)
74000000	BLOQUEADO	NOVA ESPERANCA	JARDIM NOVA ESPERANÇA	4180	623	1	3556	14.5	JARDIM NOVA ESPERANÇA (606) | JD NOVA ESPERANÇA (8) | JARDIM NOVA ESPERANCA (6) | NOVA ESPERANÇA (3)	JARDIM NOVA ESPERANÇAA (1) [93.33%]	JARDIM NOVO MUNDO (401) [35.71%] | JARDIM COLORADO (341) [21.43%] | JARDIM LIBERDADE (282) [14.29%] | VILA MUTIRÃO (232) [14.29%] | NOVO PLANALTO (195) [35.71%] | SANTOS DUMONT (165) [7.14%] | JARDIM DAS HORTENCIAS (157) [14.29%] | JARDIM CURITIBA IV (128) [7.14%] | JARDIM VISTA BELA (101) [21.43%] | CANDIDA DE MORAES (97) [29.41%] | MANSÕES PARAISO (80) [33.33%] | SÃO CARLOS (66) [14.29%] | VILA JOÃO VAZ (66) [21.43%] | CAPUAVA (64) [28.57%] | PARQUE TREMENDÃO (50) [21.43%] | RESIDENCIAL FORTALEZA (43) [19.05%] | VILA FINSOCIAL (42) [14.29%] | VILA SÃO JOSE (42) [14.29%] | SETOR NOROESTE (38) [35.71%] | SETOR MARABÁ (36) [28.57%] | RESIDENCIAL PRIVE NORTE (32) [17.39%] | NOVO MUNDO (31) [35.71%] | BAIRRO DA VITORIA (30) [28.57%] | MORADA DO SOL (30) [14.29%] | RESIDENCIAL MARINGÁ (29) [21.05%] | SETOR AEROVIARIO (29) [21.43%] | RESIDENCIAL GREEN PARK (28) [18.18%] | ALBINO BOAVENTURA (27) [17.65%] | JARDIM PETRÓPOLIS (27) [7.14%] | JARDIM DAS HORTÊNCIAS (24) [14.29%] | SETOR PROGRESSO (24) [14.29%] | VILA SÃO JOSÉ (24) [14.29%] | SETOR PERIM (23) [21.43%] | VILA REGINA (23) [21.43%] | BAIRRO DA VITÓRIA (22) [28.57%] | JARDIM CLARISSA (22) [21.43%] | JARDIM HELLOU (20) [7.14%] | VILA CRISTINA (18) [21.43%] | JARDIM GRAMADO (17) [14.29%] | VILA MARIA DILCE (17) [14.29%] | VILA MORAIS (17) [21.43%] | BARRA DA TIJUCA (16) [26.67%] | JARDIM PETROPOLIS (15) [7.14%] | MANSÕES PARAÍSO (15) [33.33%] | VILA MARIA LUIZA (15) [14.29%] | JARDIM BONANZA (13) [28.57%] | JARDIM CAMARGO (12) [14.29%] | Vila São José (12) [14.29%] | CANDIDA DE MORAIS (11) [29.41%] | MANSOES PARAISO (11) [33.33%] | Vila Regina (11) [21.43%] | RESIDENCIAL ANGLO (10) [17.65%] | Vila são José (9) [14.29%] | ESPLANADA DO ANICUNS (8) [20.0%] | RESIDENCIAL 14 BIS (8) [5.56%] | RESIDENCIAL HUGO DE MORAES (8) [19.23%] | Vila Mutirão (8) [14.29%] | VILA MUTIRÃO II (8) [7.14%] | SETOR AEROVIÁRIO (7) [21.43%] | SETOR SEVENE (7) [21.43%] | JARDIM BRASIL (6) [14.29%] | RESIDENCIAL ITAMARACÁ (6) [28.57%] | RESIDENCIAL PRIVÊ NORTE (6) [17.39%] | VILA MUTIRAO (6) [14.29%] | RESIDENCIAL ITAMARACA (5) [28.57%] | RESIDENCIAL MARINGA (5) [21.05%] | SÃO JOSÉ (5) [14.29%] | VALE DOS CARAIBAS (5) [29.41%] | VILA MARTINS (5) [14.29%] | VISTA BELA (5) [21.43%] | AGUA BRANCA (4) [50.0%] | ÁGUA BRANCA (3) [50.0%] | Jardim Novo Mundo (3) [35.71%] | JD DAS HORTENCIAS (3) [14.29%] | JD. NOVO MUNDO (3) [7.14%] | PARQUE INDUSTRIAL PAULISTA (3) [15.79%] | RESIDENCIAL MANSÕES PARAISO (3) [29.63%] | RESIDENCIAL VALE DO ARAGUAIA (3) [25.0%] | SETOR EMPRESARIAL (3) [21.43%] | VILA JOAO VAZ (3) [21.43%] | VILA MUTIRÃO I (3) [14.29%] | VILA ROMANA (3) [28.57%] | AEROVIÁRIO (2) [21.43%] | AEROVIARIO (2) [21.43%] | AGUÁ BRANCA (2) [50.0%] | CÂNDIDA DE MORAES (2) [29.41%] | Capuava (2) [28.57%] | CHACARAS MANSOES ROSAS DE OURO (2) [20.0%] | CONJUNTO RIVIERA (2) [18.75%] | FINSOCIAL (2) [14.29%] | JARDIM CALIFORNIA (2) [28.57%] | JARDIM CURITIBA 4 (2) [7.14%] | JARDIM CURITIBA II (2) [7.14%] | JARDIM HELOU (2) [7.14%] | JD COLORADO (2) [21.43%] | JOÃO VAZ (2) [21.43%] | MANSÕES ROSAS DE OURO (2) [23.81%] | NOROESTE (2) [35.71%] | PQ TREMENDÃO (2) [21.43%] | RECREIO SÃO JOAQUIM (2) [10.53%] | RESIDENCIAL ANGULO (2) [16.67%] | SETOR MARABA (2) [28.57%] | VILA SAO JOSE (2) [14.29%] | BAIRRO CAPUAVA (1) [28.57%] | BAIRRO PERIM (1) [21.43%] | BAIRRO SAO CARLOS (1) [14.29%] | CANDIDA DE MORAES. (1) [33.33%] | CAPUAVA RESIDENCIAL PRIVÊ (1) [28.0%] | CENTRO (1) [14.29%] | CH RECREIO SÃO JOAQUIM (1) [13.64%] | COLORADO (1) [21.43%] | CONDOMINIO PORTAL DAS HORTÊNCIAS (1) [28.12%] | CONDOMINIO RIO BRANCO (1) [33.33%] | Conjunto Riviera (1) [18.75%] | CRIMEIA OESTE (1) [7.14%] | CURITIBA I (1) [7.14%] | CURITIBA IV (1) [7.14%] | JARDIM  NOVO MUNDO (1) [35.71%] | JARDIM CALIFONIA (1) [21.43%] | JARDIM COLORADO EXTEÇÃO (1) [25.0%] | JARDIM COLORADO EXTENSÃO (1) [29.41%] | JARDIM CURITIBA 04 (1) [7.14%] | JARDIM CURITIBA 1 (1) [7.14%] | JARDIM CURITIBA I (1) [7.14%] | JARDIM CURITIBA III (1) [0.0%] | JARDIM EMANUELE (1) [14.29%] | JARDIM EMANUELY (1) [14.29%] | JARDIM LAGO AZUL (1) [14.29%] | Jardim Liberdade (1) [14.29%] | JARDIM NOVO MUNDO II (1) [28.57%] | JARDIM NOVO PETROPOLIS (1) [33.33%] | Jardim Vista Bela (1) [21.43%] | JD LIBERDADE (1) [14.29%] | JD NOVO MUNDO (1) [35.71%] | JD NOVO PETROPOLIS (1) [33.33%] | JD. CALIFÓRNIA (1) [14.29%] | JD. CURITIBA (1) [14.29%] | JD. EMANUELLE - NOVO MUNDO (1) [15.38%] | JD. NOVA ESPERANÇA (1) [77.78%] | MANSÓES PARAISO (1) [33.33%] | MANSOÊS PARAISO (1) [33.33%] | MANSÔES PARAISO (1) [33.33%] | MARABÁ (1) [28.57%] | MARIA LUIZA (1) [14.29%] | NOVO MUNDO II (1) [28.57%] | NOVO PLALNALTO (1) [35.71%] | PARQUE INDUSTRIAL JOAO BRAZ (1) [15.0%] | PARQUE MARACANA (1) [28.57%] | PARQUE TREMEDÃO (1) [21.43%] | PARUE TREMENDÃO (1) [20.0%] | PERIM (1) [21.43%] | PQ INDUSTRIAL PAULISTA (1) [15.79%] | PQ.TREMENDÃO (1) [21.43%] | RESIDENCIAL ALBINO BOAVENTURA (1) [20.69%] | RESIDENCIAL ARAGUAIA (1) [20.0%] | RESIDENCIAL ARUANA (1) [22.22%] | RESIDENCIAL ARUANÃ (1) [22.22%] | RESIDENCIAL BUENA VISTA 4 (1) [20.0%] | RESIDENCIAL EMANUELE (1) [20.0%] | RESIDENCIAL FLORESTA (1) [20.0%] | RESIDENCIAL MANSÕES PARAÍSO (1) [29.63%] | SÃO JOSE (1) [14.29%] | SÃO MARCOS I (1) [7.14%] | SETOR  PROGRESSO (1) [14.29%] | SETOR BARRA DA TIJUCA (1) [26.67%] | SETOR CÂNDIDA DE MORAIS (1) [29.41%] | Setor Cândida de Morais (1) [29.41%] | SETOR ESTRELA DALVA (1) [21.43%] | Setor Perim (1) [21.43%] | SETOR PQ. TREMENDÃO (1) [21.43%] | SETOR SAO CARLOS (1) [14.29%] | SETOR VALE DOS CARAIBAS (1) [29.41%] | SETOR VISTA BELA (1) [21.43%] | VALE DAS CARAÍBAS (1) [29.41%] | VALE DAS CARAIBAS (1) [29.41%] | VALE DO ARAGUAIA (1) [25.0%] | VALE DOS CARAÍBAS (1) [29.41%] | VILA  SÃO JOSÉ (1) [14.29%] | VILA CLEMENTE (1) [21.43%] | VILA MARTINS - EXTENSÃO - NOVO MUNDO (1) [19.35%] | VILA MORAIS NOVO MUNDO (1) [23.53%] | VILA MULTIRÃO (1) [14.29%]	JARDIM NOVA ESPERANÇA (606) | JARDIM NOVO MUNDO (401) | JARDIM COLORADO (341) | JARDIM LIBERDADE (282) | VILA MUTIRÃO (232) | NOVO PLANALTO (195) | SANTOS DUMONT (165) | JARDIM DAS HORTENCIAS (157) | JARDIM CURITIBA IV (128) | JARDIM VISTA BELA (101) | CANDIDA DE MORAES (97) | MANSÕES PARAISO (80) | SÃO CARLOS (66) | VILA JOÃO VAZ (66) | CAPUAVA (64) | PARQUE TREMENDÃO (50) | RESIDENCIAL FORTALEZA (43) | VILA FINSOCIAL (42) | VILA SÃO JOSE (42) | SETOR NOROESTE (38) | SETOR MARABÁ (36) | RESIDENCIAL PRIVE NORTE (32) | NOVO MUNDO (31) | BAIRRO DA VITORIA (30) | MORADA DO SOL (30) | RESIDENCIAL MARINGÁ (29) | SETOR AEROVIARIO (29) | RESIDENCIAL GREEN PARK (28) | ALBINO BOAVENTURA (27) | JARDIM PETRÓPOLIS (27) | JARDIM DAS HORTÊNCIAS (24) | SETOR PROGRESSO (24) | VILA SÃO JOSÉ (24) | SETOR PERIM (23) | VILA REGINA (23) | BAIRRO DA VITÓRIA (22) | JARDIM CLARISSA (22) | JARDIM HELLOU (20) | VILA CRISTINA (18) | JARDIM GRAMADO (17) | VILA MARIA DILCE (17) | VILA MORAIS (17) | BARRA DA TIJUCA (16) | JARDIM PETROPOLIS (15) | MANSÕES PARAÍSO (15) | VILA MARIA LUIZA (15) | JARDIM BONANZA (13) | JARDIM CAMARGO (12) | Vila São José (12) | CANDIDA DE MORAIS (11) | MANSOES PARAISO (11) | Vila Regina (11) | RESIDENCIAL ANGLO (10) | Vila são José (9) | ESPLANADA DO ANICUNS (8) | JD NOVA ESPERANÇA (8) | RESIDENCIAL 14 BIS (8) | RESIDENCIAL HUGO DE MORAES (8) | Vila Mutirão (8) | VILA MUTIRÃO II (8) | SETOR AEROVIÁRIO (7) | SETOR SEVENE (7) | JARDIM BRASIL (6) | JARDIM NOVA ESPERANCA (6) | RESIDENCIAL ITAMARACÁ (6) | RESIDENCIAL PRIVÊ NORTE (6) | VILA MUTIRAO (6) | RESIDENCIAL ITAMARACA (5) | RESIDENCIAL MARINGA (5) | SÃO JOSÉ (5) | VALE DOS CARAIBAS (5) | VILA MARTINS (5) | VISTA BELA (5) | AGUA BRANCA (4) | ÁGUA BRANCA (3) | Jardim Novo Mundo (3) | JD DAS HORTENCIAS (3) | JD. NOVO MUNDO (3) | NOVA ESPERANÇA (3) | PARQUE INDUSTRIAL PAULISTA (3) | RESIDENCIAL MANSÕES PARAISO (3) | RESIDENCIAL VALE DO ARAGUAIA (3) | SETOR EMPRESARIAL (3) | VILA JOAO VAZ (3) | VILA MUTIRÃO I (3) | VILA ROMANA (3) | AEROVIÁRIO (2) | AEROVIARIO (2) | AGUÁ BRANCA (2) | CÂNDIDA DE MORAES (2) | Capuava (2) | CHACARAS MANSOES ROSAS DE OURO (2) | CONJUNTO RIVIERA (2) | FINSOCIAL (2) | JARDIM CALIFORNIA (2) | JARDIM CURITIBA 4 (2) | JARDIM CURITIBA II (2) | JARDIM HELOU (2) | JD COLORADO (2) | JOÃO VAZ (2) | MANSÕES ROSAS DE OURO (2) | NOROESTE (2) | PQ TREMENDÃO (2) | RECREIO SÃO JOAQUIM (2) | RESIDENCIAL ANGULO (2) | SETOR MARABA (2) | VILA SAO JOSE (2) | BAIRRO CAPUAVA (1) | BAIRRO PERIM (1) | BAIRRO SAO CARLOS (1) | CANDIDA DE MORAES. (1) | CAPUAVA RESIDENCIAL PRIVÊ (1) | CENTRO (1) | CH RECREIO SÃO JOAQUIM (1) | COLORADO (1) | CONDOMINIO PORTAL DAS HORTÊNCIAS (1) | CONDOMINIO RIO BRANCO (1) | Conjunto Riviera (1) | CRIMEIA OESTE (1) | CURITIBA I (1) | CURITIBA IV (1) | JARDIM  NOVO MUNDO (1) | JARDIM CALIFONIA (1) | JARDIM COLORADO EXTEÇÃO (1) | JARDIM COLORADO EXTENSÃO (1) | JARDIM CURITIBA 04 (1) | JARDIM CURITIBA 1 (1) | JARDIM CURITIBA I (1) | JARDIM CURITIBA III (1) | JARDIM EMANUELE (1) | JARDIM EMANUELY (1) | JARDIM LAGO AZUL (1) | Jardim Liberdade (1) | JARDIM NOVA ESPERANÇAA (1) | JARDIM NOVO MUNDO II (1) | JARDIM NOVO PETROPOLIS (1) | Jardim Vista Bela (1) | JD LIBERDADE (1) | JD NOVO MUNDO (1) | JD NOVO PETROPOLIS (1) | JD. CALIFÓRNIA (1) | JD. CURITIBA (1) | JD. EMANUELLE - NOVO MUNDO (1) | JD. NOVA ESPERANÇA (1) | MANSÓES PARAISO (1) | MANSOÊS PARAISO (1) | MANSÔES PARAISO (1) | MARABÁ (1) | MARIA LUIZA (1) | NOVO MUNDO II (1) | NOVO PLALNALTO (1) | PARQUE INDUSTRIAL JOAO BRAZ (1) | PARQUE MARACANA (1) | PARQUE TREMEDÃO (1) | PARUE TREMENDÃO (1) | PERIM (1) | PQ INDUSTRIAL PAULISTA (1) | PQ.TREMENDÃO (1) | RESIDENCIAL ALBINO BOAVENTURA (1) | RESIDENCIAL ARAGUAIA (1) | RESIDENCIAL ARUANA (1) | RESIDENCIAL ARUANÃ (1) | RESIDENCIAL BUENA VISTA 4 (1) | RESIDENCIAL EMANUELE (1) | RESIDENCIAL FLORESTA (1) | RESIDENCIAL MANSÕES PARAÍSO (1) | SÃO JOSE (1) | SÃO MARCOS I (1) | SETOR  PROGRESSO (1) | SETOR BARRA DA TIJUCA (1) | SETOR CÂNDIDA DE MORAIS (1) | Setor Cândida de Morais (1) | SETOR ESTRELA DALVA (1) | Setor Perim (1) | SETOR PQ. TREMENDÃO (1) | SETOR SAO CARLOS (1) | SETOR VALE DOS CARAIBAS (1) | SETOR VISTA BELA (1) | VALE DAS CARAÍBAS (1) | VALE DAS CARAIBAS (1) | VALE DO ARAGUAIA (1) | VALE DOS CARAÍBAS (1) | VILA  SÃO JOSÉ (1) | VILA CLEMENTE (1) | VILA MARTINS - EXTENSÃO - NOVO MUNDO (1) | VILA MORAIS NOVO MUNDO (1) | VILA MULTIRÃO (1)
74000197	SEGURO	LIBERDADE	JARDIM LIBERDADE	1	1	0	0	100.0	JARDIM LIBERDADE (1)			JARDIM LIBERDADE (1)
74075120	SEGURO	AEROVIARIO	SETOR AEROVIARIO	1	1	0	0	100.0	SETOR AEROVIARIO (1)			SETOR AEROVIARIO (1)
74133090	SEGURO	DA VITORIA	BAIRRO DA VITORIA	1	1	0	0	100.0	BAIRRO DA VITORIA (1)			BAIRRO DA VITORIA (1)
74140000	BLOQUEADO	COLORADO	JARDIM COLORADO	4	1	0	3	25.0	JARDIM COLORADO (1)		JARDIM DAS HORTENCIAS (1) [14.29%] | MANSÕES PARAISO (1) [26.67%] | MORADA DO SOL (1) [30.77%]	JARDIM COLORADO (1) | JARDIM DAS HORTENCIAS (1) | MANSÕES PARAISO (1) | MORADA DO SOL (1)
74160200	SEGURO	NOVA ESPERANCA	JARDIM NOVA ESPERANÇA	1	1	0	0	100.0	JARDIM NOVA ESPERANÇA (1)			JARDIM NOVA ESPERANÇA (1)
74175460	SEGURO	MULTIDAO LL	VILA MULTIDÃO LL	1	1	0	0	100.0	VILA MULTIDÃO LL (1)			VILA MULTIDÃO LL (1)
74215030	SEGURO	DAS HORTENCIAS	JARDIM DAS HORTÊNCIAS	1	1	0	0	100.0	JARDIM DAS HORTÊNCIAS (1)			JARDIM DAS HORTÊNCIAS (1)
74230903	SEGURO	CANDIDA DE MORAES	CANDIDA DE MORAES	1	1	0	0	100.0	CANDIDA DE MORAES (1)			CANDIDA DE MORAES (1)
74320440	SEGURO	JOAO VAZ	VILA JOAO VAZ	1	1	0	0	100.0	VILA JOAO VAZ (1)			VILA JOAO VAZ (1)
74323065	SEGURO	CAPUAVA	BAIRRO CAPUAVA	1	1	0	0	100.0	BAIRRO CAPUAVA (1)			BAIRRO CAPUAVA (1)
74340500	BLOQUEADO	NOVA ESPERANCA	JARDIM NOVA ESPERANÇA	3	2	0	1	66.67	JARDIM NOVA ESPERANÇA (2)		JARDIN NOVA ESPERANÇA (1) [66.67%]	JARDIM NOVA ESPERANÇA (2) | JARDIN NOVA ESPERANÇA (1)
74353550	SEGURO	SANTA RITA	PARQUE SANTA RITA	1	1	0	0	100.0	PARQUE SANTA RITA (1)			PARQUE SANTA RITA (1)
74354608	SEGURO	CARAVELAS	JARDIM CARAVELAS	1	1	0	0	100.0	JARDIM CARAVELAS (1)			JARDIM CARAVELAS (1)
74354612	SEGURO	CARAVELAS	JARDIM CARAVELAS	1	1	0	0	100.0	JARDIM CARAVELAS (1)			JARDIM CARAVELAS (1)
74354616	SEGURO	CARAVELAS	JARDIM CARAVELAS	1	1	0	0	100.0	JARDIM CARAVELAS (1)			JARDIM CARAVELAS (1)
74354618	SEGURO	CARAVELA	JARDIM CARAVELA	1	1	0	0	100.0	JARDIM CARAVELA (1)			JARDIM CARAVELA (1)
74354632	BLOQUEADO	CARAVELAS	JARDIM CARAVELAS	2	1	0	1	50.0	JARDIM CARAVELAS (1)		JARDIM CARAVELAS 1ª ETAPA (1) [50.0%]	JARDIM CARAVELAS (1) | JARDIM CARAVELAS 1ª ETAPA (1)
74354636	BLOQUEADO	CRAVELAS	JARDIM CRAVELAS	2	1	0	1	50.0	JARDIM CRAVELAS (1)		JARDM CARAVELAS (1) [53.33%]	JARDIM CRAVELAS (1) | JARDM CARAVELAS (1)
74354640	SEGURO	CARAVELAS	JARDIM CARAVELAS	2	2	0	0	50.0	JARDIM CARAVELAS (1) | SETOR CARAVELAS (1)			JARDIM CARAVELAS (1) | SETOR CARAVELAS (1)
74354643	SEGURO	CARAVELAS	JARDIM CARAVELAS	1	1	0	0	100.0	JARDIM CARAVELAS (1)			JARDIM CARAVELAS (1)
74354647	SEGURO	CARAVELAS	JARDIM CARAVELAS	1	1	0	0	100.0	JARDIM CARAVELAS (1)			JARDIM CARAVELAS (1)
74354665	SEGURO	CARAVELAS	JARDIM CARAVELAS	1	1	0	0	100.0	JARDIM CARAVELAS (1)			JARDIM CARAVELAS (1)
74354676	SEGURO	CARAVELAS	JARDIM CARAVELAS	1	1	0	0	100.0	JARDIM CARAVELAS (1)			JARDIM CARAVELAS (1)
74354814	SEGURO	SAO JOSE	Vila são José	1	1	0	0	100.0	Vila são José (1)			Vila são José (1)
74356285	SEGURO	RESIDENCIAL SANTA FE	RESIDENCIAL SANTA FÉ	1	1	0	0	100.0	RESIDENCIAL SANTA FÉ (1)			RESIDENCIAL SANTA FÉ (1)
74370150	SEGURO	RIO FORMOSO	SETOR RIO FORMOSO	1	1	0	0	100.0	SETOR RIO FORMOSO (1)			SETOR RIO FORMOSO (1)
74370220	SEGURO	RIO FORMOSO	SETOR RIO FORMOSO	1	1	0	0	100.0	SETOR RIO FORMOSO (1)			SETOR RIO FORMOSO (1)
74370489	SEGURO	SANTA RITA VII	SETOR SANTA RITA VII	1	1	0	0	100.0	SETOR SANTA RITA VII (1)			SETOR SANTA RITA VII (1)
74370520	SEGURO	SANTA RITA VII	SETOR SANTA RITA VII	1	1	0	0	100.0	SETOR SANTA RITA VII (1)			SETOR SANTA RITA VII (1)
74370601	SEGURO	RESIDENCIAL CANADA	RESIDENCIAL CANADÁ	1	1	0	0	100.0	RESIDENCIAL CANADÁ (1)			RESIDENCIAL CANADÁ (1)
74370612	SEGURO	RESIDENCIAL CANADA	RESIDENCIAL CANADÁ	1	1	0	0	100.0	RESIDENCIAL CANADÁ (1)			RESIDENCIAL CANADÁ (1)
74370613	SEGURO	RESIDENCIAL CANADA	RESIDENCIAL CANÁDA	1	1	0	0	100.0	RESIDENCIAL CANÁDA (1)			RESIDENCIAL CANÁDA (1)
74370645	SEGURO	RESIDENCIAL VEREDAS DOS BURITIS	RESIDENCIAL VEREDAS DOS BURITIS	1	1	0	0	100.0	RESIDENCIAL VEREDAS DOS BURITIS (1)			RESIDENCIAL VEREDAS DOS BURITIS (1)
74370663	SEGURO	RESIDENCIAL VEREDA DOS BURITIS	RESIDENCIAL VEREDA DOS BURITIS	1	1	0	0	100.0	RESIDENCIAL VEREDA DOS BURITIS (1)			RESIDENCIAL VEREDA DOS BURITIS (1)
74370675	SEGURO	RESIDENCIAL VEREDA DOS BURITIS	RESIDENCIAL VEREDA DOS BURITIS	1	1	0	0	100.0	RESIDENCIAL VEREDA DOS BURITIS (1)			RESIDENCIAL VEREDA DOS BURITIS (1)
74370684	SEGURO	RESIDENCIAL VEREDA DOS BURITIS	RESIDENCIAL VEREDA DOS BURITIS	1	1	0	0	100.0	RESIDENCIAL VEREDA DOS BURITIS (1)			RESIDENCIAL VEREDA DOS BURITIS (1)
74370702	SEGURO	RESIDENCIAL FORTEVILLE	RESIDENCIAL FORTEVILLE	1	1	0	0	100.0	RESIDENCIAL FORTEVILLE (1)			RESIDENCIAL FORTEVILLE (1)
74370707	SEGURO	RESIDENCIAL FORTEVILLE	RESIDENCIAL FORTEVILLE	1	1	0	0	100.0	RESIDENCIAL FORTEVILLE (1)			RESIDENCIAL FORTEVILLE (1)
74370766	SEGURO	RESIDENCIAL SANTA RITA - 4ª ETAPA	RESIDENCIAL SANTA RITA - 4ª ETAPA	1	1	0	0	100.0	RESIDENCIAL SANTA RITA - 4ª ETAPA (1)			RESIDENCIAL SANTA RITA - 4ª ETAPA (1)
74371070	SEGURO	RESIDENCIAL ELI FORTE	RESIDENCIAL ELI FORTE	1	1	0	0	100.0	RESIDENCIAL ELI FORTE (1)			RESIDENCIAL ELI FORTE (1)
74371135	SEGURO	RESIDENCIAL TALISMA	RESIDENCIAL TALISMA	1	1	0	0	100.0	RESIDENCIAL TALISMA (1)			RESIDENCIAL TALISMA (1)
74371350	SEGURO	MOINHO DOS VENTOS	MOINHO DOS VENTOS	1	1	0	0	100.0	MOINHO DOS VENTOS (1)			MOINHO DOS VENTOS (1)
74371390	SEGURO	MOINHO DOS VENTOS	MOINHO DOS VENTOS	1	1	0	0	100.0	MOINHO DOS VENTOS (1)			MOINHO DOS VENTOS (1)
74371435	SEGURO	LOTEAMENTO MOINHO DOS VENTOS	LOTEAMENTO MOINHO DOS VENTOS	1	1	0	0	100.0	LOTEAMENTO MOINHO DOS VENTOS (1)			LOTEAMENTO MOINHO DOS VENTOS (1)
74371812	SEGURO	RESIDENCIAL RECANTO DAS EMAS	RESIDENCIAL RECANTO DAS EMAS	1	1	0	0	100.0	RESIDENCIAL RECANTO DAS EMAS (1)			RESIDENCIAL RECANTO DAS EMAS (1)
74372093	SEGURO	RESIDENCIAL FIDELIS	RESIDENCIAL FIDELIS	1	1	0	0	100.0	RESIDENCIAL FIDELIS (1)			RESIDENCIAL FIDELIS (1)
74373210	SEGURO	LOTEAMENTO CELINA PARK	LOTEAMENTO CELINA PARK	1	1	0	0	100.0	LOTEAMENTO CELINA PARK (1)			LOTEAMENTO CELINA PARK (1)
74375030	SEGURO	OESTE INDUSTRIAL	PARQUE OESTE INDUSTRIAL	2	2	0	0	100.0	PARQUE OESTE INDUSTRIAL (2)			PARQUE OESTE INDUSTRIAL (2)
74375040	SEGURO	OESTE INDUSTRIAL	PARQUE OESTE INDUSTRIAL	2	2	0	0	100.0	PARQUE OESTE INDUSTRIAL (2)			PARQUE OESTE INDUSTRIAL (2)
74375110	BLOQUEADO	GOIA	BAIRRO GOIA	2	1	0	1	50.0	BAIRRO GOIA (1)		PARQUE OESTE INDUSTRIAL (1) [12.5%]	BAIRRO GOIA (1) | PARQUE OESTE INDUSTRIAL (1)
74375150	SEGURO	OESTE INDUSTRIAL	PARQUE OESTE INDUSTRIAL	1	1	0	0	100.0	PARQUE OESTE INDUSTRIAL (1)			PARQUE OESTE INDUSTRIAL (1)
74375180	SEGURO	OESTE INDUSTRIAL	PARQUE OESTE INDUSTRIAL	2	2	0	0	100.0	PARQUE OESTE INDUSTRIAL (2)			PARQUE OESTE INDUSTRIAL (2)
74375280	SEGURO	OESTE INDUSTRIAL	PARQUE OESTE INDUSTRIAL	1	1	0	0	100.0	PARQUE OESTE INDUSTRIAL (1)			PARQUE OESTE INDUSTRIAL (1)
74375300	SEGURO	OESTE INDUSTRIAL	PARQUE OESTE INDUSTRIAL	1	1	0	0	100.0	PARQUE OESTE INDUSTRIAL (1)			PARQUE OESTE INDUSTRIAL (1)
74375495	SEGURO	OESTE INDUSTRIAL	PARQUE OESTE INDUSTRIAL	2	2	0	0	100.0	PARQUE OESTE INDUSTRIAL (2)			PARQUE OESTE INDUSTRIAL (2)
74375629	SEGURO	RESIDENCIAL PARQUE OESTE	RESIDENCIAL PARQUE OESTE	2	2	0	0	100.0	RESIDENCIAL PARQUE OESTE (2)			RESIDENCIAL PARQUE OESTE (2)
74375740	SEGURO	OESTE INDUSTRIAL	PARQUE OESTE INDUSTRIAL	1	1	0	0	100.0	PARQUE OESTE INDUSTRIAL (1)			PARQUE OESTE INDUSTRIAL (1)
74390086	SEGURO	BOTANICO	JARDIM BOTÂNICO	1	1	0	0	100.0	JARDIM BOTÂNICO (1)			JARDIM BOTÂNICO (1)
74390090	SEGURO	BOT NICO	JARDIM BOT NICO	1	1	0	0	100.0	JARDIM BOT NICO (1)			JARDIM BOT NICO (1)
74390100	SEGURO	BOTANICO	JARDIM BOTÂNICO	1	1	0	0	100.0	JARDIM BOTÂNICO (1)			JARDIM BOTÂNICO (1)
74390150	SEGURO	BOTANICO	JARDIM BOTÂNICO	1	1	0	0	100.0	JARDIM BOTÂNICO (1)			JARDIM BOTÂNICO (1)
74390220	SEGURO	BOTANICO	JARDIM BOTANICO	2	2	0	0	50.0	JARDIM BOTANICO (1) | JARDIM BOTÂNICO (1)			JARDIM BOTANICO (1) | JARDIM BOTÂNICO (1)
74390225	SEGURO	BOTANICO	JARDIM BOTÂNICO	1	1	0	0	100.0	JARDIM BOTÂNICO (1)			JARDIM BOTÂNICO (1)
74390235	SEGURO	CONDOMINIO RIO BRANCO	CONDOMINIO RIO BRANCO	1	1	0	0	100.0	CONDOMINIO RIO BRANCO (1)			CONDOMINIO RIO BRANCO (1)
74390260	SEGURO	CONDOMINIO RIO BRANCO	CONDOMÍNIO RIO BRANCO	1	1	0	0	100.0	CONDOMÍNIO RIO BRANCO (1)			CONDOMÍNIO RIO BRANCO (1)
74390350	SEGURO	CONDOMINIO RIO BRANCO	CONDOMÍNIO RIO BRANCO	1	1	0	0	100.0	CONDOMÍNIO RIO BRANCO (1)			CONDOMÍNIO RIO BRANCO (1)
74390372	SEGURO	RESIDENCIAL DELLA PENNA	RESIDENCIAL DELLA PENNA	1	1	0	0	100.0	RESIDENCIAL DELLA PENNA (1)			RESIDENCIAL DELLA PENNA (1)
74390375	SEGURO	RESIDENCIAL DELLA PENNA	RESIDENCIAL DELLA PENNA	2	2	0	0	100.0	RESIDENCIAL DELLA PENNA (2)			RESIDENCIAL DELLA PENNA (2)
74390378	SEGURO	RESIDENCIAL DELLA PENNA	RESIDENCIAL DELLA PENNA	1	1	0	0	100.0	RESIDENCIAL DELLA PENNA (1)			RESIDENCIAL DELLA PENNA (1)
74390390	SEGURO	BOTANICO	JARDIM BOTANICO	1	1	0	0	100.0	JARDIM BOTANICO (1)			JARDIM BOTANICO (1)
74390430	SEGURO	BOT NICO	JARDIM BOT NICO	1	1	0	0	100.0	JARDIM BOT NICO (1)			JARDIM BOT NICO (1)
74390460	SEGURO	BOTANICO	JARDIM BOTÂNICO	1	1	0	0	100.0	JARDIM BOTÂNICO (1)			JARDIM BOTÂNICO (1)
74390490	SEGURO	BOTANICO	JARDIM BOTÂNICO	1	1	0	0	100.0	JARDIM BOTÂNICO (1)			JARDIM BOTÂNICO (1)
74390610	SEGURO	RIZZO	VILA RIZZO	1	1	0	0	100.0	VILA RIZZO (1)			VILA RIZZO (1)
74390669	SEGURO	RIZZO	Vila Rizzo	1	1	0	0	100.0	Vila Rizzo (1)			Vila Rizzo (1)
74391020	SEGURO	MARQUES DE ABREU	JARDIM MARQUES DE ABREU	3	3	0	0	100.0	JARDIM MARQUES DE ABREU (3)			JARDIM MARQUES DE ABREU (3)
74391030	SEGURO	MARQUES DE ABREU	JARDIM MARQUES DE ABREU	1	1	0	0	100.0	JARDIM MARQUES DE ABREU (1)			JARDIM MARQUES DE ABREU (1)
74391110	SEGURO	MARQUES DE ABREU	JARDIM MARQUES DE ABREU	1	1	0	0	100.0	JARDIM MARQUES DE ABREU (1)			JARDIM MARQUES DE ABREU (1)
74391150	SEGURO	MARQUES DE ABREU	JARDIM MARQUES DE ABREU	1	1	0	0	100.0	JARDIM MARQUES DE ABREU (1)			JARDIM MARQUES DE ABREU (1)
74391190	SEGURO	MARQUES DE ABREU	JARDIM MARQUES DE ABREU	1	1	0	0	100.0	JARDIM MARQUES DE ABREU (1)			JARDIM MARQUES DE ABREU (1)
74391250	SEGURO	ARITANA	JARDIM ARITANA	1	1	0	0	100.0	JARDIM ARITANA (1)			JARDIM ARITANA (1)
74391520	SEGURO	LORENA PARK	LORENA PARK	1	1	0	0	100.0	LORENA PARK (1)			LORENA PARK (1)
74392070	SEGURO	ELI FORTE	JARDIM ELI FORTE	2	2	0	0	100.0	JARDIM ELI FORTE (2)			JARDIM ELI FORTE (2)
74392115	SEGURO	CHACARAS ANHANGUERA	Chácaras Anhanguera	1	1	0	0	100.0	Chácaras Anhanguera (1)			Chácaras Anhanguera (1)
74393140	SEGURO	RECREIO DOS FUNCIONARIOS PUBLICOS	RECREIO DOS FUNCIONARIOS PUBLICOS	1	1	0	0	100.0	RECREIO DOS FUNCIONARIOS PUBLICOS (1)			RECREIO DOS FUNCIONARIOS PUBLICOS (1)
74393360	SEGURO	SANTA RITA	PARQUE SANTA RITA	1	1	0	0	100.0	PARQUE SANTA RITA (1)			PARQUE SANTA RITA (1)
74393375	SEGURO	RESIDENCIAL SOLAR BOUGAINVILLE	RESIDENCIAL SOLAR BOUGAINVILLE	1	1	0	0	100.0	RESIDENCIAL SOLAR BOUGAINVILLE (1)			RESIDENCIAL SOLAR BOUGAINVILLE (1)
74393392	SEGURO	SANTA RITA	PARQUE SANTA RITA	1	1	0	0	100.0	PARQUE SANTA RITA (1)			PARQUE SANTA RITA (1)
74393400	SEGURO	SANTA RITA	PARQUE SANTA RITA	1	1	0	0	100.0	PARQUE SANTA RITA (1)			PARQUE SANTA RITA (1)
74393415	SEGURO	SANTA RITA	PARQUE SANTA RITA	1	1	0	0	100.0	PARQUE SANTA RITA (1)			PARQUE SANTA RITA (1)
74393460	SEGURO	SANTA RITA	PARQUE SANTA RITA	1	1	0	0	100.0	PARQUE SANTA RITA (1)			PARQUE SANTA RITA (1)
74393530	SEGURO	SANTA RITA	PARQUE SANTA RITA	1	1	0	0	100.0	PARQUE SANTA RITA (1)			PARQUE SANTA RITA (1)
74393550	SEGURO	SANTA RITA	PARQUE SANTA RITA	1	1	0	0	100.0	PARQUE SANTA RITA (1)			PARQUE SANTA RITA (1)
74393560	SEGURO	SANTA RITA	PARQUE SANTA RITA	1	1	0	0	100.0	PARQUE SANTA RITA (1)			PARQUE SANTA RITA (1)
74393570	SEGURO	SANTA RITA	PARQUE SANTA RITA	1	1	0	0	100.0	PARQUE SANTA RITA (1)			PARQUE SANTA RITA (1)
74393600	SEGURO	LOTEAMENTO ALPHAVILLE RESIDENCIAL	LOTEAMENTO ALPHAVILLE RESIDENCIAL	1	1	0	0	100.0	LOTEAMENTO ALPHAVILLE RESIDENCIAL (1)			LOTEAMENTO ALPHAVILLE RESIDENCIAL (1)
74393660	SEGURO	LOTEAMENTO ALPHAVILLE RESIDENCIAL	LOTEAMENTO ALPHAVILLE RESIDENCIAL	1	1	0	0	100.0	LOTEAMENTO ALPHAVILLE RESIDENCIAL (1)			LOTEAMENTO ALPHAVILLE RESIDENCIAL (1)
74393670	SEGURO	LOTEAMENTO ALPHAVILLE RESIDENCIAL	LOTEAMENTO ALPHAVILLE RESIDENCIAL	2	2	0	0	100.0	LOTEAMENTO ALPHAVILLE RESIDENCIAL (2)			LOTEAMENTO ALPHAVILLE RESIDENCIAL (2)
74393680	SEGURO	LOTEAMENTO ALPHAVILLE RESIDENCIAL	LOTEAMENTO ALPHAVILLE RESIDENCIAL	2	2	0	0	100.0	LOTEAMENTO ALPHAVILLE RESIDENCIAL (2)			LOTEAMENTO ALPHAVILLE RESIDENCIAL (2)
74393700	SEGURO	LOTEAMENTO ALPHAVILLE RESIDENCIAL	LOTEAMENTO ALPHAVILLE RESIDENCIAL	2	2	0	0	100.0	LOTEAMENTO ALPHAVILLE RESIDENCIAL (2)			LOTEAMENTO ALPHAVILLE RESIDENCIAL (2)
74393740	SEGURO	LOTEAMENTO ALPHAVILLE RESIDENCIAL	LOTEAMENTO ALPHAVILLE RESIDENCIAL	1	1	0	0	100.0	LOTEAMENTO ALPHAVILLE RESIDENCIAL (1)			LOTEAMENTO ALPHAVILLE RESIDENCIAL (1)
74393800	SEGURO	LOTEAMENTO ALPHAVILLE RESIDENCIAL	LOTEAMENTO ALPHAVILLE RESIDENCIAL	1	1	0	0	100.0	LOTEAMENTO ALPHAVILLE RESIDENCIAL (1)			LOTEAMENTO ALPHAVILLE RESIDENCIAL (1)
74393810	SEGURO	LOTEAMENTO ALPHAVILLE RESIDENCIAL	LOTEAMENTO ALPHAVILLE RESIDENCIAL	1	1	0	0	100.0	LOTEAMENTO ALPHAVILLE RESIDENCIAL (1)			LOTEAMENTO ALPHAVILLE RESIDENCIAL (1)
74393820	BLOQUEADO	LOTEAMENTO ALPHAVILLE RESIDENCIAL	LOTEAMENTO ALPHAVILLE RESIDENCIAL	2	1	0	1	50.0	LOTEAMENTO ALPHAVILLE RESIDENCIAL (1)		RESIDENCIAL ALPHAVILLE (1) [66.67%]	LOTEAMENTO ALPHAVILLE RESIDENCIAL (1) | RESIDENCIAL ALPHAVILLE (1)
74394029	SEGURO	ALPHAVILLE	JARDIM ALPHAVILLE	1	1	0	0	100.0	JARDIM ALPHAVILLE (1)			JARDIM ALPHAVILLE (1)
74394155	SEGURO	ALPHAVILLE	JARDIM ALPHAVILLE	1	1	0	0	100.0	JARDIM ALPHAVILLE (1)			JARDIM ALPHAVILLE (1)
74394200	SEGURO	RESIDENCIAL BUENA VISTA I	RESIDENCIAL BUENA VISTA I	1	1	0	0	100.0	RESIDENCIAL BUENA VISTA I (1)			RESIDENCIAL BUENA VISTA I (1)
74394205	SEGURO	RESIDENCIAL BUENA VISTA I	RESIDENCIAL BUENA VISTA I	6	6	0	0	100.0	RESIDENCIAL BUENA VISTA I (6)			RESIDENCIAL BUENA VISTA I (6)
74394210	SEGURO	RESIDENCIAL BUENA VISTA I	RESIDENCIAL BUENA VISTA I	2	2	0	0	100.0	RESIDENCIAL BUENA VISTA I (2)			RESIDENCIAL BUENA VISTA I (2)
74394215	SEGURO	RESIDENCIAL BUENA VISTA I	RESIDENCIAL BUENA VISTA I	1	1	0	0	100.0	RESIDENCIAL BUENA VISTA I (1)			RESIDENCIAL BUENA VISTA I (1)
74394220	SEGURO	RESIDENCIAL BUENA VISTA I	RESIDENCIAL BUENA VISTA I	1	1	0	0	100.0	RESIDENCIAL BUENA VISTA I (1)			RESIDENCIAL BUENA VISTA I (1)
74394225	REVISAR	RESIDENCIAL BUENA VISTA I	RESIDENCIAL BUENA VISTA I	5	4	1	0	80.0	RESIDENCIAL BUENA VISTA I (4)	RESIDENCIALBUENA VISTA I (1) [96.0%]		RESIDENCIAL BUENA VISTA I (4) | RESIDENCIALBUENA VISTA I (1)
74394230	BLOQUEADO	RESI8DENCIAL BUENA VISTA I	RESI8DENCIAL BUENA VISTA I	2	1	1	0	50.0	RESI8DENCIAL BUENA VISTA I (1)	Residencial Buena Vista I (1) [96.15%]		RESI8DENCIAL BUENA VISTA I (1) | Residencial Buena Vista I (1)
74394235	SEGURO	RESIDENCIAL BUENA VISTA I	RESIDENCIAL BUENA VISTA I	4	4	0	0	100.0	RESIDENCIAL BUENA VISTA I (4)			RESIDENCIAL BUENA VISTA I (4)
74394240	BLOQUEADO	RESIDENCIAL BUENA VISTA I	RESIDENCIAL BUENA VISTA I	2	1	1	0	50.0	RESIDENCIAL BUENA VISTA I (1)	RESIENCIAL BUENA VISTA I (1) [96.0%]		RESIDENCIAL BUENA VISTA I (1) | RESIENCIAL BUENA VISTA I (1)
74394245	SEGURO	RESIDENCIAL BUENA VISTA I	RESIDENCIAL BUENA VISTA I	2	2	0	0	50.0	RESIDENCIAL BUENA VISTA I (1) | Residencial Buena Vista I (1)			RESIDENCIAL BUENA VISTA I (1) | Residencial Buena Vista I (1)
74394250	SEGURO	RESIDENCIAL BUENA VISTA I	Residencial Buena Vista I	1	1	0	0	100.0	Residencial Buena Vista I (1)			Residencial Buena Vista I (1)
74394260	SEGURO	RESIDENCIAL BUENA VISTA I	RESIDENCIAL BUENA VISTA I	1	1	0	0	100.0	RESIDENCIAL BUENA VISTA I (1)			RESIDENCIAL BUENA VISTA I (1)
74394335	SEGURO	RESIDENCIAL BUENA VISTA II	RESIDENCIAL BUENA VISTA II	1	1	0	0	100.0	RESIDENCIAL BUENA VISTA II (1)			RESIDENCIAL BUENA VISTA II (1)
74394345	SEGURO	RESIDENCIAL BUENA VISTA II	RESIDENCIAL BUENA VISTA II	1	1	0	0	100.0	RESIDENCIAL BUENA VISTA II (1)			RESIDENCIAL BUENA VISTA II (1)
74394355	SEGURO	RESIDENCIAL BUENA VISTA III	RESIDENCIAL BUENA VISTA III	1	1	0	0	100.0	RESIDENCIAL BUENA VISTA III (1)			RESIDENCIAL BUENA VISTA III (1)
74394395	SEGURO	RESIDENCIAL BUENA VISTA III	RESIDENCIAL BUENA VISTA III	1	1	0	0	100.0	RESIDENCIAL BUENA VISTA III (1)			RESIDENCIAL BUENA VISTA III (1)
74394400	SEGURO	RESIDENCIAL BUENA VISTA III	RESIDENCIAL BUENA VISTA III	1	1	0	0	100.0	RESIDENCIAL BUENA VISTA III (1)			RESIDENCIAL BUENA VISTA III (1)
74394405	SEGURO	RESIDENCIAL BUENA VISTA III	RESIDENCIAL BUENA VISTA III	2	2	0	0	100.0	RESIDENCIAL BUENA VISTA III (2)			RESIDENCIAL BUENA VISTA III (2)
74394410	SEGURO	RESIDENCIAL BUENA VISTA III	RESIDENCIAL BUENA VISTA III	3	3	0	0	100.0	RESIDENCIAL BUENA VISTA III (3)			RESIDENCIAL BUENA VISTA III (3)
74394415	SEGURO	RESIDENCIAL BUENA VISTA III	RESIDENCIAL BUENA VISTA III	2	2	0	0	100.0	RESIDENCIAL BUENA VISTA III (2)			RESIDENCIAL BUENA VISTA III (2)
74394420	SEGURO	RESIDENCIAL BUENA VISTA III	RESIDENCIAL BUENA VISTA III	3	3	0	0	100.0	RESIDENCIAL BUENA VISTA III (3)			RESIDENCIAL BUENA VISTA III (3)
74394430	SEGURO	RESIDENCIAL BUENA VISTA III	RESIDENCIAL BUENA VISTA III	4	4	0	0	100.0	RESIDENCIAL BUENA VISTA III (4)			RESIDENCIAL BUENA VISTA III (4)
74394435	SEGURO	RESIDENCIAL BUENA VISTA III	RESIDENCIAL BUENA VISTA III	2	2	0	0	100.0	RESIDENCIAL BUENA VISTA III (2)			RESIDENCIAL BUENA VISTA III (2)
74394470	SEGURO	RESIDENCIAL BUENA VISTA III	RESIDENCIAL BUENA VISTA III	1	1	0	0	100.0	RESIDENCIAL BUENA VISTA III (1)			RESIDENCIAL BUENA VISTA III (1)
74394475	SEGURO	RESIDENCIAL BUENA VISTA III	RESIDENCIAL BUENA VISTA III	1	1	0	0	100.0	RESIDENCIAL BUENA VISTA III (1)			RESIDENCIAL BUENA VISTA III (1)
74394480	SEGURO	RESIDENCIAL BUENA VISTA III	RESIDENCIAL BUENA VISTA III	1	1	0	0	100.0	RESIDENCIAL BUENA VISTA III (1)			RESIDENCIAL BUENA VISTA III (1)
74394500	SEGURO	RESIDENCIAL BUENA VISTA IV	RESIDENCIAL BUENA VISTA IV	1	1	0	0	100.0	RESIDENCIAL BUENA VISTA IV (1)			RESIDENCIAL BUENA VISTA IV (1)
74394520	SEGURO	RESIDENCIAL BUENA VISTA IV	RESIDENCIAL BUENA VISTA IV	2	2	0	0	100.0	RESIDENCIAL BUENA VISTA IV (2)			RESIDENCIAL BUENA VISTA IV (2)
74394525	SEGURO	RESIDENCIAL BUENA VISTA IV	RESIDENCIAL BUENA VISTA IV	2	2	0	0	100.0	RESIDENCIAL BUENA VISTA IV (2)			RESIDENCIAL BUENA VISTA IV (2)
74394535	SEGURO	RESIDENCIAL BUENA VISTA IV	RESIDENCIAL BUENA VISTA IV	1	1	0	0	100.0	RESIDENCIAL BUENA VISTA IV (1)			RESIDENCIAL BUENA VISTA IV (1)
74394555	SEGURO	RESIDENCIAL BUENA VISTA IV	RESIDENCIAL BUENA VISTA IV	1	1	0	0	100.0	RESIDENCIAL BUENA VISTA IV (1)			RESIDENCIAL BUENA VISTA IV (1)
74394600	SEGURO	RESIDENCIAL BUENA VISTA IV	RESIDENCIAL BUENA VISTA IV	1	1	0	0	100.0	RESIDENCIAL BUENA VISTA IV (1)			RESIDENCIAL BUENA VISTA IV (1)
74394605	SEGURO	RESIDENCIAL BUENA VISTA IV	RESIDENCIAL BUENA VISTA IV	1	1	0	0	100.0	RESIDENCIAL BUENA VISTA IV (1)			RESIDENCIAL BUENA VISTA IV (1)
74394615	SEGURO	RESIDENCIAL BUENA VISTA IV	RESIDENCIAL BUENA VISTA IV	1	1	0	0	100.0	RESIDENCIAL BUENA VISTA IV (1)			RESIDENCIAL BUENA VISTA IV (1)
74394620	BLOQUEADO	RESIDENCIAL BUENA VISTA IV	RESIDENCIAL BUENA VISTA IV	3	2	0	1	66.67	RESIDENCIAL BUENA VISTA IV (2)		BUENA VISTA IV (1) [75.0%]	RESIDENCIAL BUENA VISTA IV (2) | BUENA VISTA IV (1)
74394630	SEGURO	RESIDENCIAL BUENA VISTA IV	RESIDENCIAL BUENA VISTA IV	1	1	0	0	100.0	RESIDENCIAL BUENA VISTA IV (1)			RESIDENCIAL BUENA VISTA IV (1)
74394635	SEGURO	RESIDENCIAL BUENA VISTA IV	RESIDENCIAL BUENA VISTA IV	2	2	0	0	100.0	RESIDENCIAL BUENA VISTA IV (2)			RESIDENCIAL BUENA VISTA IV (2)
74394640	SEGURO	RESIDENCIAL BUENA VISTA IV	RESIDENCIAL BUENA VISTA IV	1	1	0	0	100.0	RESIDENCIAL BUENA VISTA IV (1)			RESIDENCIAL BUENA VISTA IV (1)
74394655	SEGURO	RESIDENCIAL BUENA VISTA IV	RESIDENCIAL BUENA VISTA IV	1	1	0	0	100.0	RESIDENCIAL BUENA VISTA IV (1)			RESIDENCIAL BUENA VISTA IV (1)
74394660	SEGURO	RESIDENCIAL BUENA VISTA IV	RESIDENCIAL BUENA VISTA IV	3	3	0	0	100.0	RESIDENCIAL BUENA VISTA IV (3)			RESIDENCIAL BUENA VISTA IV (3)
74394705	SEGURO	GARDENIA	JARDIM GARDÊNIA	1	1	0	0	100.0	JARDIM GARDÊNIA (1)			JARDIM GARDÊNIA (1)
74395003	SEGURO	VILLAGE SANTA RITA	VILLAGE SANTA RITA	1	1	0	0	100.0	VILLAGE SANTA RITA (1)			VILLAGE SANTA RITA (1)
74395006	SEGURO	VILLAGE SANTA RITA	VILLAGE SANTA RITA	1	1	0	0	100.0	VILLAGE SANTA RITA (1)			VILLAGE SANTA RITA (1)
74395030	SEGURO	SOLAR SANTA RITA	SETOR SOLAR SANTA RITA	1	1	0	0	100.0	SETOR SOLAR SANTA RITA (1)			SETOR SOLAR SANTA RITA (1)
74395032	SEGURO	SOLAR SANTA RITA	SETOR SOLAR SANTA RITA	2	2	0	0	100.0	SETOR SOLAR SANTA RITA (2)			SETOR SOLAR SANTA RITA (2)
74395038	SEGURO	SOLAR SANTA RITA	SETOR SOLAR SANTA RITA	1	1	0	0	100.0	SETOR SOLAR SANTA RITA (1)			SETOR SOLAR SANTA RITA (1)
74395040	SEGURO	SOLAR SANTA RITA	SETOR SOLAR SANTA RITA	1	1	0	0	100.0	SETOR SOLAR SANTA RITA (1)			SETOR SOLAR SANTA RITA (1)
74395046	SEGURO	SOLAR SANTA RITA	SETOR SOLAR SANTA RITA	1	1	0	0	100.0	SETOR SOLAR SANTA RITA (1)			SETOR SOLAR SANTA RITA (1)
74395050	SEGURO	SOLAR SANTA RITA	SETOR SOLAR SANTA RITA	4	4	0	0	100.0	SETOR SOLAR SANTA RITA (4)			SETOR SOLAR SANTA RITA (4)
74395056	SEGURO	SOLAR SANTA RITA	SETOR SOLAR SANTA RITA	1	1	0	0	100.0	SETOR SOLAR SANTA RITA (1)			SETOR SOLAR SANTA RITA (1)
74395105	SEGURO	RESIDENCIAL VILLAGE SANTA RITA I	RESIDENCIAL VILLAGE SANTA RITA I	1	1	0	0	100.0	RESIDENCIAL VILLAGE SANTA RITA I (1)			RESIDENCIAL VILLAGE SANTA RITA I (1)
74395210	SEGURO	RESIDENCIAL VILLAGE SANTA RITA III	RESIDENCIAL VILLAGE SANTA RITA III	1	1	0	0	100.0	RESIDENCIAL VILLAGE SANTA RITA III (1)			RESIDENCIAL VILLAGE SANTA RITA III (1)
74395250	SEGURO	RESIDENCIAL KATIA	RESIDENCIAL KÁTIA	1	1	0	0	100.0	RESIDENCIAL KÁTIA (1)			RESIDENCIAL KÁTIA (1)
74395510	SEGURO	RESIDENCIAL SANTA FE I	RESIDENCIAL SANTA FE I	1	1	0	0	100.0	RESIDENCIAL SANTA FE I (1)			RESIDENCIAL SANTA FE I (1)
74395780	SEGURO	EMANUELY	JARDIM EMANUELY	2	2	0	0	100.0	JARDIM EMANUELY (2)			JARDIM EMANUELY (2)
74400000	BLOQUEADO	NOVO MUNDO	JARDIM NOVO MUNDO	63	13	0	50	20.63	JARDIM NOVO MUNDO (13)		JARDIM COLORADO (10) [40.0%] | JARDIM NOVA ESPERANÇA (6) [35.71%] | JARDIM DAS HORTENCIAS (3) [14.29%] | JARDIM CURITIBA 4 (2) [0.0%] | JARDIM CURITIBA IV (2) [0.0%] | NOVO PLANALTO (2) [53.85%] | VILA CRISTINA CONTINUAÇAO (2) [20.0%] | VILA JOAO VAZ (2) [30.0%] | BAIRRO DA VITORIA (1) [0.0%] | CONJUNTO RESIDENCIAL ARUANA III (1) [16.13%] | ESTRELA DALVA (1) [7.69%] | JARDIM GRAMADO (1) [30.0%] | JARDIM LIBERDADE (1) [10.0%] | JARDIM NOVO PETROPOLIS (1) [40.0%] | JARDIM PETROPOLIS (1) [0.0%] | JARDIM VISTA BELA (1) [0.0%] | MANSOES PARAISO (1) [26.67%] | MORADA DO SOL (1) [23.08%] | PARQUE INDUSTRIAL PAULISTA (1) [15.79%] | Residencial Fortaleza (1) [9.52%] | SETOR CANDIDA DE MORAIS (1) [17.65%] | SETOR CAPUAVA (1) [10.0%] | SETOR MANSOES PARAISO (1) [26.67%] | SETOR NOROESTE (1) [30.0%] | SETOR SANTOS DUMONT (1) [23.08%] | VILA MARTINS (1) [10.0%] | VILA MUTIRAO (1) [10.0%] | VILA REGINA (1) [10.0%] | VILA ROMANA (1) [30.0%]	JARDIM NOVO MUNDO (13) | JARDIM COLORADO (10) | JARDIM NOVA ESPERANÇA (6) | JARDIM DAS HORTENCIAS (3) | JARDIM CURITIBA 4 (2) | JARDIM CURITIBA IV (2) | NOVO PLANALTO (2) | VILA CRISTINA CONTINUAÇAO (2) | VILA JOAO VAZ (2) | BAIRRO DA VITORIA (1) | CONJUNTO RESIDENCIAL ARUANA III (1) | ESTRELA DALVA (1) | JARDIM GRAMADO (1) | JARDIM LIBERDADE (1) | JARDIM NOVO PETROPOLIS (1) | JARDIM PETROPOLIS (1) | JARDIM VISTA BELA (1) | MANSOES PARAISO (1) | MORADA DO SOL (1) | PARQUE INDUSTRIAL PAULISTA (1) | Residencial Fortaleza (1) | SETOR CANDIDA DE MORAIS (1) | SETOR CAPUAVA (1) | SETOR MANSOES PARAISO (1) | SETOR NOROESTE (1) | SETOR SANTOS DUMONT (1) | VILA MARTINS (1) | VILA MUTIRAO (1) | VILA REGINA (1) | VILA ROMANA (1)
74408098	SEGURO	DAS HORTENCIAS	JARDIM DAS HORTÊNCIAS	1	1	0	0	100.0	JARDIM DAS HORTÊNCIAS (1)			JARDIM DAS HORTÊNCIAS (1)
74410010	SEGURO	NOVO MUNDO	NOVO MUNDO	1	1	0	0	100.0	NOVO MUNDO (1)			NOVO MUNDO (1)
74410090	SEGURO	NOVO MUNDO	JARDIM NOVO MUNDO	1	1	0	0	100.0	JARDIM NOVO MUNDO (1)			JARDIM NOVO MUNDO (1)
74410400	SEGURO	NOVO MUNDO	JARDIM NOVO MUNDO	1	1	0	0	100.0	JARDIM NOVO MUNDO (1)			JARDIM NOVO MUNDO (1)
74413630	SEGURO	FINSOCIAL	VILA FINSOCIAL	1	1	0	0	100.0	VILA FINSOCIAL (1)			VILA FINSOCIAL (1)
74420010	SEGURO	SANTA RITA	VILA SANTA RITA	3	3	0	0	100.0	VILA SANTA RITA (3)			VILA SANTA RITA (3)
74420455	SEGURO	SOLANGE PARK 1	SOLANGE PARK 1	1	1	0	0	100.0	SOLANGE PARK 1 (1)			SOLANGE PARK 1 (1)
74423160	SEGURO	SANTOS DUMONT	SANTOS DUMONT	1	1	0	0	100.0	SANTOS DUMONT (1)			SANTOS DUMONT (1)
74423543	SEGURO	CIDADE JARDIM	CIDADE JARDIM	1	1	0	0	100.0	CIDADE JARDIM (1)			CIDADE JARDIM (1)
74425115	SEGURO	MORADA DO SOL	MORADA DO SOL	1	1	0	0	100.0	MORADA DO SOL (1)			MORADA DO SOL (1)
74425430	SEGURO	NOVO MUNDO	JARDIM NOVO MUNDO	1	1	0	0	100.0	JARDIM NOVO MUNDO (1)			JARDIM NOVO MUNDO (1)
74430380	SEGURO	NOVO PLANALTO	NOVO PLANALTO	1	1	0	0	100.0	NOVO PLANALTO (1)			NOVO PLANALTO (1)
74433050	SEGURO	ESPLANADA DO ANICUNS	ESPLANADA DO ANICUNS	1	1	0	0	100.0	ESPLANADA DO ANICUNS (1)			ESPLANADA DO ANICUNS (1)
74433060	SEGURO	ESPLANADA DO ANICUNS	ESPLANADA DO ANICUNS	2	2	0	0	100.0	ESPLANADA DO ANICUNS (2)			ESPLANADA DO ANICUNS (2)
74433090	SEGURO	ESPLANADA DO ANICUNS	ESPLANADA DO ANICUNS	2	2	0	0	100.0	ESPLANADA DO ANICUNS (2)			ESPLANADA DO ANICUNS (2)
74433130	SEGURO	ESPLANADA DO ANICUNS	ESPLANADA DO ANICUNS	1	1	0	0	100.0	ESPLANADA DO ANICUNS (1)			ESPLANADA DO ANICUNS (1)
74433150	SEGURO	ESPLANADA DO ANICUNS	ESPLANADA DO ANICUNS	7	7	0	0	85.71	ESPLANADA DO ANICUNS (6) | Esplanada do Anicuns (1)			ESPLANADA DO ANICUNS (6) | Esplanada do Anicuns (1)
74433180	SEGURO	ESPLANADA DO ANICUNS	ESPLANADA DO ANICUNS	4	4	0	0	75.0	ESPLANADA DO ANICUNS (3) | Esplanada do Anicuns (1)			ESPLANADA DO ANICUNS (3) | Esplanada do Anicuns (1)
74433190	SEGURO	ESPLANADA DO ANICUNS	Esplanada do Anicuns	1	1	0	0	100.0	Esplanada do Anicuns (1)			Esplanada do Anicuns (1)
74433220	SEGURO	ESPLANADA DO ANICUNS	ESPLANADA DO ANICUNS	2	2	0	0	100.0	ESPLANADA DO ANICUNS (2)			ESPLANADA DO ANICUNS (2)
74433380	SEGURO	SANTOS DUMONT	SETOR SANTOS DUMONT	1	1	0	0	100.0	SETOR SANTOS DUMONT (1)			SETOR SANTOS DUMONT (1)
74435020	SEGURO	AEROVIARIO	Aeroviário	1	1	0	0	100.0	Aeroviário (1)			Aeroviário (1)
74435030	SEGURO	AEROVIARIO	Aeroviário	10	10	0	0	30.0	Aeroviário (3) | SETOR AEROVIARIO (3) | AEROVIÁRIO (2) | SETOR AEROVIÁRIO (2)			Aeroviário (3) | SETOR AEROVIARIO (3) | AEROVIÁRIO (2) | SETOR AEROVIÁRIO (2)
74435040	SEGURO	AEROVIARIO	SETOR AEROVIARIO	1	1	0	0	100.0	SETOR AEROVIARIO (1)			SETOR AEROVIARIO (1)
74435050	SEGURO	AEROVIARIO	AEROVIÁRIO	2	2	0	0	50.0	AEROVIÁRIO (1) | SETOR AEROVIARIO (1)			AEROVIÁRIO (1) | SETOR AEROVIARIO (1)
74435060	SEGURO	AEROVIARIO	AEROVIÁRIO	3	3	0	0	66.67	AEROVIÁRIO (2) | SETOR AEROVIÁRIO (1)			AEROVIÁRIO (2) | SETOR AEROVIÁRIO (1)
74435090	BLOQUEADO	AEROVIARIO	SETOR AEROVIARIO	14	13	1	0	42.86	SETOR AEROVIARIO (6) | AEROVIÁRIO (5) | Aeroviário (2)	AEOROVIARIO (1) [90.91%]		SETOR AEROVIARIO (6) | AEROVIÁRIO (5) | Aeroviário (2) | AEOROVIARIO (1)
74435100	SEGURO	AEROVIARIO	Aeroviário	1	1	0	0	100.0	Aeroviário (1)			Aeroviário (1)
74435110	SEGURO	AEROVIARIO	SETOR AEROVIARIO	15	15	0	0	46.67	SETOR AEROVIARIO (7) | AEROVIÁRIO (4) | SETOR AEROVIÁRIO (2) | AEROVIARIO (1) | Aeroviário (1)			SETOR AEROVIARIO (7) | AEROVIÁRIO (4) | SETOR AEROVIÁRIO (2) | AEROVIARIO (1) | Aeroviário (1)
74435115	BLOQUEADO	AEROVIARIO	AEROVIÁRIO	9	8	0	1	33.33	AEROVIÁRIO (3) | SETOR AEROVIARIO (3) | Aeroviário (2)		VILA  SÃO JOSÉ (1) [10.0%]	AEROVIÁRIO (3) | SETOR AEROVIARIO (3) | Aeroviário (2) | VILA  SÃO JOSÉ (1)
74435120	SEGURO	AEROVIARIO	Aeroviário	8	8	0	0	37.5	Aeroviário (3) | SETOR AEROVIARIO (3) | AEROVIARIO (1) | AEROVIÁRIO (1)			Aeroviário (3) | SETOR AEROVIARIO (3) | AEROVIARIO (1) | AEROVIÁRIO (1)
74435180	SEGURO	AEROVIARIO	SETOR AEROVIARIO	3	3	0	0	100.0	SETOR AEROVIARIO (3)			SETOR AEROVIARIO (3)
74435190	SEGURO	AEROVIARIO	SETOR AEROVIÁRIO	1	1	0	0	100.0	SETOR AEROVIÁRIO (1)			SETOR AEROVIÁRIO (1)
74435200	SEGURO	AEROVIARIO	Aeroviário	15	15	0	0	40.0	Aeroviário (6) | SETOR AEROVIARIO (6) | AEROVIÁRIO (3)			Aeroviário (6) | SETOR AEROVIARIO (6) | AEROVIÁRIO (3)
74435220	SEGURO	AEROVIARIO	Aeroviário	5	5	0	0	40.0	Aeroviário (2) | SETOR AEROVIARIO (2) | SETOR AEROVIÁRIO (1)			Aeroviário (2) | SETOR AEROVIARIO (2) | SETOR AEROVIÁRIO (1)
74435230	BLOQUEADO	AEROVIARIO	SETOR AEROVIARIO	6	5	1	0	50.0	SETOR AEROVIARIO (3) | AEROVIARIO (1) | AEROVIÁRIO (1)	AEOROVIÁRIO (1) [90.91%]		SETOR AEROVIARIO (3) | AEOROVIÁRIO (1) | AEROVIARIO (1) | AEROVIÁRIO (1)
74435240	SEGURO	AEROVIARIO	AEROVIÁRIO	2	2	0	0	50.0	AEROVIÁRIO (1) | SETOR AEROVIARIO (1)			AEROVIÁRIO (1) | SETOR AEROVIARIO (1)
74435250	SEGURO	AEROVIARIO	AEROVIARIO	3	3	0	0	33.33	AEROVIARIO (1) | SETOR AEROVIARIO (1) | SETOR AEROVIÁRIO (1)			AEROVIARIO (1) | SETOR AEROVIARIO (1) | SETOR AEROVIÁRIO (1)
74435260	BLOQUEADO	AEROVIARIO	AEROVIÁRIO	4	3	1	0	50.0	AEROVIÁRIO (2) | SETOR AEROVIARIO (1)	AEOROVIARIO (1) [90.91%]		AEROVIÁRIO (2) | AEOROVIARIO (1) | SETOR AEROVIARIO (1)
74435265	SEGURO	AEROVIARIO	AEROVIÁRIO	2	2	0	0	50.0	AEROVIÁRIO (1) | SETOR AEROVIARIO (1)			AEROVIÁRIO (1) | SETOR AEROVIARIO (1)
74435270	SEGURO	AEROVIARIO	AEROVIÁRIO	1	1	0	0	100.0	AEROVIÁRIO (1)			AEROVIÁRIO (1)
74435280	BLOQUEADO	AEROVIARIO	SETOR AEROVIARIO	7	6	0	1	42.86	SETOR AEROVIARIO (3) | AEROVIÁRIO (2) | Aeroviário (1)		VILA SAO JOSE (1) [10.0%]	SETOR AEROVIARIO (3) | AEROVIÁRIO (2) | Aeroviário (1) | VILA SAO JOSE (1)
74435290	SEGURO	AEROVIARIO	SETOR AEROVIARIO	8	8	0	0	50.0	SETOR AEROVIARIO (4) | AEROVIÁRIO (3) | Aeroviário (1)			SETOR AEROVIARIO (4) | AEROVIÁRIO (3) | Aeroviário (1)
74435299	SEGURO	AEROVIARIO	SETOR AEROVIARIO	1	1	0	0	100.0	SETOR AEROVIARIO (1)			SETOR AEROVIARIO (1)
74435320	SEGURO	AEROVIARIO	SETOR AEROVIARIO	2	2	0	0	100.0	SETOR AEROVIARIO (2)			SETOR AEROVIARIO (2)
74435970	SEGURO	MANSOES PARAISO	MANSÕES PARAÍSO	1	1	0	0	100.0	MANSÕES PARAÍSO (1)			MANSÕES PARAÍSO (1)
74440000	SEGURO	JOAO VAZ	VILA JOAO VAZ	1	1	0	0	100.0	VILA JOAO VAZ (1)			VILA JOAO VAZ (1)
74440010	SEGURO	SAO JOSE	VILA SÃO JOSÉ	1	1	0	0	100.0	VILA SÃO JOSÉ (1)			VILA SÃO JOSÉ (1)
74440030	SEGURO	SAO JOSE	Setor São José	2	2	0	0	50.0	Setor São José (1) | VILA SÃO JOSE (1)			Setor São José (1) | VILA SÃO JOSE (1)
74440050	SEGURO	SAO JOSE	SETOR SÃO JOSÉ	2	2	0	0	100.0	SETOR SÃO JOSÉ (2)			SETOR SÃO JOSÉ (2)
74440060	SEGURO	SAO JOSE	SETOR SÃO JOSÉ	16	16	0	0	43.75	SETOR SÃO JOSÉ (7) | Setor São José (4) | VILA SÃO JOSE (2) | SÃO JOSÉ (1) | VILA SÃO JOSÉ (1) | Vila são José (1)			SETOR SÃO JOSÉ (7) | Setor São José (4) | VILA SÃO JOSE (2) | SÃO JOSÉ (1) | VILA SÃO JOSÉ (1) | Vila são José (1)
74440070	SEGURO	SAO JOSE	SETOR SÃO JOSÉ	1	1	0	0	100.0	SETOR SÃO JOSÉ (1)			SETOR SÃO JOSÉ (1)
74440080	SEGURO	SAO JOSE	VILA SÃO JOSE	3	3	0	0	66.67	VILA SÃO JOSE (2) | SETOR SÃO JOSÉ (1)			VILA SÃO JOSE (2) | SETOR SÃO JOSÉ (1)
74440090	SEGURO	SAO JOSE	SETOR SÃO JOSE	1	1	0	0	100.0	SETOR SÃO JOSE (1)			SETOR SÃO JOSE (1)
74440120	BLOQUEADO	SAO JOSE	SETOR SÃO JOSÉ	3	2	0	1	66.67	SETOR SÃO JOSÉ (2)		SETOR AEROVIARIO (1) [10.0%]	SETOR SÃO JOSÉ (2) | SETOR AEROVIARIO (1)
74440130	SEGURO	SAO JOSE	SETOR SÃO JOSÉ	4	4	0	0	75.0	SETOR SÃO JOSÉ (3) | Vila São José (1)			SETOR SÃO JOSÉ (3) | Vila São José (1)
74440140	SEGURO	SAO JOSE	SÃO JOSE	4	4	0	0	25.0	SÃO JOSE (1) | SETOR SÃO JOSÉ (1) | Setor São José (1) | Vila são José (1)			SÃO JOSE (1) | SETOR SÃO JOSÉ (1) | Setor São José (1) | Vila são José (1)
74440145	SEGURO	SAO JOSE	SETOR SÃO JOSÉ	7	7	0	0	57.14	SETOR SÃO JOSÉ (4) | Vila São José (1) | VILA SÃO JOSE (1) | VILA SAO JOSE (1)			SETOR SÃO JOSÉ (4) | Vila São José (1) | VILA SÃO JOSE (1) | VILA SAO JOSE (1)
74440150	SEGURO	SAO JOSE	Vila São José	1	1	0	0	100.0	Vila São José (1)			Vila São José (1)
74440160	SEGURO	SAO JOSE	SETOR SÃO JOSÉ	1	1	0	0	100.0	SETOR SÃO JOSÉ (1)			SETOR SÃO JOSÉ (1)
74440180	SEGURO	SAO JOSE	SETOR SÃO JOSE	1	1	0	0	100.0	SETOR SÃO JOSE (1)			SETOR SÃO JOSE (1)
74440185	SEGURO	SAO JOSE	Setor São José	1	1	0	0	100.0	Setor São José (1)			Setor São José (1)
74440220	SEGURO	SAO JOSE	SETOR SÃO JOSÉ	2	2	0	0	100.0	SETOR SÃO JOSÉ (2)			SETOR SÃO JOSÉ (2)
74440240	SEGURO	SAO JOSE	SETOR SÃO JOSÉ	7	7	0	0	57.14	SETOR SÃO JOSÉ (4) | VILA SÃO JOSÉ (2) | Setor São José (1)			SETOR SÃO JOSÉ (4) | VILA SÃO JOSÉ (2) | Setor São José (1)
74440245	SEGURO	SAO JOSE	SETOR SÃO JOSÉ	5	5	0	0	20.0	SETOR SÃO JOSÉ (1) | Setor São José (1) | Vila São José (1) | VILA SÃO JOSÉ (1) | VILA SÃO JOSE (1)			SETOR SÃO JOSÉ (1) | Setor São José (1) | Vila São José (1) | VILA SÃO JOSÉ (1) | VILA SÃO JOSE (1)
74440250	SEGURO	SAO JOSE	SETOR SÃO JOSÉ	11	11	0	0	63.64	SETOR SÃO JOSÉ (7) | Vila São José (3) | VILA SÃO JOSE (1)			SETOR SÃO JOSÉ (7) | Vila São José (3) | VILA SÃO JOSE (1)
74440280	SEGURO	SAO JOSE	SAO JOSE	2	2	0	0	50.0	SAO JOSE (1) | SETOR SÃO JOSÉ (1)			SAO JOSE (1) | SETOR SÃO JOSÉ (1)
74440290	SEGURO	SAO JOSE	SETOR SÃO JOSÉ	3	3	0	0	66.67	SETOR SÃO JOSÉ (2) | SETOR SÃO JOSE (1)			SETOR SÃO JOSÉ (2) | SETOR SÃO JOSE (1)
74440300	SEGURO	SAO JOSE	SETOR SÃO JOSÉ	9	9	0	0	55.56	SETOR SÃO JOSÉ (5) | VILA SÃO JOSÉ (2) | Setor São José (1) | VILA SÃO JOSE (1)			SETOR SÃO JOSÉ (5) | VILA SÃO JOSÉ (2) | Setor São José (1) | VILA SÃO JOSE (1)
74440310	SEGURO	SAO JOSE	SETOR SÃO JOSÉ	7	7	0	0	71.43	SETOR SÃO JOSÉ (5) | Setor São José (1) | VILA SAO JOSE (1)			SETOR SÃO JOSÉ (5) | Setor São José (1) | VILA SAO JOSE (1)
74440320	SEGURO	SAO JOSE	VILA SÃO JOSÉ	1	1	0	0	100.0	VILA SÃO JOSÉ (1)			VILA SÃO JOSÉ (1)
74440330	SEGURO	SAO JOSE	SETOR SÃO JOSÉ	5	5	0	0	60.0	SETOR SÃO JOSÉ (3) | Setor São José (2)			SETOR SÃO JOSÉ (3) | Setor São José (2)
74440340	SEGURO	SAO JOSE	SETOR SÃO JOSÉ	7	7	0	0	42.86	SETOR SÃO JOSÉ (3) | VILA SÃO JOSE (2) | Setor São José (1) | VILA SÃO JOSÉ (1)			SETOR SÃO JOSÉ (3) | VILA SÃO JOSE (2) | Setor São José (1) | VILA SÃO JOSÉ (1)
74440350	SEGURO	SAO JOSE	SETOR SÃO JOSÉ	6	6	0	0	66.67	SETOR SÃO JOSÉ (4) | Setor São José (2)			SETOR SÃO JOSÉ (4) | Setor São José (2)
74440360	SEGURO	SAO JOSE	VILA SÃO JOSE	4	4	0	0	50.0	VILA SÃO JOSE (2) | SETOR SAO JOSE (1) | SETOR SÃO JOSÉ (1)			VILA SÃO JOSE (2) | SETOR SAO JOSE (1) | SETOR SÃO JOSÉ (1)
74440370	SEGURO	SAO JOSE	SETOR SÃO JOSÉ	4	4	0	0	75.0	SETOR SÃO JOSÉ (3) | Setor São José (1)			SETOR SÃO JOSÉ (3) | Setor São José (1)
74440380	SEGURO	SAO JOSE	Vila São José	1	1	0	0	100.0	Vila São José (1)			Vila São José (1)
74440400	SEGURO	SAO JOSE	SETOR SÃO JOSÉ	3	3	0	0	66.67	SETOR SÃO JOSÉ (2) | Setor São José (1)			SETOR SÃO JOSÉ (2) | Setor São José (1)
74440410	SEGURO	SAO JOSE	SETOR SÃO JOSÉ	2	2	0	0	50.0	SETOR SÃO JOSÉ (1) | VILA SÃO JOSÉ (1)			SETOR SÃO JOSÉ (1) | VILA SÃO JOSÉ (1)
74440420	SEGURO	SAO JOSE	Setor São José	6	6	0	0	50.0	Setor São José (3) | SETOR SÃO JOSÉ (2) | SÃO JOSÉ (1)			Setor São José (3) | SETOR SÃO JOSÉ (2) | SÃO JOSÉ (1)
74440425	SEGURO	SAO JOSE	VILA SÃO JOSE	2	2	0	0	100.0	VILA SÃO JOSE (2)			VILA SÃO JOSE (2)
74440440	SEGURO	SAO JOSE	SETOR SÃO JOSÉ	1	1	0	0	100.0	SETOR SÃO JOSÉ (1)			SETOR SÃO JOSÉ (1)
74440460	SEGURO	SAO JOSE	SETOR SAO JOSE	3	3	0	0	33.33	SETOR SAO JOSE (1) | Setor São José (1) | VILA SAO JOSE (1)			SETOR SAO JOSE (1) | Setor São José (1) | VILA SAO JOSE (1)
74440470	SEGURO	SAO JOSE	SÃO JOSE	3	3	0	0	33.33	SÃO JOSE (1) | VILA SÃO JOSE (1) | Vila São José (1)			SÃO JOSE (1) | VILA SÃO JOSE (1) | Vila São José (1)
74440480	SEGURO	SAO JOSE	Setor São José	8	8	0	0	37.5	Setor São José (3) | SETOR SÃO JOSÉ (3) | SAO JOSE (1) | VILA SÃO JOSE (1)			Setor São José (3) | SETOR SÃO JOSÉ (3) | SAO JOSE (1) | VILA SÃO JOSE (1)
74440485	SEGURO	SAO JOSE	Setor São José	3	3	0	0	66.67	Setor São José (2) | SETOR SÃO JOSÉ (1)			Setor São José (2) | SETOR SÃO JOSÉ (1)
74440500	SEGURO	SAO JOSE	SETOR SÃO JOSÉ	3	3	0	0	33.33	SETOR SÃO JOSÉ (1) | Setor São José (1) | VILA SÃO JOSÉ (1)			SETOR SÃO JOSÉ (1) | Setor São José (1) | VILA SÃO JOSÉ (1)
74440510	SEGURO	SAO JOSE	SETOR SÃO JOSÉ	2	2	0	0	50.0	SETOR SÃO JOSÉ (1) | VILA SÃO JOSÉ (1)			SETOR SÃO JOSÉ (1) | VILA SÃO JOSÉ (1)
74440520	SEGURO	SAO JOSE	SETOR SÃO JOSÉ	2	2	0	0	50.0	SETOR SÃO JOSÉ (1) | Setor São José (1)			SETOR SÃO JOSÉ (1) | Setor São José (1)
74440530	SEGURO	SAO JOSE	SETOR SÃO JOSÉ	7	7	0	0	42.86	SETOR SÃO JOSÉ (3) | SÃO JOSE (1) | SÃO JOSÉ (1) | Setor São José (1) | VILA SAO JOSE (1)			SETOR SÃO JOSÉ (3) | SÃO JOSE (1) | SÃO JOSÉ (1) | Setor São José (1) | VILA SAO JOSE (1)
74440540	SEGURO	SAO JOSE	SETOR SÃO JOSÉ	2	2	0	0	100.0	SETOR SÃO JOSÉ (2)			SETOR SÃO JOSÉ (2)
74440550	SEGURO	SAO JOSE	SETOR SÃO JOSÉ	11	11	0	0	36.36	SETOR SÃO JOSÉ (4) | VILA SÃO JOSE (2) | SÃO JOSE (1) | SAO JOSE (1) | Setor são José (1) | Setor São José (1) | Vila São José (1)			SETOR SÃO JOSÉ (4) | VILA SÃO JOSE (2) | SÃO JOSE (1) | SAO JOSE (1) | Setor são José (1) | Setor São José (1) | Vila São José (1)
74440560	SEGURO	SAO JOSE	Setor São José	7	7	0	0	42.86	Setor São José (3) | SETOR SÃO JOSÉ (2) | SAO JOSE (1) | Vila são José (1)			Setor São José (3) | SETOR SÃO JOSÉ (2) | SAO JOSE (1) | Vila são José (1)
74440590	SEGURO	SAO JOSE	Vila São José	6	6	0	0	33.33	Vila São José (2) | Vila são José (2) | SETOR SÃO JOSÉ (1) | VILA SÃO JOSE (1)			Vila São José (2) | Vila são José (2) | SETOR SÃO JOSÉ (1) | VILA SÃO JOSE (1)
74440600	SEGURO	SAO JOSE	SETOR SÃO JOSÉ	4	4	0	0	100.0	SETOR SÃO JOSÉ (4)			SETOR SÃO JOSÉ (4)
74440610	SEGURO	SAO JOSE	SETOR SÃO JOSÉ	6	6	0	0	66.67	SETOR SÃO JOSÉ (4) | Setor São José (1) | SETOR SÃO JOSE (1)			SETOR SÃO JOSÉ (4) | Setor São José (1) | SETOR SÃO JOSE (1)
74440620	SEGURO	SAO JOSE	VILA SÃO JOSE	1	1	0	0	100.0	VILA SÃO JOSE (1)			VILA SÃO JOSE (1)
74440630	SEGURO	SAO JOSE	SETOR SÃO JOSÉ	5	5	0	0	40.0	SETOR SÃO JOSÉ (2) | VILA SÃO JOSE (1) | VILA SÃO JOSÉ (1) | Vila São José (1)			SETOR SÃO JOSÉ (2) | VILA SÃO JOSE (1) | VILA SÃO JOSÉ (1) | Vila São José (1)
74440640	SEGURO	SAO JOSE	SETOR SÃO JOSÉ	11	11	0	0	54.55	SETOR SÃO JOSÉ (6) | Setor São José (2) | SETOR SÃO JOSE (1) | VILA SÃO JOSÉ (1) | VILA SÃO JOSE (1)			SETOR SÃO JOSÉ (6) | Setor São José (2) | SETOR SÃO JOSE (1) | VILA SÃO JOSÉ (1) | VILA SÃO JOSE (1)
74440650	SEGURO	SAO JOSE	SETOR SÃO JOSE	2	2	0	0	50.0	SETOR SÃO JOSE (1) | SETOR SÃO JOSÉ (1)			SETOR SÃO JOSE (1) | SETOR SÃO JOSÉ (1)
74440660	SEGURO	SAO JOSE	VILA SÃO JOSÉ	1	1	0	0	100.0	VILA SÃO JOSÉ (1)			VILA SÃO JOSÉ (1)
74440670	SEGURO	SAO JOSE	SETOR SÃO JOSÉ	5	5	0	0	80.0	SETOR SÃO JOSÉ (4) | VILA SÃO JOSÉ (1)			SETOR SÃO JOSÉ (4) | VILA SÃO JOSÉ (1)
74440690	SEGURO	SAO JOSE	SETOR SÃO JOSÉ	1	1	0	0	100.0	SETOR SÃO JOSÉ (1)			SETOR SÃO JOSÉ (1)
74440700	SEGURO	SAO JOSE	SETOR SÃO JOSÉ	3	3	0	0	33.33	SETOR SÃO JOSÉ (1) | Setor São José (1) | VILA SÃO JOSÉ (1)			SETOR SÃO JOSÉ (1) | Setor São José (1) | VILA SÃO JOSÉ (1)
74440710	SEGURO	SAO JOSE	SETOR SÃO JOSÉ	2	2	0	0	50.0	SETOR SÃO JOSÉ (1) | VILA SÃO JOSE (1)			SETOR SÃO JOSÉ (1) | VILA SÃO JOSE (1)
74440730	SEGURO	SAO JOSE	Setor São José	1	1	0	0	100.0	Setor São José (1)			Setor São José (1)
74440735	SEGURO	SAO JOSE	SETOR SÃO JOSÉ	3	3	0	0	66.67	SETOR SÃO JOSÉ (2) | Setor São José (1)			SETOR SÃO JOSÉ (2) | Setor São José (1)
74440740	SEGURO	SAO JOSE	VILA SÃO JOSÉ	1	1	0	0	100.0	VILA SÃO JOSÉ (1)			VILA SÃO JOSÉ (1)
74440810	SEGURO	SAO JOSE	VILA SÃO JOSÉ	2	2	0	0	50.0	VILA SÃO JOSÉ (1) | VILA SAO JOSE (1)			VILA SÃO JOSÉ (1) | VILA SAO JOSE (1)
74440820	SEGURO	SAO JOSE EXTENSAO	Vila são José extensão	1	1	0	0	100.0	Vila são José extensão (1)			Vila são José extensão (1)
74440840	SEGURO	SAO JOSE EXTENSAO	Vila São José Extensão	1	1	0	0	100.0	Vila São José Extensão (1)			Vila São José Extensão (1)
74440920	SEGURO	SAO JOSE	VILA SÃO JOSE	1	1	0	0	100.0	VILA SÃO JOSE (1)			VILA SÃO JOSE (1)
74441010	SEGURO	SAO JOSE	SETOR SÃO JOSE	2	2	0	0	50.0	SETOR SÃO JOSE (1) | VILA SÃO JOSE (1)			SETOR SÃO JOSE (1) | VILA SÃO JOSE (1)
74445010	SEGURO	JOAO VAZ	VILA JOÃO VAZ	15	15	0	0	73.33	VILA JOÃO VAZ (11) | Vila João Vaz (3) | VILA JOAO VAZ (1)			VILA JOÃO VAZ (11) | Vila João Vaz (3) | VILA JOAO VAZ (1)
74445020	SEGURO	JOAO VAZ	VILA JOÃO VAZ	14	14	0	0	85.71	VILA JOÃO VAZ (12) | VILA JOAO VAZ (1) | Vila João Vaz (1)			VILA JOÃO VAZ (12) | VILA JOAO VAZ (1) | Vila João Vaz (1)
74445040	SEGURO	JOAO VAZ	VILA JOÃO VAZ	13	13	0	0	76.92	VILA JOÃO VAZ (10) | Vila João Vaz (2) | VILA JOAO VAZ (1)			VILA JOÃO VAZ (10) | Vila João Vaz (2) | VILA JOAO VAZ (1)
74445050	SEGURO	JOAO VAZ	VILA JOÃO VAZ	10	10	0	0	60.0	VILA JOÃO VAZ (6) | Vila João Vaz (4)			VILA JOÃO VAZ (6) | Vila João Vaz (4)
74445060	SEGURO	JOAO VAZ	VILA JOÃO VAZ	4	4	0	0	100.0	VILA JOÃO VAZ (4)			VILA JOÃO VAZ (4)
74445070	SEGURO	JOAO VAZ	VILA JOAO VAZ	1	1	0	0	100.0	VILA JOAO VAZ (1)			VILA JOAO VAZ (1)
74445090	SEGURO	JOAO VAZ	VILA JOÃO VAZ	26	26	0	0	76.92	VILA JOÃO VAZ (20) | Vila João Vaz (4) | VILA JOAO VAZ (2)			VILA JOÃO VAZ (20) | Vila João Vaz (4) | VILA JOAO VAZ (2)
74445100	SEGURO	JOAO VAZ	VILA JOÃO VAZ	2	2	0	0	100.0	VILA JOÃO VAZ (2)			VILA JOÃO VAZ (2)
74445110	SEGURO	JOAO VAZ	VILA JOÃO VAZ	23	23	0	0	78.26	VILA JOÃO VAZ (18) | Vila João Vaz (5)			VILA JOÃO VAZ (18) | Vila João Vaz (5)
74445120	SEGURO	SANTOS DUMONT	SANTOS DUMONT	2	2	0	0	100.0	SANTOS DUMONT (2)			SANTOS DUMONT (2)
74445130	SEGURO	JOAO VAZ	VILA JOÃO VAZ	3	3	0	0	100.0	VILA JOÃO VAZ (3)			VILA JOÃO VAZ (3)
74445140	SEGURO	JOAO VAZ	VILA JOÃO VAZ	6	6	0	0	66.67	VILA JOÃO VAZ (4) | VILA JOAO VAZ (1) | Vila João Vaz (1)			VILA JOÃO VAZ (4) | VILA JOAO VAZ (1) | Vila João Vaz (1)
74445160	BLOQUEADO	JOAO VAZ	VILA JOÃO VAZ	27	26	0	1	70.37	VILA JOÃO VAZ (19) | Vila João Vaz (5) | VILA JOAO VAZ (2)		CAPUAVA (1) [25.0%]	VILA JOÃO VAZ (19) | Vila João Vaz (5) | VILA JOAO VAZ (2) | CAPUAVA (1)
74445170	SEGURO	JOAO VAZ	VILA JOÃO VAZ	7	7	0	0	57.14	VILA JOÃO VAZ (4) | Vila João Vaz (2) | VILA JOAO VAZ (1)			VILA JOÃO VAZ (4) | Vila João Vaz (2) | VILA JOAO VAZ (1)
74445172	SEGURO	JOAO VAZ	VILA JOÃO VAZ	1	1	0	0	100.0	VILA JOÃO VAZ (1)			VILA JOÃO VAZ (1)
74445180	SEGURO	JOAO VAZ	VILA JOÃO VAZ	2	2	0	0	100.0	VILA JOÃO VAZ (2)			VILA JOÃO VAZ (2)
74445190	REVISAR	JOAO VAZ	VILA JOÃO VAZ	5	4	0	1	80.0	VILA JOÃO VAZ (4)		SETOR NOROESTE (1) [25.0%]	VILA JOÃO VAZ (4) | SETOR NOROESTE (1)
74445200	SEGURO	JOAO VAZ	VILA JOÃO VAZ	3	3	0	0	100.0	VILA JOÃO VAZ (3)			VILA JOÃO VAZ (3)
74445210	SEGURO	JOAO VAZ	VILA JOÃO VAZ	7	7	0	0	57.14	VILA JOÃO VAZ (4) | VILA JOAO VAZ (2) | Vila João Vaz (1)			VILA JOÃO VAZ (4) | VILA JOAO VAZ (2) | Vila João Vaz (1)
74445220	SEGURO	JOAO VAZ	VILA JOÃO VAZ	3	3	0	0	66.67	VILA JOÃO VAZ (2) | VILA JOAO VAZ (1)			VILA JOÃO VAZ (2) | VILA JOAO VAZ (1)
74445230	SEGURO	JOAO VAZ	VILA JOÃO VAZ	18	18	0	0	83.33	VILA JOÃO VAZ (15) | JOÃO VAZ (1) | VILA JOAO VAZ (1) | Vila João Vaz (1)			VILA JOÃO VAZ (15) | JOÃO VAZ (1) | VILA JOAO VAZ (1) | Vila João Vaz (1)
74445240	SEGURO	JOAO VAZ	VILA JOÃO VAZ	8	8	0	0	75.0	VILA JOÃO VAZ (6) | Vila João Vaz (2)			VILA JOÃO VAZ (6) | Vila João Vaz (2)
74445250	SEGURO	JOAO VAZ	VILA JOÃO VAZ	13	13	0	0	92.31	VILA JOÃO VAZ (12) | VILA JOAO VAZ (1)			VILA JOÃO VAZ (12) | VILA JOAO VAZ (1)
74445260	BLOQUEADO	JOAO VAZ	VILA JOÃO VAZ	12	11	0	1	58.33	VILA JOÃO VAZ (7) | VILA JOAO VAZ (2) | Vila João Vaz (2)		CAPUAVA (1) [25.0%]	VILA JOÃO VAZ (7) | VILA JOAO VAZ (2) | Vila João Vaz (2) | CAPUAVA (1)
74445300	BLOQUEADO	CAPUAVA RESIDENCIAL PRIVE	CAPUAVA RESIDENCIAL PRIVE	2	1	0	1	50.0	CAPUAVA RESIDENCIAL PRIVE (1)		RESIDENCIAL PRIVE NORTE (1) [50.0%]	CAPUAVA RESIDENCIAL PRIVE (1) | RESIDENCIAL PRIVE NORTE (1)
74445302	BLOQUEADO	CAPUAVA RESIDENCIAL PRIVE	CAPUAVA RESIDENCIAL PRIVE	12	10	0	2	41.67	CAPUAVA RESIDENCIAL PRIVE (5) | CAPUAVA RESIDENCIAL PRIVÊ (3) | Capuava Residencial Privê (2)		CAPUAVA (2) [33.33%]	CAPUAVA RESIDENCIAL PRIVE (5) | CAPUAVA RESIDENCIAL PRIVÊ (3) | CAPUAVA (2) | Capuava Residencial Privê (2)
74445305	BLOQUEADO	CAPUAVA RESIDENCIAL PRIVE	CAPUAVA RESIDENCIAL PRIVÊ	2	1	0	1	50.0	CAPUAVA RESIDENCIAL PRIVÊ (1)		RESIDENCIAL PRIVE NORTE (1) [50.0%]	CAPUAVA RESIDENCIAL PRIVÊ (1) | RESIDENCIAL PRIVE NORTE (1)
74445360	BLOQUEADO	FAZENDA CAVEIRA	FAZENDA CAVEIRA	2	1	1	0	50.0	FAZENDA CAVEIRA (1)	FAZENDA CAVEIRAS (1) [93.75%]		FAZENDA CAVEIRA (1) | FAZENDA CAVEIRAS (1)
74445485	SEGURO	MUTIRAO	VILA MUTIRÃO	1	1	0	0	100.0	VILA MUTIRÃO (1)			VILA MUTIRÃO (1)
74446827	SEGURO	CANDIDA DE MORAIS	CANDIDA DE MORAIS	1	1	0	0	100.0	CANDIDA DE MORAIS (1)			CANDIDA DE MORAIS (1)
74447085	SEGURO	CAMARGO	JARDIM CAMARGO	1	1	0	0	100.0	JARDIM CAMARGO (1)			JARDIM CAMARGO (1)
74447258	SEGURO	COLORADO	JARDIM COLORADO	2	2	0	0	100.0	JARDIM COLORADO (2)			JARDIM COLORADO (2)
74450010	SEGURO	CAPUAVA	CAPUAVA	2	2	0	0	100.0	CAPUAVA (2)			CAPUAVA (2)
74450020	SEGURO	CAPUAVA	CAPUAVA	10	10	0	0	60.0	CAPUAVA (6) | Capuava (3) | BAIRRO CAPUAVA (1)			CAPUAVA (6) | Capuava (3) | BAIRRO CAPUAVA (1)
74450030	SEGURO	CAPUAVA	Capuava	3	3	0	0	100.0	Capuava (3)			Capuava (3)
74450040	SEGURO	CAPUAVA	Capuava	2	2	0	0	50.0	Capuava (1) | CAPUAVA (1)			Capuava (1) | CAPUAVA (1)
74450050	SEGURO	CAPUAVA	CAPUAVA	2	2	0	0	50.0	CAPUAVA (1) | Capuava (1)			CAPUAVA (1) | Capuava (1)
74450060	SEGURO	CAPUAVA	CAPUAVA	1	1	0	0	100.0	CAPUAVA (1)			CAPUAVA (1)
74450070	SEGURO	CAPUAVA	CAPUAVA	4	4	0	0	50.0	CAPUAVA (2) | Capuava (2)			CAPUAVA (2) | Capuava (2)
74450090	SEGURO	CAPUAVA	CAPUAVA	1	1	0	0	100.0	CAPUAVA (1)			CAPUAVA (1)
74450100	SEGURO	CAPUAVA	CAPUAVA	12	12	0	0	50.0	CAPUAVA (6) | BAIRRO CAPUAVA (3) | Capuava (3)			CAPUAVA (6) | BAIRRO CAPUAVA (3) | Capuava (3)
74450110	SEGURO	CAPUAVA	CAPUAVA	8	8	0	0	75.0	CAPUAVA (6) | Capuava (2)			CAPUAVA (6) | Capuava (2)
74450120	SEGURO	CAPUAVA	BAIRRO CAPUAVA	1	1	0	0	100.0	BAIRRO CAPUAVA (1)			BAIRRO CAPUAVA (1)
74450130	SEGURO	CAPUAVA	CAPUAVA	1	1	0	0	100.0	CAPUAVA (1)			CAPUAVA (1)
74450150	SEGURO	CAPUAVA	CAPUAVA	4	4	0	0	100.0	CAPUAVA (4)			CAPUAVA (4)
74450170	BLOQUEADO	CAPUAVA	CAPUAVA	19	18	0	1	73.68	CAPUAVA (14) | Capuava (4)		CANDIDA DE MORAES. (1) [22.22%]	CAPUAVA (14) | Capuava (4) | CANDIDA DE MORAES. (1)
74450180	SEGURO	CAPUAVA	CAPUAVA	15	15	0	0	60.0	CAPUAVA (9) | Capuava (5) | BAIRRO CAPUAVA (1)			CAPUAVA (9) | Capuava (5) | BAIRRO CAPUAVA (1)
74450200	SEGURO	CAPUAVA	CAPUAVA	2	2	0	0	50.0	CAPUAVA (1) | Capuava (1)			CAPUAVA (1) | Capuava (1)
74450210	SEGURO	CAPUAVA	CAPUAVA	4	4	0	0	50.0	CAPUAVA (2) | Capuava (2)			CAPUAVA (2) | Capuava (2)
74450230	SEGURO	CAPUAVA	CAPUAVA	5	5	0	0	100.0	CAPUAVA (5)			CAPUAVA (5)
74450240	SEGURO	CAPUAVA	CAPUAVA	1	1	0	0	100.0	CAPUAVA (1)			CAPUAVA (1)
74450260	SEGURO	CAPUAVA	CAPUAVA	4	4	0	0	75.0	CAPUAVA (3) | Capuava (1)			CAPUAVA (3) | Capuava (1)
74450290	SEGURO	CAPUAVA	Capuava	1	1	0	0	100.0	Capuava (1)			Capuava (1)
74450300	BLOQUEADO	CAPUAVA	CAPUAVA	4	2	0	2	50.0	CAPUAVA (2)		JARDIM GRAMADO (1) [14.29%] | SETOR PERIM (1) [14.29%]	CAPUAVA (2) | JARDIM GRAMADO (1) | SETOR PERIM (1)
74450310	SEGURO	CAPUAVA	CAPUAVA	1	1	0	0	100.0	CAPUAVA (1)			CAPUAVA (1)
74450330	SEGURO	CAPUAVA	BAIRRO CAPUAVA	3	3	0	0	33.33	BAIRRO CAPUAVA (1) | CAPUAVA (1) | Capuava (1)			BAIRRO CAPUAVA (1) | CAPUAVA (1) | Capuava (1)
74450340	SEGURO	CAPUAVA	CAPUAVA	4	4	0	0	75.0	CAPUAVA (3) | Capuava (1)			CAPUAVA (3) | Capuava (1)
74450360	SEGURO	CAPUAVA	Capuava	1	1	0	0	100.0	Capuava (1)			Capuava (1)
74450370	SEGURO	CAPUAVA	CAPUAVA	1	1	0	0	100.0	CAPUAVA (1)			CAPUAVA (1)
74450380	SEGURO	CAPUAVA	CAPUAVA	2	2	0	0	50.0	CAPUAVA (1) | Capuava (1)			CAPUAVA (1) | Capuava (1)
74450390	SEGURO	CAPUAVA	CAPUAVA	20	20	0	0	70.0	CAPUAVA (14) | Capuava (4) | BAIRRO CAPUAVA (2)			CAPUAVA (14) | Capuava (4) | BAIRRO CAPUAVA (2)
74450400	SEGURO	CAPUAVA	CAPUAVA	31	31	0	0	74.19	CAPUAVA (23) | BAIRRO CAPUAVA (4) | Capuava (4)			CAPUAVA (23) | BAIRRO CAPUAVA (4) | Capuava (4)
74450420	SEGURO	CAPUAVA	CAPUAVA	3	3	0	0	66.67	CAPUAVA (2) | Capuava (1)			CAPUAVA (2) | Capuava (1)
74450440	SEGURO	CAPUAVA	CAPUAVA	6	6	0	0	50.0	CAPUAVA (3) | BAIRRO CAPUAVA (2) | Capuava (1)			CAPUAVA (3) | BAIRRO CAPUAVA (2) | Capuava (1)
74450450	SEGURO	CAPUAVA	CAPUAVA	4	4	0	0	50.0	CAPUAVA (2) | Capuava (2)			CAPUAVA (2) | Capuava (2)
74450460	SEGURO	CAPUAVA	CAPUAVA	2	2	0	0	100.0	CAPUAVA (2)			CAPUAVA (2)
74450470	BLOQUEADO	CAPUAVA	CAPUAVA	6	5	0	1	50.0	CAPUAVA (3) | Capuava (2)		MARABA (1) [42.86%]	CAPUAVA (3) | Capuava (2) | MARABA (1)
74450490	SEGURO	CAPUAVA	CAPUAVA	26	26	0	0	80.77	CAPUAVA (21) | BAIRRO CAPUAVA (2) | Capuava (2) | SETOR CAPUAVA (1)			CAPUAVA (21) | BAIRRO CAPUAVA (2) | Capuava (2) | SETOR CAPUAVA (1)
74450550	SEGURO	CURITIBA IV	JARDIM CURITIBA IV	1	1	0	0	100.0	JARDIM CURITIBA IV (1)			JARDIM CURITIBA IV (1)
74451150	SEGURO	RESIDENCIAL 14 BIS	RESIDENCIAL 14 BIS	1	1	0	0	100.0	RESIDENCIAL 14 BIS (1)			RESIDENCIAL 14 BIS (1)
74453170	SEGURO	JOAO VAZ	VILA JOAO VAZ	1	1	0	0	100.0	VILA JOAO VAZ (1)			VILA JOAO VAZ (1)
74453460	SEGURO	REGINA	VILA REGINA	2	2	0	0	100.0	VILA REGINA (2)			VILA REGINA (2)
74453470	SEGURO	REGINA	VILA REGINA	4	4	0	0	75.0	VILA REGINA (3) | Vila Regina (1)			VILA REGINA (3) | Vila Regina (1)
74453490	SEGURO	REGINA	VILA REGINA	1	1	0	0	100.0	VILA REGINA (1)			VILA REGINA (1)
74453500	SEGURO	REGINA	VILA REGINA	4	4	0	0	75.0	VILA REGINA (3) | Vila Regina (1)			VILA REGINA (3) | Vila Regina (1)
74453540	SEGURO	REGINA	VILA REGINA	17	17	0	0	70.59	VILA REGINA (12) | Vila Regina (4) | Vila regina (1)			VILA REGINA (12) | Vila Regina (4) | Vila regina (1)
74453560	BLOQUEADO	REGINA	VILA REGINA	13	12	1	0	69.23	VILA REGINA (9) | Vila Regina (3)	SETOR VILA REGINA (1) [100.0%]		VILA REGINA (9) | Vila Regina (3) | SETOR VILA REGINA (1)
74453570	SEGURO	REGINA	Vila Regina	8	8	0	0	50.0	Vila Regina (4) | VILA REGINA (4)			Vila Regina (4) | VILA REGINA (4)
74453580	SEGURO	REGINA	VILA REGINA	7	7	0	0	85.71	VILA REGINA (6) | Vila Regina (1)			VILA REGINA (6) | Vila Regina (1)
74453590	SEGURO	REGINA	VILA REGINA	7	7	0	0	85.71	VILA REGINA (6) | Vila Regina (1)			VILA REGINA (6) | Vila Regina (1)
74453600	SEGURO	REGINA	VILA REGINA	8	8	0	0	50.0	VILA REGINA (4) | Vila Regina (4)			VILA REGINA (4) | Vila Regina (4)
74453610	SEGURO	REGINA	VILA REGINA	14	14	0	0	92.86	VILA REGINA (13) | Vila Regina (1)			VILA REGINA (13) | Vila Regina (1)
74453620	SEGURO	REGINA	Vila Regina	5	5	0	0	60.0	Vila Regina (3) | VILA REGINA (2)			Vila Regina (3) | VILA REGINA (2)
74453625	SEGURO	REGINA	VILA REGINA	2	2	0	0	100.0	VILA REGINA (2)			VILA REGINA (2)
74453650	SEGURO	REGINA	VILA REGINA	8	8	0	0	62.5	VILA REGINA (5) | Vila Regina (3)			VILA REGINA (5) | Vila Regina (3)
74454250	SEGURO	NOVA ESPERANCA	NOVA ESPERANÇA	1	1	0	0	100.0	NOVA ESPERANÇA (1)			NOVA ESPERANÇA (1)
74455070	SEGURO	NOVA ESPERANCA	JARDIM NOVA ESPERANÇA	6	6	0	0	83.33	JARDIM NOVA ESPERANÇA (5) | NOVA ESPERANÇA (1)			JARDIM NOVA ESPERANÇA (5) | NOVA ESPERANÇA (1)
74455130	SEGURO	JOAO VAZ	VILA JOÃO VAZ	1	1	0	0	100.0	VILA JOÃO VAZ (1)			VILA JOÃO VAZ (1)
74455530	SEGURO	LIBERDADE	JARDIM LIBERDADE	1	1	0	0	100.0	JARDIM LIBERDADE (1)			JARDIM LIBERDADE (1)
74455535	SEGURO	NOVO MUNDO	NOVO MUNDO	1	1	0	0	100.0	NOVO MUNDO (1)			NOVO MUNDO (1)
74456290	SEGURO	NOVA ESPERANCA	JARDIM NOVA ESPERANÇA	1	1	0	0	100.0	JARDIM NOVA ESPERANÇA (1)			JARDIM NOVA ESPERANÇA (1)
74460010	SEGURO	PETROPOLIS	JARDIM PETRÓPOLIS	7	7	0	0	42.86	JARDIM PETRÓPOLIS (3) | JARDIM PETROPOLIS (3) | Jardim Petrópolis (1)			JARDIM PETRÓPOLIS (3) | JARDIM PETROPOLIS (3) | Jardim Petrópolis (1)
74460020	BLOQUEADO	PETROPOLIS	JARDIM PETRÓPOLIS	23	22	1	0	52.17	JARDIM PETRÓPOLIS (12) | JARDIM PETROPOLIS (7) | Jardim Petrópolis (3)	JARDIM PETROPLIS (1) [90.0%]		JARDIM PETRÓPOLIS (12) | JARDIM PETROPOLIS (7) | Jardim Petrópolis (3) | JARDIM PETROPLIS (1)
74460030	SEGURO	PETROPOLIS	Jardim Petrópolis	2	2	0	0	100.0	Jardim Petrópolis (2)			Jardim Petrópolis (2)
74460035	SEGURO	PETROPOLIS	Jardim Petrópolis	1	1	0	0	100.0	Jardim Petrópolis (1)			Jardim Petrópolis (1)
74460040	SEGURO	PETROPOLIS	JARDIM PETRÓPOLIS	3	3	0	0	100.0	JARDIM PETRÓPOLIS (3)			JARDIM PETRÓPOLIS (3)
74460050	SEGURO	PETROPOLIS	JARDIM PETRÓPOLIS	10	10	0	0	60.0	JARDIM PETRÓPOLIS (6) | JARDIM PETROPOLIS (2) | Jardim Petrópolis (2)			JARDIM PETRÓPOLIS (6) | JARDIM PETROPOLIS (2) | Jardim Petrópolis (2)
74460060	SEGURO	PETROPOLIS	JARDIM PETRÓPOLIS	8	8	0	0	50.0	JARDIM PETRÓPOLIS (4) | JARDIM PETROPOLIS (3) | Jardim Petrópolis (1)			JARDIM PETRÓPOLIS (4) | JARDIM PETROPOLIS (3) | Jardim Petrópolis (1)
74460070	SEGURO	PETROPOLIS	JARDIM PETRÓPOLIS	3	3	0	0	66.67	JARDIM PETRÓPOLIS (2) | JARDIM PETROPOLIS (1)			JARDIM PETRÓPOLIS (2) | JARDIM PETROPOLIS (1)
74460080	SEGURO	PETROPOLIS	JARDIM PETRÓPOLIS	3	3	0	0	66.67	JARDIM PETRÓPOLIS (2) | Jardim Petrópolis (1)			JARDIM PETRÓPOLIS (2) | Jardim Petrópolis (1)
74460090	SEGURO	PETROPOLIS	JARDIM PETROPOLIS	1	1	0	0	100.0	JARDIM PETROPOLIS (1)			JARDIM PETROPOLIS (1)
74460100	SEGURO	PETROPOLIS	JARDIM PETRÓPOLIS	1	1	0	0	100.0	JARDIM PETRÓPOLIS (1)			JARDIM PETRÓPOLIS (1)
74460110	BLOQUEADO	LIBERDADE	JARDIM LIBERDADE	2	1	0	1	50.0	JARDIM LIBERDADE (1)		Jardim Petrópolis (1) [0.0%]	JARDIM LIBERDADE (1) | Jardim Petrópolis (1)
74460120	SEGURO	PETROPOLIS	JARDIM PETROPOLIS	3	3	0	0	33.33	JARDIM PETROPOLIS (1) | JARDIM PETRÓPOLIS (1) | Jardim Petrópolis (1)			JARDIM PETROPOLIS (1) | JARDIM PETRÓPOLIS (1) | Jardim Petrópolis (1)
74460130	SEGURO	PETROPOLIS	JARDIM PETRÓPOLIS	3	3	0	0	66.67	JARDIM PETRÓPOLIS (2) | Jardim Petrópolis (1)			JARDIM PETRÓPOLIS (2) | Jardim Petrópolis (1)
74460170	SEGURO	NOVO MUNDO	JARDIM NOVO MUNDO	1	1	0	0	100.0	JARDIM NOVO MUNDO (1)			JARDIM NOVO MUNDO (1)
74460180	SEGURO	MUTIRAO	VILA MUTIRAO	1	1	0	0	100.0	VILA MUTIRAO (1)			VILA MUTIRAO (1)
74460390	SEGURO	PETROPOLIS	JARDIM PETRÓPOLIS	1	1	0	0	100.0	JARDIM PETRÓPOLIS (1)			JARDIM PETRÓPOLIS (1)
74460440	SEGURO	PETROPOLIS	JARDIM PETRÓPOLIS	2	2	0	0	50.0	JARDIM PETRÓPOLIS (1) | Jardim Petrópolis (1)			JARDIM PETRÓPOLIS (1) | Jardim Petrópolis (1)
74460445	SEGURO	PETROPOLIS	JARDIM PETRÓPOLIS	1	1	0	0	100.0	JARDIM PETRÓPOLIS (1)			JARDIM PETRÓPOLIS (1)
74460450	SEGURO	PETROPOLIS	JARDIM PETRÓPOLIS	2	2	0	0	50.0	JARDIM PETRÓPOLIS (1) | Jardim Petrópolis (1)			JARDIM PETRÓPOLIS (1) | Jardim Petrópolis (1)
74460460	SEGURO	PETROPOLIS	JARDIM PETRÓPOLIS	1	1	0	0	100.0	JARDIM PETRÓPOLIS (1)			JARDIM PETRÓPOLIS (1)
74460470	SEGURO	PETROPOLIS	JARDIM PETROPOLIS	1	1	0	0	100.0	JARDIM PETROPOLIS (1)			JARDIM PETROPOLIS (1)
74460500	BLOQUEADO	PETROPOLIS	JARDIM PETRÓPOLIS	7	5	0	2	42.86	JARDIM PETRÓPOLIS (3) | JARDIM PETROPOLIS (1) | Jardim Petrópolis (1)		Vila Regina (1) [10.0%] | VILA REGINA (1) [10.0%]	JARDIM PETRÓPOLIS (3) | JARDIM PETROPOLIS (1) | Jardim Petrópolis (1) | Vila Regina (1) | VILA REGINA (1)
74460570	SEGURO	CURITIBA IV	JARDIM CURITIBA IV	1	1	0	0	100.0	JARDIM CURITIBA IV (1)			JARDIM CURITIBA IV (1)
74460630	SEGURO	PETROPOLIS	JARDIM PETROPOLIS	3	3	0	0	66.67	JARDIM PETROPOLIS (2) | JARDIM PETRÓPOLIS (1)			JARDIM PETROPOLIS (2) | JARDIM PETRÓPOLIS (1)
74460780	SEGURO	RESIDENCIAL PETROPOLIS	Residencial Petrópolis	1	1	0	0	100.0	Residencial Petrópolis (1)			Residencial Petrópolis (1)
74460970	BLOQUEADO	MORADA DO SOL	SETOR MORADA DO SOL	3	1	0	2	33.33	SETOR MORADA DO SOL (1)		VALE DOS CARAIBAS (1) [17.65%] | VILA FINSOCIAL (1) [15.38%]	SETOR MORADA DO SOL (1) | VALE DOS CARAIBAS (1) | VILA FINSOCIAL (1)
74461120	SEGURO	CONDOMINIO DO LAGO	CONDOMÍNIO DO LAGO	1	1	0	0	100.0	CONDOMÍNIO DO LAGO (1)			CONDOMÍNIO DO LAGO (1)
74461200	SEGURO	CLARISSA	JARDIM CLARISSA	1	1	0	0	100.0	JARDIM CLARISSA (1)			JARDIM CLARISSA (1)
74461205	SEGURO	CLARISSA	JARDIM CLARISSA	2	2	0	0	100.0	JARDIM CLARISSA (2)			JARDIM CLARISSA (2)
74461210	SEGURO	CLARISSA	JARDIM CLARISSA	1	1	0	0	100.0	JARDIM CLARISSA (1)			JARDIM CLARISSA (1)
74461215	SEGURO	CLARISSA	JARDIM CLARISSA	4	4	0	0	75.0	JARDIM CLARISSA (3) | Jardim Clarissa (1)			JARDIM CLARISSA (3) | Jardim Clarissa (1)
74461220	SEGURO	CLARISSA	JARDIM CLARISSA	4	4	0	0	75.0	JARDIM CLARISSA (3) | Jardim Clarissa (1)			JARDIM CLARISSA (3) | Jardim Clarissa (1)
74461225	SEGURO	CLARISSA	JARDIM CLARISSA	4	4	0	0	100.0	JARDIM CLARISSA (4)			JARDIM CLARISSA (4)
74461230	SEGURO	CLARISSA	Jardim Clarissa	5	5	0	0	60.0	Jardim Clarissa (3) | JARDIM CLARISSA (2)			Jardim Clarissa (3) | JARDIM CLARISSA (2)
74461240	SEGURO	CLARISSA	JARDIM CLARISSA	1	1	0	0	100.0	JARDIM CLARISSA (1)			JARDIM CLARISSA (1)
74461245	SEGURO	CLARISSA	JARDIM CLARISSA	2	2	0	0	100.0	JARDIM CLARISSA (2)			JARDIM CLARISSA (2)
74461250	SEGURO	CLARISSA	JARDIM CLARISSA	7	7	0	0	85.71	JARDIM CLARISSA (6) | Jardim Clarissa (1)			JARDIM CLARISSA (6) | Jardim Clarissa (1)
74461265	SEGURO	CLARISSA	JARDIM CLARISSA	9	9	0	0	66.67	JARDIM CLARISSA (6) | Jardim Clarissa (3)			JARDIM CLARISSA (6) | Jardim Clarissa (3)
74461290	SEGURO	CLARISSA	JARDIM CLARISSA	3	3	0	0	66.67	JARDIM CLARISSA (2) | Jardim Clarissa (1)			JARDIM CLARISSA (2) | Jardim Clarissa (1)
74461295	SEGURO	CLARISSA	JARDIM CLARISSA	5	5	0	0	60.0	JARDIM CLARISSA (3) | Jardim Clarissa (2)			JARDIM CLARISSA (3) | Jardim Clarissa (2)
74461310	SEGURO	CLARISSA	JARDIM CLARISSA	4	4	0	0	75.0	JARDIM CLARISSA (3) | Jardim Clarissa (1)			JARDIM CLARISSA (3) | Jardim Clarissa (1)
74461315	SEGURO	CLARISSA	JARDIM CLARISSA	2	2	0	0	50.0	JARDIM CLARISSA (1) | Jardim Clarissa (1)			JARDIM CLARISSA (1) | Jardim Clarissa (1)
74461650	SEGURO	SANTOS DUMONT	SANTOS DUMONT	1	1	0	0	100.0	SANTOS DUMONT (1)			SANTOS DUMONT (1)
74461715	SEGURO	MANSOES PARAISO	MANSÕES PARAISO	1	1	0	0	100.0	MANSÕES PARAISO (1)			MANSÕES PARAISO (1)
74462060	SEGURO	PETROPOLIS	JARDIM PETROPOLIS	1	1	0	0	100.0	JARDIM PETROPOLIS (1)			JARDIM PETROPOLIS (1)
74462760	SEGURO	SANTOS DUMONT	SANTOS DUMONT	1	1	0	0	100.0	SANTOS DUMONT (1)			SANTOS DUMONT (1)
74463015	SEGURO	SANTOS DUMONT	SANTOS DUMONT	2	2	0	0	50.0	SANTOS DUMONT (1) | SETOR SANTOS DUMONT (1)			SANTOS DUMONT (1) | SETOR SANTOS DUMONT (1)
74463023	SEGURO	INDUSTRIAL PAULISTA	PARQUE INDUSTRIAL PAULISTA	3	3	0	0	100.0	PARQUE INDUSTRIAL PAULISTA (3)			PARQUE INDUSTRIAL PAULISTA (3)
74463025	SEGURO	CAPUAVA	CAPUAVA	1	1	0	0	100.0	CAPUAVA (1)			CAPUAVA (1)
74463030	BLOQUEADO	INDUSTRIAL PAULISTA	PARQUE INDUSTRIAL PAULISTA	2	1	0	1	50.0	PARQUE INDUSTRIAL PAULISTA (1)		SANTOS DUMONT (1) [21.05%]	PARQUE INDUSTRIAL PAULISTA (1) | SANTOS DUMONT (1)
74463060	SEGURO	INDUSTRIAL PAULISTA	PARQUE INDUSTRIAL PAULISTA	1	1	0	0	100.0	PARQUE INDUSTRIAL PAULISTA (1)			PARQUE INDUSTRIAL PAULISTA (1)
74463065	SEGURO	REGINA	VILA REGINA	1	1	0	0	100.0	VILA REGINA (1)			VILA REGINA (1)
74463075	SEGURO	INDUSTRIAL PAULISTA	Parque Industrial Paulista	1	1	0	0	100.0	Parque Industrial Paulista (1)			Parque Industrial Paulista (1)
74463080	SEGURO	SANTOS DUMONT	SANTOS DUMONT	1	1	0	0	100.0	SANTOS DUMONT (1)			SANTOS DUMONT (1)
74463100	BLOQUEADO	INDUSTRIAL PAULISTA	PARQUE INDUSTRIAL PAULISTA	8	7	0	1	62.5	PARQUE INDUSTRIAL PAULISTA (5) | Parque Industrial Paulista (2)		PARQUE INDUSTRIAL (1) [52.63%]	PARQUE INDUSTRIAL PAULISTA (5) | Parque Industrial Paulista (2) | PARQUE INDUSTRIAL (1)
74463150	BLOQUEADO	CANDIDA DE MORAIS	SETOR CÂNDIDA DE MORAIS	11	7	3	1	63.64	SETOR CÂNDIDA DE MORAIS (7)	CANDIDA DE MORAES (3) [94.12%]	CONDOMÍNIO MARESIA , RESIDENCIAL ITAMARACÁ (1) [28.57%]	SETOR CÂNDIDA DE MORAIS (7) | CANDIDA DE MORAES (3) | CONDOMÍNIO MARESIA , RESIDENCIAL ITAMARACÁ (1)
74463160	BLOQUEADO	CANDIDA DE MORAIS	SETOR CÂNDIDA DE MORAIS	6	4	2	0	66.67	SETOR CÂNDIDA DE MORAIS (4)	CANDIDA DE MORAES (2) [94.12%]		SETOR CÂNDIDA DE MORAIS (4) | CANDIDA DE MORAES (2)
74463165	BLOQUEADO	CANDIDA DE MORAIS	SETOR CÂNDIDA DE MORAIS	19	12	5	2	42.11	SETOR CÂNDIDA DE MORAIS (8) | Setor Cândida de Morais (4)	CANDIDA DE MORAES (3) [94.12%] | CÂNDIDA DE MORAES (1) [94.12%] | CÂNDIDAS DE MORAIS (1) [94.44%]	SETOR SANTOS DUMONT (2) [35.29%]	SETOR CÂNDIDA DE MORAIS (8) | Setor Cândida de Morais (4) | CANDIDA DE MORAES (3) | SETOR SANTOS DUMONT (2) | CÂNDIDA DE MORAES (1) | CÂNDIDAS DE MORAIS (1)
74463170	BLOQUEADO	CANDIDA DE MORAES	CANDIDA DE MORAES	18	10	8	0	55.56	CANDIDA DE MORAES (10)	SETOR CÂNDIDA DE MORAIS (6) [94.12%] | CÂNDIDA DE MORAIS (1) [94.12%] | Setor Cândida de Morais (1) [94.12%]		CANDIDA DE MORAES (10) | SETOR CÂNDIDA DE MORAIS (6) | CÂNDIDA DE MORAIS (1) | Setor Cândida de Morais (1)
74463180	SEGURO	CANDIDA DE MORAIS	SETOR CÂNDIDA DE MORAIS	7	7	0	0	100.0	SETOR CÂNDIDA DE MORAIS (7)			SETOR CÂNDIDA DE MORAIS (7)
74463190	BLOQUEADO	CANDIDA DE MORAIS	SETOR CÂNDIDA DE MORAIS	14	12	2	0	50.0	SETOR CÂNDIDA DE MORAIS (7) | Setor Cândida de Morais (4) | CANDIDA DE MORAIS (1)	CANDIDA DE MORAES (2) [94.12%]		SETOR CÂNDIDA DE MORAIS (7) | Setor Cândida de Morais (4) | CANDIDA DE MORAES (2) | CANDIDA DE MORAIS (1)
74463200	BLOQUEADO	CANDIDA DE MORAIS	SETOR CÂNDIDA DE MORAIS	44	31	12	1	47.73	SETOR CÂNDIDA DE MORAIS (21) | Setor Cândida de Morais (8) | CANDIDA DE MORAIS (1) | SETOR CANDIDA DE MORAIS (1)	CANDIDA DE MORAES (11) [94.12%] | SETOR CANDIDADE MORAES (1) [88.24%]	JARDIM NOVA ESPERANÇA (1) [29.41%]	SETOR CÂNDIDA DE MORAIS (21) | CANDIDA DE MORAES (11) | Setor Cândida de Morais (8) | CANDIDA DE MORAIS (1) | JARDIM NOVA ESPERANÇA (1) | SETOR CANDIDA DE MORAIS (1) | SETOR CANDIDADE MORAES (1)
74463210	BLOQUEADO	CANDIDA DE MORAIS	SETOR CÂNDIDA DE MORAIS	22	14	7	1	50.0	SETOR CÂNDIDA DE MORAIS (11) | Setor Cândida de Morais (3)	CANDIDA DE MORAES (7) [94.12%]	CENTRO (1) [17.65%]	SETOR CÂNDIDA DE MORAIS (11) | CANDIDA DE MORAES (7) | Setor Cândida de Morais (3) | CENTRO (1)
74463220	BLOQUEADO	CANDIDA DE MORAES	CANDIDA DE MORAES	29	13	16	0	44.83	CANDIDA DE MORAES (13)	SETOR CÂNDIDA DE MORAIS (11) [94.12%] | Setor Cândida de Morais (5) [94.12%]		CANDIDA DE MORAES (13) | SETOR CÂNDIDA DE MORAIS (11) | Setor Cândida de Morais (5)
74463230	BLOQUEADO	CANDIDA DE MORAIS	SETOR CÂNDIDA DE MORAIS	20	13	7	0	50.0	SETOR CÂNDIDA DE MORAIS (10) | Setor Cândida de Morais (3)	CANDIDA DE MORAES (7) [94.12%]		SETOR CÂNDIDA DE MORAIS (10) | CANDIDA DE MORAES (7) | Setor Cândida de Morais (3)
74463240	BLOQUEADO	CANDIDA DE MORAES	CANDIDA DE MORAES	22	11	10	1	50.0	CANDIDA DE MORAES (11)	SETOR CÂNDIDA DE MORAIS (6) [94.12%] | Setor Cândida de Morais (4) [94.12%]	JARDIM NOVA ESPERANÇA (1) [29.41%]	CANDIDA DE MORAES (11) | SETOR CÂNDIDA DE MORAIS (6) | Setor Cândida de Morais (4) | JARDIM NOVA ESPERANÇA (1)
74463250	BLOQUEADO	CANDIDA DE MORAIS	SETOR CÂNDIDA DE MORAIS	8	5	3	0	62.5	SETOR CÂNDIDA DE MORAIS (5)	CANDIDA DE MORAES (3) [94.12%]		SETOR CÂNDIDA DE MORAIS (5) | CANDIDA DE MORAES (3)
74463260	BLOQUEADO	CANDIDA DE MORAIS	SETOR CÂNDIDA DE MORAIS	23	16	7	0	60.87	SETOR CÂNDIDA DE MORAIS (14) | CANDIDA DE MORAIS (1) | Setor Cândida de Morais (1)	CANDIDA DE MORAES (7) [94.12%]		SETOR CÂNDIDA DE MORAIS (14) | CANDIDA DE MORAES (7) | CANDIDA DE MORAIS (1) | Setor Cândida de Morais (1)
74463270	BLOQUEADO	CANDIDA DE MORAIS	SETOR CÂNDIDA DE MORAIS	6	3	2	1	50.0	SETOR CÂNDIDA DE MORAIS (3)	CANDIDA DE MORAES (2) [94.12%]	SANTOS DUMONT (1) [35.29%]	SETOR CÂNDIDA DE MORAIS (3) | CANDIDA DE MORAES (2) | SANTOS DUMONT (1)
74463280	REVISAR	CANDIDA DE MORAES	CANDIDA DE MORAES	292	266	23	3	90.75	CANDIDA DE MORAES (265) | SETOR CANDIDA DE MORAES (1)	SETOR CÂNDIDA DE MORAIS (17) [94.12%] | Setor Cândida de Morais (5) [94.12%] | CANDIDO DE MORAES (1) [94.12%]	JARDIM NOVA ESPERANÇA (3) [29.41%]	CANDIDA DE MORAES (265) | SETOR CÂNDIDA DE MORAIS (17) | Setor Cândida de Morais (5) | JARDIM NOVA ESPERANÇA (3) | CANDIDO DE MORAES (1) | SETOR CANDIDA DE MORAES (1)
74463290	BLOQUEADO	CANDIDA DE MORAIS	SETOR CÂNDIDA DE MORAIS	4	2	1	1	50.0	SETOR CÂNDIDA DE MORAIS (2)	CANDIDA DE MORAES (1) [94.12%]	CAPUAVA (1) [23.53%]	SETOR CÂNDIDA DE MORAIS (2) | CANDIDA DE MORAES (1) | CAPUAVA (1)
74463310	SEGURO	CANDIDA DE MORAIS	SETOR CÂNDIDA DE MORAIS	1	1	0	0	100.0	SETOR CÂNDIDA DE MORAIS (1)			SETOR CÂNDIDA DE MORAIS (1)
74463317	BLOQUEADO	CAPUAVA	CAPUAVA	2	1	0	1	50.0	CAPUAVA (1)		Setor Cândida de Morais (1) [23.53%]	CAPUAVA (1) | Setor Cândida de Morais (1)
74463320	BLOQUEADO	CANDIDA DE MORAIS	SETOR CÂNDIDA DE MORAIS	15	13	2	0	73.33	SETOR CÂNDIDA DE MORAIS (11) | Setor Cândida de Morais (2)	CANDIDA DE MORAES (2) [94.12%]		SETOR CÂNDIDA DE MORAIS (11) | CANDIDA DE MORAES (2) | Setor Cândida de Morais (2)
74463330	BLOQUEADO	CANDIDA DE MORAIS	SETOR CÂNDIDA DE MORAIS	16	10	6	0	50.0	SETOR CÂNDIDA DE MORAIS (8) | CÂNDIDA DE MORAIS (1) | Setor Cândida de Morais (1)	CANDIDA DE MORAES (5) [94.12%] | SETOR CANDIDA DE MORAES (1) [94.12%]		SETOR CÂNDIDA DE MORAIS (8) | CANDIDA DE MORAES (5) | CÂNDIDA DE MORAIS (1) | SETOR CANDIDA DE MORAES (1) | Setor Cândida de Morais (1)
74463335	SEGURO	CANDIDA DE MORAIS	SETOR CÂNDIDA DE MORAIS	1	1	0	0	100.0	SETOR CÂNDIDA DE MORAIS (1)			SETOR CÂNDIDA DE MORAIS (1)
74463338	SEGURO	CANDIDA DE MORAES	CANDIDA DE MORAES	1	1	0	0	100.0	CANDIDA DE MORAES (1)			CANDIDA DE MORAES (1)
74463340	BLOQUEADO	SANTOS DUMONT	SETOR SANTOS DUMONT	16	12	0	4	37.5	SETOR SANTOS DUMONT (6) | SANTOS DUMONT (5) | Setor Santos Dumont (1)		CANDIDA DE MORAES (4) [35.29%]	SETOR SANTOS DUMONT (6) | SANTOS DUMONT (5) | CANDIDA DE MORAES (4) | Setor Santos Dumont (1)
74463348	SEGURO	SANTOS DUMONT	SETOR SANTOS DUMONT	1	1	0	0	100.0	SETOR SANTOS DUMONT (1)			SETOR SANTOS DUMONT (1)
74463350	SEGURO	SANTOS DUMONT	SANTOS DUMONT	2	2	0	0	50.0	SANTOS DUMONT (1) | SETOR SANTOS DUMONT (1)			SANTOS DUMONT (1) | SETOR SANTOS DUMONT (1)
74463360	SEGURO	SANTOS DUMONT	SANTOS DUMONT	5	5	0	0	40.0	SANTOS DUMONT (2) | SETOR SANTOS DUMONT (2) | Setor Santos Dumont (1)			SANTOS DUMONT (2) | SETOR SANTOS DUMONT (2) | Setor Santos Dumont (1)
74463370	SEGURO	SANTOS DUMONT	SANTOS DUMONT	4	4	0	0	50.0	SANTOS DUMONT (2) | SETOR SANTOS DUMONT (2)			SANTOS DUMONT (2) | SETOR SANTOS DUMONT (2)
74463375	BLOQUEADO	CANDIDA DE MORAES	CANDIDA DE MORAES	2	1	0	1	50.0	CANDIDA DE MORAES (1)		SETOR SANTOS DUMONT (1) [35.29%]	CANDIDA DE MORAES (1) | SETOR SANTOS DUMONT (1)
74463380	BLOQUEADO	SANTOS DUMONT	SANTOS DUMONT	24	23	0	1	45.83	SANTOS DUMONT (11) | SETOR SANTOS DUMONT (8) | Setor Santos Dumont (4)		JARDIM NOVA ESPERANCA (1) [7.14%]	SANTOS DUMONT (11) | SETOR SANTOS DUMONT (8) | Setor Santos Dumont (4) | JARDIM NOVA ESPERANCA (1)
74463400	SEGURO	SANTOS DUMONT	SETOR SANTOS DUMONT	9	9	0	0	66.67	SETOR SANTOS DUMONT (6) | Setor Santos Dumont (2) | SANTOS DUMONT (1)			SETOR SANTOS DUMONT (6) | Setor Santos Dumont (2) | SANTOS DUMONT (1)
74463410	SEGURO	SANTOS DUMONT	SETOR SANTOS DUMONT	2	2	0	0	100.0	SETOR SANTOS DUMONT (2)			SETOR SANTOS DUMONT (2)
74463414	SEGURO	CANDIDA DE MORAES	CANDIDA DE MORAES	1	1	0	0	100.0	CANDIDA DE MORAES (1)			CANDIDA DE MORAES (1)
74463430	SEGURO	SANTOS DUMONT	SETOR SANTOS DUMONT	6	6	0	0	50.0	SETOR SANTOS DUMONT (3) | Setor Santos Dumont (2) | SANTOS DUMONT (1)			SETOR SANTOS DUMONT (3) | Setor Santos Dumont (2) | SANTOS DUMONT (1)
74463440	SEGURO	SANTOS DUMONT	SETOR SANTOS DUMONT	3	3	0	0	100.0	SETOR SANTOS DUMONT (3)			SETOR SANTOS DUMONT (3)
74463445	SEGURO	SANTOS DUMONT	SANTOS DUMONT	5	5	0	0	40.0	SANTOS DUMONT (2) | SETOR SANTOS DUMONT (2) | Setor Santos Dumont (1)			SANTOS DUMONT (2) | SETOR SANTOS DUMONT (2) | Setor Santos Dumont (1)
74463450	SEGURO	SANTOS DUMONT	SETOR SANTOS DUMONT	2	2	0	0	50.0	SETOR SANTOS DUMONT (1) | Setor Santos Dumont (1)			SETOR SANTOS DUMONT (1) | Setor Santos Dumont (1)
74463460	SEGURO	SANTOS DUMONT	SANTOS DUMONT	2	2	0	0	50.0	SANTOS DUMONT (1) | Setor Santos Dumont (1)			SANTOS DUMONT (1) | Setor Santos Dumont (1)
74463470	SEGURO	SANTOS DUMONT	SETOR SANTOS DUMONT	4	4	0	0	75.0	SETOR SANTOS DUMONT (3) | SANTOS DUMONT (1)			SETOR SANTOS DUMONT (3) | SANTOS DUMONT (1)
74463480	SEGURO	SANTOS DUMONT	Setor Santos Dumont	6	6	0	0	50.0	Setor Santos Dumont (3) | SETOR SANTOS DUMONT (2) | SANTOS DUMONT (1)			Setor Santos Dumont (3) | SETOR SANTOS DUMONT (2) | SANTOS DUMONT (1)
74463490	SEGURO	SANTOS DUMONT	SETOR SANTOS DUMONT	13	13	0	0	53.85	SETOR SANTOS DUMONT (7) | SANTOS DUMONT (4) | Setor Santos Dumont (2)			SETOR SANTOS DUMONT (7) | SANTOS DUMONT (4) | Setor Santos Dumont (2)
74463500	SEGURO	SANTOS DUMONT	SETOR SANTOS DUMONT	7	7	0	0	71.43	SETOR SANTOS DUMONT (5) | SANTOS DUMONT (1) | Setor Santos Dumont (1)			SETOR SANTOS DUMONT (5) | SANTOS DUMONT (1) | Setor Santos Dumont (1)
74463510	SEGURO	SANTOS DUMONT	SETOR SANTOS DUMONT	7	7	0	0	85.71	SETOR SANTOS DUMONT (6) | Setor Santos Dumont (1)			SETOR SANTOS DUMONT (6) | Setor Santos Dumont (1)
74463520	SEGURO	SANTOS DUMONT	SETOR SANTOS DUMONT	5	5	0	0	40.0	SETOR SANTOS DUMONT (2) | Setor Santos Dumont (2) | SANTOS DUMONT (1)			SETOR SANTOS DUMONT (2) | Setor Santos Dumont (2) | SANTOS DUMONT (1)
74463550	SEGURO	SANTOS DUMONT	SANTOS DUMONT	4	4	0	0	50.0	SANTOS DUMONT (2) | SETOR SANTOS DUMONT (1) | Setor Santos Dumont (1)			SANTOS DUMONT (2) | SETOR SANTOS DUMONT (1) | Setor Santos Dumont (1)
74463560	SEGURO	SANTOS DUMONT	SETOR SANTOS DUMONT	5	5	0	0	80.0	SETOR SANTOS DUMONT (4) | Setor Santos Dumont (1)			SETOR SANTOS DUMONT (4) | Setor Santos Dumont (1)
74463570	SEGURO	SANTOS DUMONT	SETOR SANTOS DUMONT	4	4	0	0	75.0	SETOR SANTOS DUMONT (3) | Setor Santos Dumont (1)			SETOR SANTOS DUMONT (3) | Setor Santos Dumont (1)
74463580	SEGURO	SANTOS DUMONT	SETOR SANTOS DUMONT	4	4	0	0	50.0	SETOR SANTOS DUMONT (2) | SANTOS DUMONT (1) | Setor Santos Dumont (1)			SETOR SANTOS DUMONT (2) | SANTOS DUMONT (1) | Setor Santos Dumont (1)
74463590	SEGURO	SANTOS DUMONT	SETOR SANTOS DUMONT	2	2	0	0	50.0	SETOR SANTOS DUMONT (1) | Setor Santos Dumont (1)			SETOR SANTOS DUMONT (1) | Setor Santos Dumont (1)
74463600	SEGURO	SANTOS DUMONT	SETOR SANTOS DUMONT	5	5	0	0	80.0	SETOR SANTOS DUMONT (4) | Setor Santos Dumont (1)			SETOR SANTOS DUMONT (4) | Setor Santos Dumont (1)
74463610	SEGURO	SANTOS DUMONT	SANTOS DUMONT	6	6	0	0	66.67	SANTOS DUMONT (4) | SETOR SANTOS DUMONT (2)			SANTOS DUMONT (4) | SETOR SANTOS DUMONT (2)
74463615	BLOQUEADO	SANTOS DUMONT	SETOR SANTOS DUMONT	5	3	0	2	40.0	SETOR SANTOS DUMONT (2) | Setor Santos Dumont (1)		Jardim nova esperança (1) [7.14%] | SETOR CÂNDIDA DE MORAIS (1) [35.29%]	SETOR SANTOS DUMONT (2) | Jardim nova esperança (1) | SETOR CÂNDIDA DE MORAIS (1) | Setor Santos Dumont (1)
74463620	SEGURO	SANTOS DUMONT	SETOR SANTOS DUMONT	3	3	0	0	66.67	SETOR SANTOS DUMONT (2) | SANTOS DUMONT (1)			SETOR SANTOS DUMONT (2) | SANTOS DUMONT (1)
74463630	SEGURO	SANTOS DUMONT	SETOR SANTOS DUMONT	3	3	0	0	66.67	SETOR SANTOS DUMONT (2) | SANTOS DUMONT (1)			SETOR SANTOS DUMONT (2) | SANTOS DUMONT (1)
74463640	SEGURO	SANTOS DUMONT	SETOR SANTOS DUMONT	7	7	0	0	42.86	SETOR SANTOS DUMONT (3) | SANTOS DUMONT (2) | Setor Santos Dumont (2)			SETOR SANTOS DUMONT (3) | SANTOS DUMONT (2) | Setor Santos Dumont (2)
74463650	SEGURO	SANTOS DUMONT	SETOR SANTOS DUMONT	2	2	0	0	50.0	SETOR SANTOS DUMONT (1) | Setor Santos Dumont (1)			SETOR SANTOS DUMONT (1) | Setor Santos Dumont (1)
74463660	SEGURO	SANTOS DUMONT	SANTOS DUMONT	24	24	0	0	33.33	SANTOS DUMONT (8) | Setor Santos Dumont (8) | SETOR SANTOS DUMONT (8)			SANTOS DUMONT (8) | Setor Santos Dumont (8) | SETOR SANTOS DUMONT (8)
74463670	SEGURO	SANTOS DUMONT	SANTOS DUMONT	12	12	0	0	58.33	SANTOS DUMONT (7) | SETOR SANTOS DUMONT (3) | Setor Santos Dumont (2)			SANTOS DUMONT (7) | SETOR SANTOS DUMONT (3) | Setor Santos Dumont (2)
74463680	SEGURO	SANTOS DUMONT	SANTOS DUMONT	5	5	0	0	60.0	SANTOS DUMONT (3) | Setor Santos Dumont (1) | SETOR SANTOS DUMONT (1)			SANTOS DUMONT (3) | Setor Santos Dumont (1) | SETOR SANTOS DUMONT (1)
74463690	SEGURO	SANTOS DUMONT	SETOR SANTOS DUMONT	13	13	0	0	76.92	SETOR SANTOS DUMONT (10) | SANTOS DUMONT (2) | Setor Santos Dumont (1)			SETOR SANTOS DUMONT (10) | SANTOS DUMONT (2) | Setor Santos Dumont (1)
74463710	SEGURO	SANTOS DUMONT	SANTOS DUMONT	2	2	0	0	50.0	SANTOS DUMONT (1) | Setor Santos Dumont (1)			SANTOS DUMONT (1) | Setor Santos Dumont (1)
74463720	SEGURO	SANTOS DUMONT	SANTOS DUMONT	2	2	0	0	100.0	SANTOS DUMONT (2)			SANTOS DUMONT (2)
74463730	SEGURO	SANTOS DUMONT	SETOR SANTOS DUMONT	2	2	0	0	50.0	SETOR SANTOS DUMONT (1) | Setor Santos Dumont (1)			SETOR SANTOS DUMONT (1) | Setor Santos Dumont (1)
74463740	SEGURO	SANTOS DUMONT	SANTOS DUMONT	3	3	0	0	33.33	SANTOS DUMONT (1) | SETOR SANTOS DUMONT (1) | Setor Santos Dumont (1)			SANTOS DUMONT (1) | SETOR SANTOS DUMONT (1) | Setor Santos Dumont (1)
74463750	SEGURO	SANTOS DUMONT	SETOR SANTOS DUMONT	8	8	0	0	50.0	SETOR SANTOS DUMONT (4) | SANTOS DUMONT (3) | Setor Santos Dumont (1)			SETOR SANTOS DUMONT (4) | SANTOS DUMONT (3) | Setor Santos Dumont (1)
74463760	SEGURO	SANTOS DUMONT	SANTOS DUMONT	33	33	0	0	48.48	SANTOS DUMONT (16) | SETOR SANTOS DUMONT (14) | Setor Santos Dumont (3)			SANTOS DUMONT (16) | SETOR SANTOS DUMONT (14) | Setor Santos Dumont (3)
74463770	SEGURO	SANTOS DUMONT	SANTOS DUMONT	26	26	0	0	50.0	SANTOS DUMONT (13) | SETOR SANTOS DUMONT (10) | Setor Santos Dumont (3)			SANTOS DUMONT (13) | SETOR SANTOS DUMONT (10) | Setor Santos Dumont (3)
74463780	SEGURO	SANTOS DUMONT	SETOR SANTOS DUMONT	15	15	0	0	60.0	SETOR SANTOS DUMONT (9) | SANTOS DUMONT (4) | Setor Santos Dumont (2)			SETOR SANTOS DUMONT (9) | SANTOS DUMONT (4) | Setor Santos Dumont (2)
74463790	SEGURO	SANTOS DUMONT	SANTOS DUMONT	7	7	0	0	57.14	SANTOS DUMONT (4) | SETOR SANTOS DUMONT (3)			SANTOS DUMONT (4) | SETOR SANTOS DUMONT (3)
74463800	SEGURO	SANTOS DUMONT	SETOR SANTOS DUMONT	8	8	0	0	62.5	SETOR SANTOS DUMONT (5) | Setor Santos Dumont (3)			SETOR SANTOS DUMONT (5) | Setor Santos Dumont (3)
74463810	SEGURO	SANTOS DUMONT	SETOR SANTOS DUMONT	18	18	0	0	61.11	SETOR SANTOS DUMONT (11) | SANTOS DUMONT (7)			SETOR SANTOS DUMONT (11) | SANTOS DUMONT (7)
74463820	SEGURO	SANTOS DUMONT	SETOR SANTOS DUMONT	10	10	0	0	60.0	SETOR SANTOS DUMONT (6) | Setor Santos Dumont (3) | SANTOS DUMONT (1)			SETOR SANTOS DUMONT (6) | Setor Santos Dumont (3) | SANTOS DUMONT (1)
74463830	SEGURO	SANTOS DUMONT	SETOR SANTOS DUMONT	14	14	0	0	50.0	SETOR SANTOS DUMONT (7) | SANTOS DUMONT (6) | Setor Santos Dumont (1)			SETOR SANTOS DUMONT (7) | SANTOS DUMONT (6) | Setor Santos Dumont (1)
74463831	SEGURO	RESIDENCIAL 14 BIS	RESIDENCIAL 14 BIS	1	1	0	0	100.0	RESIDENCIAL 14 BIS (1)			RESIDENCIAL 14 BIS (1)
74463833	SEGURO	RESIDENCIAL 14 BIS	RESIDENCIAL 14 BIS	2	2	0	0	100.0	RESIDENCIAL 14 BIS (2)			RESIDENCIAL 14 BIS (2)
74463835	SEGURO	RESIDENCIAL 14 BIS	RESIDENCIAL 14 BIS	8	8	0	0	50.0	RESIDENCIAL 14 BIS (4) | Residencial 14 Bis (4)			RESIDENCIAL 14 BIS (4) | Residencial 14 Bis (4)
74463836	SEGURO	RESIDENCIAL 14 BIS	RESIDENCIAL 14 BIS	9	9	0	0	55.56	RESIDENCIAL 14 BIS (5) | Residencial 14 Bis (4)			RESIDENCIAL 14 BIS (5) | Residencial 14 Bis (4)
74463837	SEGURO	RESIDENCIAL 14 BIS	RESIDENCIAL 14 BIS	2	2	0	0	50.0	RESIDENCIAL 14 BIS (1) | Residencial 14 Bis (1)			RESIDENCIAL 14 BIS (1) | Residencial 14 Bis (1)
74463838	SEGURO	RESIDENCIAL 14 BIS	RESIDENCIAL 14 BIS	2	2	0	0	100.0	RESIDENCIAL 14 BIS (2)			RESIDENCIAL 14 BIS (2)
74463840	SEGURO	BONANZA	Jardim Bonanza	3	3	0	0	100.0	Jardim Bonanza (3)			Jardim Bonanza (3)
74463846	SEGURO	BONANZA	JARDIM BONANZA	2	2	0	0	50.0	JARDIM BONANZA (1) | Jardim Bonanza (1)			JARDIM BONANZA (1) | Jardim Bonanza (1)
74463848	SEGURO	BONANZA	JARDIM BONANZA	4	4	0	0	75.0	JARDIM BONANZA (3) | Jardim Bonanza (1)			JARDIM BONANZA (3) | Jardim Bonanza (1)
74463850	BLOQUEADO	BONANZA	JARDIM BONANZA	6	5	0	1	50.0	JARDIM BONANZA (3) | Jardim Bonanza (2)		SANTOS DUMONT (1) [7.69%]	JARDIM BONANZA (3) | Jardim Bonanza (2) | SANTOS DUMONT (1)
74463852	SEGURO	BONANZA	JARDIM BONANZA	3	3	0	0	100.0	JARDIM BONANZA (3)			JARDIM BONANZA (3)
74463856	SEGURO	BONANZA	JARDIM BONANZA	3	3	0	0	66.67	JARDIM BONANZA (2) | Jardim Bonanza (1)			JARDIM BONANZA (2) | Jardim Bonanza (1)
74463860	SEGURO	BONANZA	JARDIM BONANZA	2	2	0	0	100.0	JARDIM BONANZA (2)			JARDIM BONANZA (2)
74463862	SEGURO	BONANZA	JARDIM BONANZA	7	7	0	0	71.43	JARDIM BONANZA (5) | Jardim Bonanza (2)			JARDIM BONANZA (5) | Jardim Bonanza (2)
74463868	SEGURO	BONANZA	JARDIM BONANZA	6	6	0	0	66.67	JARDIM BONANZA (4) | Jardim Bonanza (2)			JARDIM BONANZA (4) | Jardim Bonanza (2)
74463870	SEGURO	BONANZA	JARDIM BONANZA	1	1	0	0	100.0	JARDIM BONANZA (1)			JARDIM BONANZA (1)
74463872	SEGURO	BONANZA	JARDIM BONANZA	2	2	0	0	100.0	JARDIM BONANZA (2)			JARDIM BONANZA (2)
74463874	SEGURO	BONANZA	Jardim Bonanza	1	1	0	0	100.0	Jardim Bonanza (1)			Jardim Bonanza (1)
74463875	SEGURO	BONANZA	JARDIM BONANZA	7	7	0	0	100.0	JARDIM BONANZA (7)			JARDIM BONANZA (7)
74464000	SEGURO	BARRA DA TIJUCA	SETOR BARRA DA TIJUCA	4	4	0	0	50.0	SETOR BARRA DA TIJUCA (2) | BARRA DA TIJUCA (1) | Setor Barra da Tijuca (1)			SETOR BARRA DA TIJUCA (2) | BARRA DA TIJUCA (1) | Setor Barra da Tijuca (1)
74464010	SEGURO	BARRA DA TIJUCA	BARRA DA TIJUCA	13	13	0	0	46.15	BARRA DA TIJUCA (6) | SETOR BARRA DA TIJUCA (5) | Setor Barra da Tijuca (2)			BARRA DA TIJUCA (6) | SETOR BARRA DA TIJUCA (5) | Setor Barra da Tijuca (2)
74464016	SEGURO	DA TIJUCA	BAIRRO DA TIJUCA	1	1	0	0	100.0	BAIRRO DA TIJUCA (1)			BAIRRO DA TIJUCA (1)
74464020	SEGURO	BARRA DA TIJUCA	SETOR BARRA DA TIJUCA	1	1	0	0	100.0	SETOR BARRA DA TIJUCA (1)			SETOR BARRA DA TIJUCA (1)
74464025	SEGURO	BARRA DA TIJUCA	SETOR BARRA DA TIJUCA	5	5	0	0	80.0	SETOR BARRA DA TIJUCA (4) | BARRA DA TIJUCA (1)			SETOR BARRA DA TIJUCA (4) | BARRA DA TIJUCA (1)
74464030	SEGURO	BARRA DA TIJUCA	BARRA DA TIJUCA	5	5	0	0	40.0	BARRA DA TIJUCA (2) | SETOR BARRA DA TIJUCA (2) | Setor Barra da Tijuca (1)			BARRA DA TIJUCA (2) | SETOR BARRA DA TIJUCA (2) | Setor Barra da Tijuca (1)
74464040	SEGURO	BARRA DA TIJUCA	BARRA DA TIJUCA	3	3	0	0	33.33	BARRA DA TIJUCA (1) | SETOR BARRA DA TIJUCA (1) | Setor Barra da Tijuca (1)			BARRA DA TIJUCA (1) | SETOR BARRA DA TIJUCA (1) | Setor Barra da Tijuca (1)
74464045	SEGURO	BARRA DA TIJUCA	SETOR BARRA DA TIJUCA	2	2	0	0	100.0	SETOR BARRA DA TIJUCA (2)			SETOR BARRA DA TIJUCA (2)
74464055	SEGURO	BARRA DA TIJUCA	BARRA DA TIJUCA	1	1	0	0	100.0	BARRA DA TIJUCA (1)			BARRA DA TIJUCA (1)
74464060	SEGURO	BARRA DA TIJUCA	SETOR BARRA DA TIJUCA	1	1	0	0	100.0	SETOR BARRA DA TIJUCA (1)			SETOR BARRA DA TIJUCA (1)
74464065	SEGURO	BARRA DA TIJUCA	Setor Barra da Tijuca	1	1	0	0	100.0	Setor Barra da Tijuca (1)			Setor Barra da Tijuca (1)
74464070	SEGURO	BARRA DA TIJUCA	SETOR BARRA DA TIJUCA	5	5	0	0	60.0	SETOR BARRA DA TIJUCA (3) | BARRA DA TIJUCA (1) | Setor Barra da Tijuca (1)			SETOR BARRA DA TIJUCA (3) | BARRA DA TIJUCA (1) | Setor Barra da Tijuca (1)
74464075	SEGURO	BARRA DA TIJUCA	SETOR BARRA DA TIJUCA	4	4	0	0	50.0	SETOR BARRA DA TIJUCA (2) | BARRA DA TIJUCA (1) | Setor Barra da Tijuca (1)			SETOR BARRA DA TIJUCA (2) | BARRA DA TIJUCA (1) | Setor Barra da Tijuca (1)
74464110	SEGURO	NOVO PETROPOLIS	Jardim Novo Petrópolis	1	1	0	0	100.0	Jardim Novo Petrópolis (1)			Jardim Novo Petrópolis (1)
74464120	BLOQUEADO	NOVO PETROPOLIS	JARDIM NOVO PETRÓPOLIS	2	1	0	1	50.0	JARDIM NOVO PETRÓPOLIS (1)		JARDIM PETROPOLIS (1) [66.67%]	JARDIM NOVO PETRÓPOLIS (1) | JARDIM PETROPOLIS (1)
74464130	BLOQUEADO	NOVO PETROPOLIS	JARDIM NOVO PETRÓPOLIS	4	2	0	2	50.0	JARDIM NOVO PETRÓPOLIS (2)		JARDIM PETROPOLIS (1) [66.67%] | JARDIM PETRÓPOLIS (1) [66.67%]	JARDIM NOVO PETRÓPOLIS (2) | JARDIM PETROPOLIS (1) | JARDIM PETRÓPOLIS (1)
74464135	BLOQUEADO	NOVO PETROPOLIS	Jardim Novo Petrópolis	11	9	0	2	45.45	Jardim Novo Petrópolis (5) | JARDIM NOVO PETRÓPOLIS (4)		JARDIM PETROPOLIS (1) [66.67%] | JARDIM PETRÓPOLIS (1) [66.67%]	Jardim Novo Petrópolis (5) | JARDIM NOVO PETRÓPOLIS (4) | JARDIM PETROPOLIS (1) | JARDIM PETRÓPOLIS (1)
74464145	SEGURO	NOVO PETROPOLIS	JARDIM NOVO PETRÓPOLIS	4	4	0	0	75.0	JARDIM NOVO PETRÓPOLIS (3) | Jardim Novo Petrópolis (1)			JARDIM NOVO PETRÓPOLIS (3) | Jardim Novo Petrópolis (1)
74464149	SEGURO	NOVO PETROPOLIS	Jardim Novo Petrópolis	2	2	0	0	50.0	Jardim Novo Petrópolis (1) | JARDIM NOVO PETRÓPOLIS (1)			Jardim Novo Petrópolis (1) | JARDIM NOVO PETRÓPOLIS (1)
74464150	SEGURO	RESIDENCIAL 14 BIS EXTENSAO	RESIDENCIAL 14 BIS EXTENSÃO	2	2	0	0	100.0	RESIDENCIAL 14 BIS EXTENSÃO (2)			RESIDENCIAL 14 BIS EXTENSÃO (2)
74464155	BLOQUEADO	RESIDENCIAL 14 BIS EXTENSAO	RESIDENCIAL 14 BIS EXTENSÃO	4	3	0	1	50.0	RESIDENCIAL 14 BIS EXTENSÃO (2) | Residencial 14 Bis Extensão (1)		RESIDENCIAL 14 BIS (1) [75.0%]	RESIDENCIAL 14 BIS EXTENSÃO (2) | RESIDENCIAL 14 BIS (1) | Residencial 14 Bis Extensão (1)
74464165	SEGURO	RESIDENCIAL 14 BIS EXTENSAO	RESIDENCIAL 14 BIS EXTENSÃO	1	1	0	0	100.0	RESIDENCIAL 14 BIS EXTENSÃO (1)			RESIDENCIAL 14 BIS EXTENSÃO (1)
74464534	SEGURO	MARABA	SETOR MARABÁ	1	1	0	0	100.0	SETOR MARABÁ (1)			SETOR MARABÁ (1)
74465010	REVISAR	NOVA ESPERANCA	JARDIM NOVA ESPERANÇA	33	32	1	0	81.82	JARDIM NOVA ESPERANÇA (27) | Jardim Nova Esperança (5)	JARDIM NOVA ESPERANÇAA (1) [93.33%]		JARDIM NOVA ESPERANÇA (27) | Jardim Nova Esperança (5) | JARDIM NOVA ESPERANÇAA (1)
74465020	SEGURO	NOVA ESPERANCA	JARDIM NOVA ESPERANÇA	36	36	0	0	91.67	JARDIM NOVA ESPERANÇA (33) | Jardim Nova Esperança (3)			JARDIM NOVA ESPERANÇA (33) | Jardim Nova Esperança (3)
74465025	BLOQUEADO	NOVA ESPERANCA	JARDIM NOVA ESPERANÇA	15	13	0	2	73.33	JARDIM NOVA ESPERANÇA (11) | Jardim Nova Esperança (2)		CANDIDA DE MORAES (1) [29.41%] | CANDIDA DE MORAIS (1) [29.41%]	JARDIM NOVA ESPERANÇA (11) | Jardim Nova Esperança (2) | CANDIDA DE MORAES (1) | CANDIDA DE MORAIS (1)
74465030	SEGURO	NOVA ESPERANCA	JARDIM NOVA ESPERANÇA	4	4	0	0	100.0	JARDIM NOVA ESPERANÇA (4)			JARDIM NOVA ESPERANÇA (4)
74465040	SEGURO	NOVA ESPERANCA	JARDIM NOVA ESPERANÇA	6	6	0	0	100.0	JARDIM NOVA ESPERANÇA (6)			JARDIM NOVA ESPERANÇA (6)
74465050	SEGURO	NOVA ESPERANCA	JARDIM NOVA ESPERANÇA	46	46	0	0	84.78	JARDIM NOVA ESPERANÇA (39) | Jardim Nova Esperança (6) | NOVA ESPERANÇA (1)			JARDIM NOVA ESPERANÇA (39) | Jardim Nova Esperança (6) | NOVA ESPERANÇA (1)
74465060	SEGURO	NOVA ESPERANCA	JARDIM NOVA ESPERANÇA	3	3	0	0	100.0	JARDIM NOVA ESPERANÇA (3)			JARDIM NOVA ESPERANÇA (3)
74465070	SEGURO	NOVA ESPERANCA	JARDIM NOVA ESPERANÇA	45	45	0	0	77.78	JARDIM NOVA ESPERANÇA (35) | Jardim Nova Esperança (8) | JARDIM NOVA ESPERANCA (1) | Jardim Nova esperança (1)			JARDIM NOVA ESPERANÇA (35) | Jardim Nova Esperança (8) | JARDIM NOVA ESPERANCA (1) | Jardim Nova esperança (1)
74465080	BLOQUEADO	NOVA ESPERANCA	JARDIM NOVA ESPERANÇA	2	1	0	1	50.0	JARDIM NOVA ESPERANÇA (1)		PARQUE TREMENDÃO (1) [21.43%]	JARDIM NOVA ESPERANÇA (1) | PARQUE TREMENDÃO (1)
74465090	BLOQUEADO	NOVA ESPERANCA	JARDIM NOVA ESPERANÇA	4	3	0	1	50.0	JARDIM NOVA ESPERANÇA (2) | Jardim Nova Esperança (1)		PARQUE DAS FLORES (1) [14.29%]	JARDIM NOVA ESPERANÇA (2) | Jardim Nova Esperança (1) | PARQUE DAS FLORES (1)
74465100	REVISAR	NOVA ESPERANCA	JARDIM NOVA ESPERANÇA	81	80	0	1	77.78	JARDIM NOVA ESPERANÇA (63) | Jardim Nova Esperança (16) | NOVA ESPERANÇA (1)		JARDIM GRAMADO (1) [14.29%]	JARDIM NOVA ESPERANÇA (63) | Jardim Nova Esperança (16) | JARDIM GRAMADO (1) | NOVA ESPERANÇA (1)
74465110	SEGURO	NOVA ESPERANCA	JARDIM NOVA ESPERANÇA	1	1	0	0	100.0	JARDIM NOVA ESPERANÇA (1)			JARDIM NOVA ESPERANÇA (1)
74465120	SEGURO	NOVA ESPERANCA	JARDIM NOVA ESPERANÇA	47	47	0	0	76.6	JARDIM NOVA ESPERANÇA (36) | Jardim Nova Esperança (11)			JARDIM NOVA ESPERANÇA (36) | Jardim Nova Esperança (11)
74465140	BLOQUEADO	NOVA ESPERANCA	JARDIM NOVA ESPERANÇA	130	85	0	45	53.08	JARDIM NOVA ESPERANÇA (69) | Jardim Nova Esperança (12) | JARDIM NOVA ESPERANCA (2) | NOVA ESPERANÇA (2)		JARDIM COLORADO (13) [21.43%] | JARDIM DAS HORTÊNCIAS (6) [14.29%] | NOVO PLANALTO (5) [35.71%] | SETOR MARABÁ (4) [28.57%] | CANDIDA DE MORAES (3) [29.41%] | JARDIM DAS HORTENCIAS (2) [14.29%] | JARDIM LIBERDADE (2) [14.29%] | MANSÕES PARAÍSO (2) [33.33%] | SETOR NOROESTE (2) [35.71%] | ALBINO BOAVENTURA (1) [17.65%] | JARDIM HELLOU (1) [7.14%] | MORADA DO SOL (1) [14.29%] | PARQUE TREMENDÃO (1) [21.43%] | RESIDENCIAL MANSOES PARAISO (1) [29.63%] | VILA FINSOCIAL (1) [14.29%]	JARDIM NOVA ESPERANÇA (69) | JARDIM COLORADO (13) | Jardim Nova Esperança (12) | JARDIM DAS HORTÊNCIAS (6) | NOVO PLANALTO (5) | SETOR MARABÁ (4) | CANDIDA DE MORAES (3) | JARDIM DAS HORTENCIAS (2) | JARDIM LIBERDADE (2) | JARDIM NOVA ESPERANCA (2) | MANSÕES PARAÍSO (2) | NOVA ESPERANÇA (2) | SETOR NOROESTE (2) | ALBINO BOAVENTURA (1) | JARDIM HELLOU (1) | MORADA DO SOL (1) | PARQUE TREMENDÃO (1) | RESIDENCIAL MANSOES PARAISO (1) | VILA FINSOCIAL (1)
74465150	SEGURO	NOVA ESPERANCA	JARDIM NOVA ESPERANÇA	34	34	0	0	82.35	JARDIM NOVA ESPERANÇA (28) | Jardim Nova Esperança (6)			JARDIM NOVA ESPERANÇA (28) | Jardim Nova Esperança (6)
74465160	SEGURO	NOVA ESPERANCA	JARDIM NOVA ESPERANÇA	48	48	0	0	85.42	JARDIM NOVA ESPERANÇA (41) | Jardim Nova Esperança (7)			JARDIM NOVA ESPERANÇA (41) | Jardim Nova Esperança (7)
74465170	SEGURO	NOVA ESPERANCA	JARDIM NOVA ESPERANÇA	17	17	0	0	88.24	JARDIM NOVA ESPERANÇA (15) | Jardim Nova Esperança (2)			JARDIM NOVA ESPERANÇA (15) | Jardim Nova Esperança (2)
74465180	SEGURO	NOVA ESPERANCA	JARDIM NOVA ESPERANÇA	2	2	0	0	100.0	JARDIM NOVA ESPERANÇA (2)			JARDIM NOVA ESPERANÇA (2)
74465190	SEGURO	NOVA ESPERANCA	JARDIM NOVA ESPERANÇA	57	57	0	0	73.68	JARDIM NOVA ESPERANÇA (42) | Jardim Nova Esperança (14) | NOVA ESPERANÇA (1)			JARDIM NOVA ESPERANÇA (42) | Jardim Nova Esperança (14) | NOVA ESPERANÇA (1)
74465200	SEGURO	NOVA ESPERANCA	JARDIM NOVA ESPERANÇA	21	21	0	0	100.0	JARDIM NOVA ESPERANÇA (21)			JARDIM NOVA ESPERANÇA (21)
74465210	SEGURO	NOVA ESPERANCA	JARDIM NOVA ESPERANÇA	52	52	0	0	82.69	JARDIM NOVA ESPERANÇA (43) | Jardim Nova Esperança (8) | JARDIM NOVA ESPERANCA (1)			JARDIM NOVA ESPERANÇA (43) | Jardim Nova Esperança (8) | JARDIM NOVA ESPERANCA (1)
74465215	BLOQUEADO	NOVA ESPERANCA	JARDIM NOVA ESPERANÇA	18	17	0	1	66.67	JARDIM NOVA ESPERANÇA (12) | Jardim Nova Esperança (5)		PARQUE TREMENDAO (1) [21.43%]	JARDIM NOVA ESPERANÇA (12) | Jardim Nova Esperança (5) | PARQUE TREMENDAO (1)
74465220	SEGURO	NOVA ESPERANCA	Jardim Nova Esperança	4	4	0	0	50.0	Jardim Nova Esperança (2) | JARDIM NOVA ESPERANCA (1) | JARDIM NOVA ESPERANÇA (1)			Jardim Nova Esperança (2) | JARDIM NOVA ESPERANCA (1) | JARDIM NOVA ESPERANÇA (1)
74465230	SEGURO	NOVA ESPERANCA	JARDIM NOVA ESPERANÇA	3	3	0	0	66.67	JARDIM NOVA ESPERANÇA (2) | Jardim Nova Esperança (1)			JARDIM NOVA ESPERANÇA (2) | Jardim Nova Esperança (1)
74465240	SEGURO	NOVA ESPERANCA	JARDIM NOVA ESPERANÇA	2	2	0	0	100.0	JARDIM NOVA ESPERANÇA (2)			JARDIM NOVA ESPERANÇA (2)
74465250	SEGURO	NOVA ESPERANCA	JARDIM NOVA ESPERANÇA	13	13	0	0	61.54	JARDIM NOVA ESPERANÇA (8) | Jardim Nova Esperança (5)			JARDIM NOVA ESPERANÇA (8) | Jardim Nova Esperança (5)
74465260	SEGURO	NOVA ESPERANCA	JARDIM NOVA ESPERANÇA	7	7	0	0	85.71	JARDIM NOVA ESPERANÇA (6) | Jardim Nova Esperança (1)			JARDIM NOVA ESPERANÇA (6) | Jardim Nova Esperança (1)
74465270	SEGURO	NOVA ESPERANCA	JARDIM NOVA ESPERANÇA	59	59	0	0	76.27	JARDIM NOVA ESPERANÇA (45) | Jardim Nova Esperança (13) | JARDIM NOVA ESPERANCA (1)			JARDIM NOVA ESPERANÇA (45) | Jardim Nova Esperança (13) | JARDIM NOVA ESPERANCA (1)
74465280	REVISAR	NOVA ESPERANCA	JARDIM NOVA ESPERANÇA	60	58	0	2	88.33	JARDIM NOVA ESPERANÇA (53) | Jardim Nova Esperança (4) | NOVA ESPERANÇA (1)		CANDIDA DE MORAES (1) [29.41%] | SANTOS DUMONT (1) [7.14%]	JARDIM NOVA ESPERANÇA (53) | Jardim Nova Esperança (4) | CANDIDA DE MORAES (1) | NOVA ESPERANÇA (1) | SANTOS DUMONT (1)
74465290	SEGURO	NOVA ESPERANCA	JARDIM NOVA ESPERANÇA	62	62	0	0	88.71	JARDIM NOVA ESPERANÇA (55) | Jardim Nova Esperança (7)			JARDIM NOVA ESPERANÇA (55) | Jardim Nova Esperança (7)
74465299	SEGURO	NOVA ESPERANCA	JARDIM NOVA ESPERANÇA	1	1	0	0	100.0	JARDIM NOVA ESPERANÇA (1)			JARDIM NOVA ESPERANÇA (1)
74465300	SEGURO	NOVA ESPERANCA	JARDIM NOVA ESPERANÇA	10	10	0	0	60.0	JARDIM NOVA ESPERANÇA (6) | Jardim Nova Esperança (3) | JARDIM NOVA ESPERANCA (1)			JARDIM NOVA ESPERANÇA (6) | Jardim Nova Esperança (3) | JARDIM NOVA ESPERANCA (1)
74465310	BLOQUEADO	NOVA ESPERANCA	JARDIM NOVA ESPERANÇA	24	21	0	3	50.0	JARDIM NOVA ESPERANÇA (12) | Jardim Nova Esperança (9)		JARDIM NOVO MUNDO (2) [35.71%] | BARRA DA TIJUCA (1) [26.67%]	JARDIM NOVA ESPERANÇA (12) | Jardim Nova Esperança (9) | JARDIM NOVO MUNDO (2) | BARRA DA TIJUCA (1)
74465320	SEGURO	NOVA ESPERANCA	JARDIM NOVA ESPERANÇA	3	3	0	0	100.0	JARDIM NOVA ESPERANÇA (3)			JARDIM NOVA ESPERANÇA (3)
74465330	SEGURO	NOVA ESPERANCA	JARDIM NOVA ESPERANÇA	1	1	0	0	100.0	JARDIM NOVA ESPERANÇA (1)			JARDIM NOVA ESPERANÇA (1)
74465340	SEGURO	NOVA ESPERANCA	JARDIM NOVA ESPERANÇA	14	14	0	0	92.86	JARDIM NOVA ESPERANÇA (13) | Jardim Nova Esperança (1)			JARDIM NOVA ESPERANÇA (13) | Jardim Nova Esperança (1)
74465350	SEGURO	NOVA ESPERANCA	JARDIM NOVA ESPERANÇA	34	34	0	0	82.35	JARDIM NOVA ESPERANÇA (28) | Jardim Nova Esperança (6)			JARDIM NOVA ESPERANÇA (28) | Jardim Nova Esperança (6)
74465360	SEGURO	NOVA ESPERANCA	JARDIM NOVA ESPERANÇA	6	6	0	0	66.67	JARDIM NOVA ESPERANÇA (4) | Jardim Nova Esperança (1) | NOVA ESPERANÇA (1)			JARDIM NOVA ESPERANÇA (4) | Jardim Nova Esperança (1) | NOVA ESPERANÇA (1)
74465370	SEGURO	NOVA ESPERANCA	JARDIM NOVA ESPERANÇA	20	20	0	0	80.0	JARDIM NOVA ESPERANÇA (16) | Jardim Nova Esperança (4)			JARDIM NOVA ESPERANÇA (16) | Jardim Nova Esperança (4)
74465380	SEGURO	NOVA ESPERANCA	JARDIM NOVA ESPERANÇA	8	8	0	0	100.0	JARDIM NOVA ESPERANÇA (8)			JARDIM NOVA ESPERANÇA (8)
74465390	SEGURO	NOVA ESPERANCA	JARDIM NOVA ESPERANÇA	46	46	0	0	80.43	JARDIM NOVA ESPERANÇA (37) | Jardim Nova Esperança (6) | NOVA ESPERANÇA (2) | JARDIM NOVA ESPERANCA (1)			JARDIM NOVA ESPERANÇA (37) | Jardim Nova Esperança (6) | NOVA ESPERANÇA (2) | JARDIM NOVA ESPERANCA (1)
74465400	SEGURO	NOVA ESPERANCA	JARDIM NOVA ESPERANÇA	4	4	0	0	100.0	JARDIM NOVA ESPERANÇA (4)			JARDIM NOVA ESPERANÇA (4)
74465410	SEGURO	NOVA ESPERANCA	JARDIM NOVA ESPERANÇA	3	3	0	0	66.67	JARDIM NOVA ESPERANÇA (2) | Jardim Nova Esperança (1)			JARDIM NOVA ESPERANÇA (2) | Jardim Nova Esperança (1)
74465420	SEGURO	NOVA ESPERANCA	JARDIM NOVA ESPERANÇA	60	60	0	0	78.33	JARDIM NOVA ESPERANÇA (47) | Jardim Nova Esperança (13)			JARDIM NOVA ESPERANÇA (47) | Jardim Nova Esperança (13)
74465440	SEGURO	NOVA ESPERANCA	JARDIM NOVA ESPERANÇA	48	48	0	0	81.25	JARDIM NOVA ESPERANÇA (39) | Jardim Nova Esperança (8) | JARDIM NOVA ESPERANCA (1)			JARDIM NOVA ESPERANÇA (39) | Jardim Nova Esperança (8) | JARDIM NOVA ESPERANCA (1)
74465445	REVISAR	NOVA ESPERANCA	JARDIM NOVA ESPERANÇA	306	279	0	27	89.22	JARDIM NOVA ESPERANÇA (273) | Jardim Nova Esperança (6)		CANDIDA DE MORAES (26) [29.41%] | JARDIM COLORADO (1) [21.43%]	JARDIM NOVA ESPERANÇA (273) | CANDIDA DE MORAES (26) | Jardim Nova Esperança (6) | JARDIM COLORADO (1)
74465450	SEGURO	NOVA ESPERANCA	JARDIM NOVA ESPERANÇA	7	7	0	0	71.43	JARDIM NOVA ESPERANÇA (5) | JARDIM NOVA ESPERANCA (1) | Jardim Nova Esperança (1)			JARDIM NOVA ESPERANÇA (5) | JARDIM NOVA ESPERANCA (1) | Jardim Nova Esperança (1)
74465460	SEGURO	NOVA ESPERANCA	JARDIM NOVA ESPERANÇA	23	23	0	0	86.96	JARDIM NOVA ESPERANÇA (20) | Jardim Nova Esperança (2) | JARDIM NOVA  ESPERANÇA (1)			JARDIM NOVA ESPERANÇA (20) | Jardim Nova Esperança (2) | JARDIM NOVA  ESPERANÇA (1)
74465470	SEGURO	NOVA ESPERANCA	JARDIM NOVA ESPERANÇA	1	1	0	0	100.0	JARDIM NOVA ESPERANÇA (1)			JARDIM NOVA ESPERANÇA (1)
74465490	SEGURO	NOVA ESPERANCA	JARDIM NOVA ESPERANÇA	14	14	0	0	78.57	JARDIM NOVA ESPERANÇA (11) | Jardim Nova Esperança (3)			JARDIM NOVA ESPERANÇA (11) | Jardim Nova Esperança (3)
74465500	SEGURO	SANTOS DUMONT	SANTOS DUMONT	1	1	0	0	100.0	SANTOS DUMONT (1)			SANTOS DUMONT (1)
74465510	SEGURO	NOVA ESPERANCA	JARDIM NOVA ESPERANÇA	3	3	0	0	100.0	JARDIM NOVA ESPERANÇA (3)			JARDIM NOVA ESPERANÇA (3)
74465520	SEGURO	NOVA ESPERANCA	JARDIM NOVA ESPERANÇA	7	7	0	0	85.71	JARDIM NOVA ESPERANÇA (6) | Jardim Nova Esperança (1)			JARDIM NOVA ESPERANÇA (6) | Jardim Nova Esperança (1)
74465521	SEGURO	MARABA	SETOR MARABÁ	7	7	0	0	71.43	SETOR MARABÁ (5) | Setor Marabá (2)			SETOR MARABÁ (5) | Setor Marabá (2)
74465523	SEGURO	MARABA	SETOR MARABÁ	2	2	0	0	100.0	SETOR MARABÁ (2)			SETOR MARABÁ (2)
74465524	BLOQUEADO	MARABA	SETOR MARABÁ	19	17	0	2	73.68	SETOR MARABÁ (14) | Setor Marabá (2) | SETOR MARABA (1)		SETOR NOROESTE (2) [12.5%]	SETOR MARABÁ (14) | Setor Marabá (2) | SETOR NOROESTE (2) | SETOR MARABA (1)
74465526	SEGURO	MARABA	SETOR MARABÁ	1	1	0	0	100.0	SETOR MARABÁ (1)			SETOR MARABÁ (1)
74465527	BLOQUEADO	MARABA	SETOR MARABÁ	6	5	0	1	66.67	SETOR MARABÁ (4) | Setor Marabá (1)		RESIDENCIAL SAO MARCOS (1) [13.64%]	SETOR MARABÁ (4) | RESIDENCIAL SAO MARCOS (1) | Setor Marabá (1)
74465528	SEGURO	MARABA	SETOR MARABA	2	2	0	0	50.0	SETOR MARABA (1) | SETOR MARABÁ (1)			SETOR MARABA (1) | SETOR MARABÁ (1)
74465529	SEGURO	MARABA	SETOR MARABÁ	1	1	0	0	100.0	SETOR MARABÁ (1)			SETOR MARABÁ (1)
74465530	SEGURO	MARABA	SETOR MARABÁ	2	2	0	0	100.0	SETOR MARABÁ (2)			SETOR MARABÁ (2)
74465531	SEGURO	MARABA	SETOR MARABÁ	6	6	0	0	100.0	SETOR MARABÁ (6)			SETOR MARABÁ (6)
74465532	SEGURO	MARABA	SETOR MARABÁ	5	5	0	0	100.0	SETOR MARABÁ (5)			SETOR MARABÁ (5)
74465534	SEGURO	MARABA	SETOR MARABÁ	2	2	0	0	50.0	SETOR MARABÁ (1) | SETOR MARABA (1)			SETOR MARABÁ (1) | SETOR MARABA (1)
74465535	SEGURO	MARABA	SETOR MARABÁ	3	3	0	0	100.0	SETOR MARABÁ (3)			SETOR MARABÁ (3)
74465536	SEGURO	MARABA	SETOR MARABÁ	1	1	0	0	100.0	SETOR MARABÁ (1)			SETOR MARABÁ (1)
74465537	SEGURO	MARABA	SETOR MARABÁ	6	6	0	0	66.67	SETOR MARABÁ (4) | SETOR MARABA (1) | Setor Marabá (1)			SETOR MARABÁ (4) | SETOR MARABA (1) | Setor Marabá (1)
74465538	SEGURO	MARABA	Setor Marabá	1	1	0	0	100.0	Setor Marabá (1)			Setor Marabá (1)
74465539	SEGURO	MARABA	SETOR MARABÁ	1	1	0	0	100.0	SETOR MARABÁ (1)			SETOR MARABÁ (1)
74465541	SEGURO	NOROESTE	SETOR NOROESTE	14	14	0	0	71.43	SETOR NOROESTE (10) | Setor Noroeste (4)			SETOR NOROESTE (10) | Setor Noroeste (4)
74465543	SEGURO	NOROESTE	SETOR NOROESTE	10	10	0	0	90.0	SETOR NOROESTE (9) | Setor Noroeste (1)			SETOR NOROESTE (9) | Setor Noroeste (1)
74465544	SEGURO	NOROESTE	SETOR NOROESTE	11	11	0	0	100.0	SETOR NOROESTE (11)			SETOR NOROESTE (11)
74465547	SEGURO	NOROESTE	SETOR NOROESTE	1	1	0	0	100.0	SETOR NOROESTE (1)			SETOR NOROESTE (1)
74465549	SEGURO	NOROESTE	SETOR NOROESTE	1	1	0	0	100.0	SETOR NOROESTE (1)			SETOR NOROESTE (1)
74465550	SEGURO	NOROESTE	SETOR NOROESTE	6	6	0	0	83.33	SETOR NOROESTE (5) | Setor Noroeste (1)			SETOR NOROESTE (5) | Setor Noroeste (1)
74465553	BLOQUEADO	MARABA	SETOR MARABA	2	1	0	1	50.0	SETOR MARABA (1)		SETOR NOROESTE (1) [12.5%]	SETOR MARABA (1) | SETOR NOROESTE (1)
74465600	SEGURO	LIBERDADE	JARDIM LIBERDADE	1	1	0	0	100.0	JARDIM LIBERDADE (1)			JARDIM LIBERDADE (1)
74465604	SEGURO	MARABA EXTENSAO	Setor Marabá Extensão	1	1	0	0	100.0	Setor Marabá Extensão (1)			Setor Marabá Extensão (1)
74465640	SEGURO	LIBERDADE	JARDIM LIBERDADE	1	1	0	0	100.0	JARDIM LIBERDADE (1)			JARDIM LIBERDADE (1)
74465970	SEGURO	NOVA ESPERANCA	JARDIM NOVA ESPERANÇA	2	2	0	0	100.0	JARDIM NOVA ESPERANÇA (2)			JARDIM NOVA ESPERANÇA (2)
74466770	SEGURO	SANTOS DUMONT	SANTOS DUMONT	1	1	0	0	100.0	SANTOS DUMONT (1)			SANTOS DUMONT (1)
74468830	SEGURO	SANTOS DUMONT	SANTOS DUMONT	1	1	0	0	100.0	SANTOS DUMONT (1)			SANTOS DUMONT (1)
74470010	SEGURO	CHACARAS MANSOES ROSAS DE OURO	CHACARAS MANSOES ROSAS DE OURO	11	11	0	0	36.36	CHACARAS MANSOES ROSAS DE OURO (4) | Chácaras Mansões Rosas de Ouro (4) | CHÁCARAS MANSÕES ROSAS DE OURO (3)			CHACARAS MANSOES ROSAS DE OURO (4) | Chácaras Mansões Rosas de Ouro (4) | CHÁCARAS MANSÕES ROSAS DE OURO (3)
74470015	BLOQUEADO	FAZENDA CAVEIRA	FAZENDA CAVEIRA	5	2	0	3	40.0	FAZENDA CAVEIRA (2)		CHACARAS MANSOES ROSAS DE OURO (1) [20.0%] | Chácaras Mansões Rosas de Ouro (1) [20.0%] | RESIDENCIAL ANGLO (1) [17.65%]	FAZENDA CAVEIRA (2) | CHACARAS MANSOES ROSAS DE OURO (1) | Chácaras Mansões Rosas de Ouro (1) | RESIDENCIAL ANGLO (1)
74470019	SEGURO	DA VITORIA	BAIRRO DA VITÓRIA	1	1	0	0	100.0	BAIRRO DA VITÓRIA (1)			BAIRRO DA VITÓRIA (1)
74470025	SEGURO	COLORADO	JARDIM COLORADO	1	1	0	0	100.0	JARDIM COLORADO (1)			JARDIM COLORADO (1)
74470060	SEGURO	CHACARAS MANSOES ROSAS DE OURO	CHÁCARAS MANSÕES ROSAS DE OURO	10	10	0	0	80.0	CHÁCARAS MANSÕES ROSAS DE OURO (8) | Chácaras Mansões Rosas de Ouro (2)			CHÁCARAS MANSÕES ROSAS DE OURO (8) | Chácaras Mansões Rosas de Ouro (2)
74470065	BLOQUEADO	CHACARAS DE RECREIO SAO JOAQUIM	CHÁCARAS DE RECREIO SÃO JOAQUIM	2	1	0	1	50.0	CHÁCARAS DE RECREIO SÃO JOAQUIM (1)		RECREIO SÃO JOAQUIM (1) [61.29%]	CHÁCARAS DE RECREIO SÃO JOAQUIM (1) | RECREIO SÃO JOAQUIM (1)
74470071	BLOQUEADO	CHACARAS MANSOES ROSAS DE OURO	CHACARAS MANSOES ROSAS DE OURO	3	2	0	1	33.33	CHACARAS MANSOES ROSAS DE OURO (1) | CHÁCARAS MANSÕES ROSAS DE OURO (1)		SETOR MANSÕES ROSAS DE OURO (1) [80.0%]	CHACARAS MANSOES ROSAS DE OURO (1) | CHÁCARAS MANSÕES ROSAS DE OURO (1) | SETOR MANSÕES ROSAS DE OURO (1)
74470230	SEGURO	RECREIO SAO JOAQUIM	RECREIO SÃO JOAQUIM	1	1	0	0	100.0	RECREIO SÃO JOAQUIM (1)			RECREIO SÃO JOAQUIM (1)
74470245	SEGURO	SAO JOSE	SETOR SÃO JOSÉ	1	1	0	0	100.0	SETOR SÃO JOSÉ (1)			SETOR SÃO JOSÉ (1)
74470275	BLOQUEADO	CHACARAS DE RECREIO SAO JOAQUIM	Chácaras de Recreio São Joaquim	3	1	0	2	33.33	Chácaras de Recreio São Joaquim (1)		RECREIO SÃO JOAQUIM (1) [61.29%] | santos dumont (1) [16.13%]	Chácaras de Recreio São Joaquim (1) | RECREIO SÃO JOAQUIM (1) | santos dumont (1)
74470290	SEGURO	CHACARAS MANSOES ROSAS DE OURO	CHACARAS MANSOES ROSAS DE OURO	1	1	0	0	100.0	CHACARAS MANSOES ROSAS DE OURO (1)			CHACARAS MANSOES ROSAS DE OURO (1)
74470300	SEGURO	CHACARAS DE RECREIO SAO JOAQUIM	CHÁCARAS DE RECREIO SÃO JOAQUIM	1	1	0	0	100.0	CHÁCARAS DE RECREIO SÃO JOAQUIM (1)			CHÁCARAS DE RECREIO SÃO JOAQUIM (1)
74470312	SEGURO	SANTOS DUMONT	SANTOS DUMONT	1	1	0	0	100.0	SANTOS DUMONT (1)			SANTOS DUMONT (1)
74470360	SEGURO	CHACARAS MANSOES ROSAS DE OURO	CHACARAS MANSOES ROSAS DE OURO	1	1	0	0	100.0	CHACARAS MANSOES ROSAS DE OURO (1)			CHACARAS MANSOES ROSAS DE OURO (1)
74470390	SEGURO	NOVO PLANALTO	NOVO PLANALTO	1	1	0	0	100.0	NOVO PLANALTO (1)			NOVO PLANALTO (1)
74470440	SEGURO	FAZENDA CAVEIRA	FAZENDA CAVEIRA	1	1	0	0	100.0	FAZENDA CAVEIRA (1)			FAZENDA CAVEIRA (1)
74470700	BLOQUEADO	RESIDENCIAL JARDIM HELOU	RESIDENCIAL JARDIM HELOU	10	7	0	3	60.0	RESIDENCIAL JARDIM HELOU (6) | Residencial Jardim Helou (1)		JARDIM HELLOU (3) [20.83%]	RESIDENCIAL JARDIM HELOU (6) | JARDIM HELLOU (3) | Residencial Jardim Helou (1)
74470705	BLOQUEADO	HELLOU	JARDIM HELLOU	23	13	0	10	56.52	JARDIM HELLOU (13)		RESIDENCIAL JARDIM HELOU (4) [20.83%] | Residencial Jardim Helou (3) [20.83%] | JARDIM VISTA BELA (2) [0.0%] | JARDIM NOVA ESPERANÇA (1) [7.14%]	JARDIM HELLOU (13) | RESIDENCIAL JARDIM HELOU (4) | Residencial Jardim Helou (3) | JARDIM VISTA BELA (2) | JARDIM NOVA ESPERANÇA (1)
74470710	BLOQUEADO	HELLOU	JARDIM HELLOU	17	10	0	7	58.82	JARDIM HELLOU (10)		CHACARAS MANSOES ROSAS DE OURO (1) [13.33%] | JARDIM CAMARGO (1) [0.0%] | JARDIM DAS HORTENCIAS (1) [14.29%] | JARDIM HELOU (1) [83.33%] | JARDIM VISTA BELA (1) [0.0%] | RESIDENCIAL JARDIM HELOU (1) [20.83%] | Residencial Jardim Helou (1) [20.83%]	JARDIM HELLOU (10) | CHACARAS MANSOES ROSAS DE OURO (1) | JARDIM CAMARGO (1) | JARDIM DAS HORTENCIAS (1) | JARDIM HELOU (1) | JARDIM VISTA BELA (1) | RESIDENCIAL JARDIM HELOU (1) | Residencial Jardim Helou (1)
74470720	SEGURO	HELLOU	JARDIM HELLOU	2	2	0	0	100.0	JARDIM HELLOU (2)			JARDIM HELLOU (2)
74470730	SEGURO	HELLOU	JARDIM HELLOU	1	1	0	0	100.0	JARDIM HELLOU (1)			JARDIM HELLOU (1)
74470740	SEGURO	HELLOU	JARDIM HELLOU	1	1	0	0	100.0	JARDIM HELLOU (1)			JARDIM HELLOU (1)
74470750	BLOQUEADO	RESIDENCIAL JARDIM HELOU	RESIDENCIAL JARDIM HELOU	3	2	0	1	66.67	RESIDENCIAL JARDIM HELOU (2)		JARDIM HELLOU (1) [20.83%]	RESIDENCIAL JARDIM HELOU (2) | JARDIM HELLOU (1)
74470760	BLOQUEADO	COLORADO	JARDIM COLORADO	3	1	0	2	33.33	JARDIM COLORADO (1)		JARDIM HELLOU (1) [12.5%] | RESIDENCIAL JARDIM HELOU (1) [20.83%]	JARDIM COLORADO (1) | JARDIM HELLOU (1) | RESIDENCIAL JARDIM HELOU (1)
74470820	SEGURO	RESIDENCIAL JARDIM CAMARGO	RESIDENCIAL JARDIM CAMARGO	1	1	0	0	100.0	RESIDENCIAL JARDIM CAMARGO (1)			RESIDENCIAL JARDIM CAMARGO (1)
74470825	BLOQUEADO	CAMARGO	JARDIM CAMARGO	11	7	0	4	63.64	JARDIM CAMARGO (7)		RESIDENCIAL JARDIM CAMARGO (3) [33.33%] | JARDIM COLORADO (1) [37.5%]	JARDIM CAMARGO (7) | RESIDENCIAL JARDIM CAMARGO (3) | JARDIM COLORADO (1)
74470828	SEGURO	RESIDENCIAL JARDIM CAMARGO	RESIDENCIAL JARDIM CAMARGO	1	1	0	0	100.0	RESIDENCIAL JARDIM CAMARGO (1)			RESIDENCIAL JARDIM CAMARGO (1)
74470850	BLOQUEADO	CAMARGO	JARDIM CAMARGO	17	11	0	6	64.71	JARDIM CAMARGO (11)		Residencial Jardim Camargo (3) [33.33%] | RESIDENCIAL JARDIM CAMARGO (3) [33.33%]	JARDIM CAMARGO (11) | Residencial Jardim Camargo (3) | RESIDENCIAL JARDIM CAMARGO (3)
74470855	BLOQUEADO	CAMARGO	JARDIM CAMARGO	5	2	0	3	40.0	JARDIM CAMARGO (2)		JARDIM HELLOU (2) [0.0%] | RESIDENCIAL JARDIM CAMARGO (1) [33.33%]	JARDIM CAMARGO (2) | JARDIM HELLOU (2) | RESIDENCIAL JARDIM CAMARGO (1)
74471110	SEGURO	RESIDENCIAL LONDON PARK	RESIDENCIAL LONDON PARK	1	1	0	0	100.0	RESIDENCIAL LONDON PARK (1)			RESIDENCIAL LONDON PARK (1)
74472041	SEGURO	COLORADO	JARDIM COLORADO	1	1	0	0	100.0	JARDIM COLORADO (1)			JARDIM COLORADO (1)
74473170	SEGURO	FINSOCIAL	VILA FINSOCIAL	1	1	0	0	100.0	VILA FINSOCIAL (1)			VILA FINSOCIAL (1)
74473175	SEGURO	CANDIDA DE MORAES	CANDIDA DE MORAES	2	2	0	0	100.0	CANDIDA DE MORAES (2)			CANDIDA DE MORAES (2)
74473210	SEGURO	FINSOCIAL	VILA FINSOCIAL	1	1	0	0	100.0	VILA FINSOCIAL (1)			VILA FINSOCIAL (1)
74473320	SEGURO	FINSOCIAL	VILA FINSOCIAL	1	1	0	0	100.0	VILA FINSOCIAL (1)			VILA FINSOCIAL (1)
74473370	SEGURO	FINSOCIAL	VILA FINSOCIAL	1	1	0	0	100.0	VILA FINSOCIAL (1)			VILA FINSOCIAL (1)
74473401	SEGURO	HUGO DE MORAES	HUGO DE MORAES	1	1	0	0	100.0	HUGO DE MORAES (1)			HUGO DE MORAES (1)
74473490	SEGURO	FINSOCIAL	VILA FINSOCIAL	1	1	0	0	100.0	VILA FINSOCIAL (1)			VILA FINSOCIAL (1)
74473510	SEGURO	FINSOCIAL	VILA FINSOCIAL	7	7	0	0	85.71	VILA FINSOCIAL (6) | Vila Finsocial (1)			VILA FINSOCIAL (6) | Vila Finsocial (1)
74473516	SEGURO	FINSOCIAL	VILA FINSOCIAL	2	2	0	0	100.0	VILA FINSOCIAL (2)			VILA FINSOCIAL (2)
74473525	SEGURO	FINSOCIAL	FINSOCIAL	1	1	0	0	100.0	FINSOCIAL (1)			FINSOCIAL (1)
74473530	SEGURO	FINSOCIAL	VILA FINSOCIAL	4	4	0	0	75.0	VILA FINSOCIAL (3) | FINSOCIAL (1)			VILA FINSOCIAL (3) | FINSOCIAL (1)
74473545	SEGURO	FINSOCIAL	VILA FINSOCIAL	1	1	0	0	100.0	VILA FINSOCIAL (1)			VILA FINSOCIAL (1)
74473550	SEGURO	FINSOCIAL	VILA FINSOCIAL	3	3	0	0	100.0	VILA FINSOCIAL (3)			VILA FINSOCIAL (3)
74473560	SEGURO	FINSOCIAL	VILA FINSOCIAL	6	6	0	0	83.33	VILA FINSOCIAL (5) | Vila Finsocial (1)			VILA FINSOCIAL (5) | Vila Finsocial (1)
74473565	SEGURO	FINSOCIAL	VILA FINSOCIAL	2	2	0	0	100.0	VILA FINSOCIAL (2)			VILA FINSOCIAL (2)
74473570	SEGURO	FINSOCIAL	VILA FINSOCIAL	7	7	0	0	57.14	VILA FINSOCIAL (4) | Vila Finsocial (3)			VILA FINSOCIAL (4) | Vila Finsocial (3)
74473590	SEGURO	FINSOCIAL	VILA FINSOCIAL	13	13	0	0	92.31	VILA FINSOCIAL (12) | Vila Finsocial (1)			VILA FINSOCIAL (12) | Vila Finsocial (1)
74473630	SEGURO	FINSOCIAL	VILA FINSOCIAL	3	3	0	0	66.67	VILA FINSOCIAL (2) | Vila Finsocial (1)			VILA FINSOCIAL (2) | Vila Finsocial (1)
74473650	SEGURO	FINSOCIAL	VILA FINSOCIAL	6	6	0	0	100.0	VILA FINSOCIAL (6)			VILA FINSOCIAL (6)
74473690	SEGURO	FINSOCIAL	VILA FINSOCIAL	1	1	0	0	100.0	VILA FINSOCIAL (1)			VILA FINSOCIAL (1)
74473710	SEGURO	FINSOCIAL	VILA FINSOCIAL	1	1	0	0	100.0	VILA FINSOCIAL (1)			VILA FINSOCIAL (1)
74473720	SEGURO	FINSOCIAL	VILA FINSOCIAL	1	1	0	0	100.0	VILA FINSOCIAL (1)			VILA FINSOCIAL (1)
74473730	SEGURO	FINSOCIAL	VILA FINSOCIAL	7	7	0	0	100.0	VILA FINSOCIAL (7)			VILA FINSOCIAL (7)
74473735	SEGURO	FINSOCIAL	VILA FINSOCIAL	3	3	0	0	66.67	VILA FINSOCIAL (2) | Vila Finsocial (1)			VILA FINSOCIAL (2) | Vila Finsocial (1)
74473740	SEGURO	FINSOCIAL	VILA FINSOCIAL	3	3	0	0	100.0	VILA FINSOCIAL (3)			VILA FINSOCIAL (3)
74473750	SEGURO	FINSOCIAL	VILA FINSOCIAL	5	5	0	0	100.0	VILA FINSOCIAL (5)			VILA FINSOCIAL (5)
74473760	SEGURO	FINSOCIAL	VILA FINSOCIAL	6	6	0	0	100.0	VILA FINSOCIAL (6)			VILA FINSOCIAL (6)
74473770	SEGURO	FINSOCIAL	VILA FINSOCIAL	1	1	0	0	100.0	VILA FINSOCIAL (1)			VILA FINSOCIAL (1)
74473780	SEGURO	FINSOCIAL	VILA FINSOCIAL	4	4	0	0	100.0	VILA FINSOCIAL (4)			VILA FINSOCIAL (4)
74473782	SEGURO	FINSOCIAL	VILA FINSOCIAL	3	3	0	0	66.67	VILA FINSOCIAL (2) | FINSOCIAL (1)			VILA FINSOCIAL (2) | FINSOCIAL (1)
74473784	SEGURO	FINSOCIAL	VILA FINSOCIAL	1	1	0	0	100.0	VILA FINSOCIAL (1)			VILA FINSOCIAL (1)
74473786	SEGURO	FINSOCIAL	VILA FINSOCIAL	1	1	0	0	100.0	VILA FINSOCIAL (1)			VILA FINSOCIAL (1)
74473788	SEGURO	FINSOCIAL	VILA FINSOCIAL	5	5	0	0	80.0	VILA FINSOCIAL (4) | Vila Finsocial (1)			VILA FINSOCIAL (4) | Vila Finsocial (1)
74473790	SEGURO	FINSOCIAL	VILA FINSOCIAL	3	3	0	0	100.0	VILA FINSOCIAL (3)			VILA FINSOCIAL (3)
74473792	SEGURO	FINSOCIAL	VILA FINSOCIAL	6	6	0	0	50.0	VILA FINSOCIAL (3) | Vila Finsocial (2) | FINSOCIAL (1)			VILA FINSOCIAL (3) | Vila Finsocial (2) | FINSOCIAL (1)
74473793	SEGURO	FINSOCIAL	VILA FINSOCIAL	1	1	0	0	100.0	VILA FINSOCIAL (1)			VILA FINSOCIAL (1)
74473796	SEGURO	MORADA DO SOL	Setor Morada do Sol	1	1	0	0	100.0	Setor Morada do Sol (1)			Setor Morada do Sol (1)
74473806	SEGURO	MORADA DO SOL	SETOR MORADA DO SOL	1	1	0	0	100.0	SETOR MORADA DO SOL (1)			SETOR MORADA DO SOL (1)
74473830	SEGURO	MORADA DO SOL	MORADA DO SOL	2	2	0	0	50.0	MORADA DO SOL (1) | SETOR MORADA DO SOL (1)			MORADA DO SOL (1) | SETOR MORADA DO SOL (1)
74473831	SEGURO	RESIDENCIAL MARINGA	RESIDENCIAL MARINGÁ	4	4	0	0	100.0	RESIDENCIAL MARINGÁ (4)			RESIDENCIAL MARINGÁ (4)
74473832	SEGURO	RESIDENCIAL MARINGA	RESIDENCIAL MARINGÁ	4	4	0	0	50.0	RESIDENCIAL MARINGÁ (2) | Residencial Maringá (2)			RESIDENCIAL MARINGÁ (2) | Residencial Maringá (2)
74473833	SEGURO	RESIDENCIAL MARINGA	RESIDENCIAL MARINGÁ	1	1	0	0	100.0	RESIDENCIAL MARINGÁ (1)			RESIDENCIAL MARINGÁ (1)
74473834	SEGURO	RESIDENCIAL MARINGA	RESIDENCIAL MARINGÁ	11	11	0	0	81.82	RESIDENCIAL MARINGÁ (9) | Residencial Maringá (2)			RESIDENCIAL MARINGÁ (9) | Residencial Maringá (2)
74473835	SEGURO	RESIDENCIAL MARINGA	RESIDENCIAL MARINGÁ	32	32	0	0	71.88	RESIDENCIAL MARINGÁ (23) | RESIDENCIAL MARINGA (5) | Residencial Maringá (4)			RESIDENCIAL MARINGÁ (23) | RESIDENCIAL MARINGA (5) | Residencial Maringá (4)
74473836	SEGURO	RESIDENCIAL MARINGA	RESIDENCIAL MARINGÁ	16	16	0	0	87.5	RESIDENCIAL MARINGÁ (14) | Residencial Maringá (2)			RESIDENCIAL MARINGÁ (14) | Residencial Maringá (2)
74473838	REVISAR	RESIDENCIAL MARINGA	RESIDENCIAL MARINGÁ	12	10	0	2	83.33	RESIDENCIAL MARINGÁ (10)		JARDIM COLORADO (2) [15.79%]	RESIDENCIAL MARINGÁ (10) | JARDIM COLORADO (2)
74473839	SEGURO	DAS HORTENCIAS	JARDIM DAS HORTENCIAS	1	1	0	0	100.0	JARDIM DAS HORTENCIAS (1)			JARDIM DAS HORTENCIAS (1)
74474000	REVISAR	COLORADO	JARDIM COLORADO	6	5	0	1	83.33	JARDIM COLORADO (5)		PARQUE TREMENDÃO (1) [22.22%]	JARDIM COLORADO (5) | PARQUE TREMENDÃO (1)
74474001	REVISAR	COLORADO	JARDIM COLORADO	20	18	0	2	80.0	JARDIM COLORADO (16) | Jardim Colorado (2)		JARDIM DAS HORTENCIAS (1) [14.29%] | JARDIM VISTA BELA (1) [0.0%]	JARDIM COLORADO (16) | Jardim Colorado (2) | JARDIM DAS HORTENCIAS (1) | JARDIM VISTA BELA (1)
74474003	BLOQUEADO	COLORADO	JARDIM COLORADO	15	14	0	1	66.67	JARDIM COLORADO (10) | Jardim Colorado (4)		JARDIM HELLOU (1) [12.5%]	JARDIM COLORADO (10) | Jardim Colorado (4) | JARDIM HELLOU (1)
74474004	SEGURO	COLORADO	JARDIM COLORADO	4	4	0	0	100.0	JARDIM COLORADO (4)			JARDIM COLORADO (4)
74474006	REVISAR	COLORADO	JARDIM COLORADO	85	83	0	2	91.76	JARDIM COLORADO (78) | Jardim Colorado (5)		JARDIM COLORADO QD- 12 LT- 11 (1) [36.36%] | SAO CARLOS (1) [20.0%]	JARDIM COLORADO (78) | Jardim Colorado (5) | JARDIM COLORADO QD- 12 LT- 11 (1) | SAO CARLOS (1)
74474008	BLOQUEADO	COLORADO	JARDIM COLORADO	7	5	0	2	71.43	JARDIM COLORADO (5)		JARDIM VISTA BELA (1) [0.0%] | PARQUE TREMENDÃO (1) [22.22%]	JARDIM COLORADO (5) | JARDIM VISTA BELA (1) | PARQUE TREMENDÃO (1)
74474009	REVISAR	COLORADO	JARDIM COLORADO	60	59	0	1	91.67	JARDIM COLORADO (55) | Jardim Colorado (4)		JARDIM DAS HORTENCIAS (1) [14.29%]	JARDIM COLORADO (55) | Jardim Colorado (4) | JARDIM DAS HORTENCIAS (1)
74474010	BLOQUEADO	COLORADO	JARDIM COLORADO	12	8	0	4	66.67	JARDIM COLORADO (8)		JARDIM DAS HORTENCIAS (3) [14.29%] | JARDIM DAS HORTÊNCIAS (1) [14.29%]	JARDIM COLORADO (8) | JARDIM DAS HORTENCIAS (3) | JARDIM DAS HORTÊNCIAS (1)
74474011	REVISAR	COLORADO	JARDIM COLORADO	59	57	0	2	77.97	JARDIM COLORADO (46) | Jardim Colorado (11)		JARDIM DAS HORTENCIAS (1) [14.29%] | RESIDENCIAL JARDIM COLORADO (1) [33.33%]	JARDIM COLORADO (46) | Jardim Colorado (11) | JARDIM DAS HORTENCIAS (1) | RESIDENCIAL JARDIM COLORADO (1)
74474012	SEGURO	COLORADO	JARDIM COLORADO	5	5	0	0	80.0	JARDIM COLORADO (4) | Jardim Colorado (1)			JARDIM COLORADO (4) | Jardim Colorado (1)
74474014	SEGURO	COLORADO	JARDIM COLORADO	34	34	0	0	82.35	JARDIM COLORADO (28) | Jardim Colorado (6)			JARDIM COLORADO (28) | Jardim Colorado (6)
74474015	REVISAR	COLORADO	JARDIM COLORADO	10	9	0	1	90.0	JARDIM COLORADO (9)		MANSÕES PARAISO (1) [26.67%]	JARDIM COLORADO (9) | MANSÕES PARAISO (1)
74474016	SEGURO	COLORADO	JARDIM COLORADO	16	16	0	0	93.75	JARDIM COLORADO (15) | Jardim Colorado (1)			JARDIM COLORADO (15) | Jardim Colorado (1)
74474017	REVISAR	COLORADO	JARDIM COLORADO	14	13	0	1	85.71	JARDIM COLORADO (12) | Jardim Colorado (1)		NOVO PLANALTO (1) [30.77%]	JARDIM COLORADO (12) | Jardim Colorado (1) | NOVO PLANALTO (1)
74474018	REVISAR	COLORADO	JARDIM COLORADO	33	32	0	1	87.88	JARDIM COLORADO (29) | Jardim Colorado (3)		JARDIM COLORADO 1 (1) [80.0%]	JARDIM COLORADO (29) | Jardim Colorado (3) | JARDIM COLORADO 1 (1)
74474020	SEGURO	COLORADO	JARDIM COLORADO	11	11	0	0	100.0	JARDIM COLORADO (11)			JARDIM COLORADO (11)
74474021	SEGURO	COLORADO	JARDIM COLORADO	31	31	0	0	96.77	JARDIM COLORADO (30) | Jardim Colorado (1)			JARDIM COLORADO (30) | Jardim Colorado (1)
74474022	REVISAR	COLORADO	JARDIM COLORADO	9	8	0	1	88.89	JARDIM COLORADO (8)		JARDIM VISTA BELA (1) [0.0%]	JARDIM COLORADO (8) | JARDIM VISTA BELA (1)
74474023	REVISAR	COLORADO	JARDIM COLORADO	33	32	0	1	90.91	JARDIM COLORADO (30) | Jardim Colorado (2)		PARQUE TREMENDÃO (1) [22.22%]	JARDIM COLORADO (30) | Jardim Colorado (2) | PARQUE TREMENDÃO (1)
74474024	BLOQUEADO	COLORADO	JARDIM COLORADO	11	6	0	5	54.55	JARDIM COLORADO (6)		JARDIM HELLOU (2) [12.5%] | JARDIM VISTA BELA (2) [0.0%] | JARDIM CAMARGO (1) [37.5%]	JARDIM COLORADO (6) | JARDIM HELLOU (2) | JARDIM VISTA BELA (2) | JARDIM CAMARGO (1)
74474026	SEGURO	COLORADO	JARDIM COLORADO	26	26	0	0	88.46	JARDIM COLORADO (23) | Jardim Colorado (3)			JARDIM COLORADO (23) | Jardim Colorado (3)
74474027	SEGURO	COLORADO	JARDIM COLORADO	6	6	0	0	83.33	JARDIM COLORADO (5) | Jardim Colorado (1)			JARDIM COLORADO (5) | Jardim Colorado (1)
74474028	SEGURO	COLORADO	JARDIM COLORADO	5	5	0	0	80.0	JARDIM COLORADO (4) | Jardim Colorado (1)			JARDIM COLORADO (4) | Jardim Colorado (1)
74474029	SEGURO	COLORADO	JARDIM COLORADO	5	5	0	0	100.0	JARDIM COLORADO (5)			JARDIM COLORADO (5)
74474030	SEGURO	VISTA BELA	JARDIM VISTA BELA	3	3	0	0	33.33	JARDIM VISTA BELA (1) | SETOR VISTA BELA (1) | VISTA BELA (1)			JARDIM VISTA BELA (1) | SETOR VISTA BELA (1) | VISTA BELA (1)
74474031	BLOQUEADO	COLORADO	JARDIM COLORADO	6	5	0	1	66.67	JARDIM COLORADO (4) | Jardim Colorado (1)		RESIDENCIAL FORTALEZA (1) [23.81%]	JARDIM COLORADO (4) | Jardim Colorado (1) | RESIDENCIAL FORTALEZA (1)
74474032	SEGURO	COLORADO	JARDIM COLORADO	4	4	0	0	100.0	JARDIM COLORADO (4)			JARDIM COLORADO (4)
74474033	SEGURO	COLORADO	JARDIM COLORADO	8	8	0	0	75.0	JARDIM COLORADO (6) | Jardim Colorado (2)			JARDIM COLORADO (6) | Jardim Colorado (2)
74474034	SEGURO	COLORADO	JARDIM COLORADO	7	7	0	0	100.0	JARDIM COLORADO (7)			JARDIM COLORADO (7)
74474038	BLOQUEADO	COLORADO	JARDIM COLORADO	4	2	0	2	50.0	JARDIM COLORADO (2)		JARDIM DAS HORTENCIAS (2) [14.29%]	JARDIM COLORADO (2) | JARDIM DAS HORTENCIAS (2)
74474039	SEGURO	COLORADO	JARDIM COLORADO	3	3	0	0	100.0	JARDIM COLORADO (3)			JARDIM COLORADO (3)
74474040	BLOQUEADO	COLORADO	JARDIM COLORADO	3	2	0	1	66.67	JARDIM COLORADO (2)		JARDIM DAS HORTENCIAS (1) [14.29%]	JARDIM COLORADO (2) | JARDIM DAS HORTENCIAS (1)
74474041	BLOQUEADO	COLORADO	JARDIM COLORADO	9	8	0	1	66.67	JARDIM COLORADO (6) | Jardim Colorado (2)		NOVO PLANALTO (1) [30.77%]	JARDIM COLORADO (6) | Jardim Colorado (2) | NOVO PLANALTO (1)
74474044	SEGURO	COLORADO	JARDIM COLORADO	2	2	0	0	100.0	JARDIM COLORADO (2)			JARDIM COLORADO (2)
74474045	SEGURO	COLORADO	JARDIM COLORADO	3	3	0	0	100.0	JARDIM COLORADO (3)			JARDIM COLORADO (3)
74474046	SEGURO	COLORADO	JARDIM COLORADO	2	2	0	0	100.0	JARDIM COLORADO (2)			JARDIM COLORADO (2)
74474047	REVISAR	COLORADO	JARDIM COLORADO	52	51	0	1	90.38	JARDIM COLORADO (47) | Jardim Colorado (4)		VILA MUTIRAO (1) [37.5%]	JARDIM COLORADO (47) | Jardim Colorado (4) | VILA MUTIRAO (1)
74474048	REVISAR	COLORADO	JARDIM COLORADO	45	43	0	2	86.67	JARDIM COLORADO (39) | Jardim Colorado (4)		JARDIM DAS HORTENCIAS (1) [14.29%] | JARDIM VISTA BELA (1) [0.0%]	JARDIM COLORADO (39) | Jardim Colorado (4) | JARDIM DAS HORTENCIAS (1) | JARDIM VISTA BELA (1)
74474049	SEGURO	COLORADO	JARDIM COLORADO	18	18	0	0	94.44	JARDIM COLORADO (17) | Jardim Colorado (1)			JARDIM COLORADO (17) | Jardim Colorado (1)
74474080	SEGURO	COLORADO	JARDIM COLORADO	1	1	0	0	100.0	JARDIM COLORADO (1)			JARDIM COLORADO (1)
74474100	SEGURO	DAS HORTENCIAS	JARDIM DAS HORTENCIAS	26	26	0	0	61.54	JARDIM DAS HORTENCIAS (16) | JARDIM DAS HORTÊNCIAS (7) | Jardim das Hortências (3)			JARDIM DAS HORTENCIAS (16) | JARDIM DAS HORTÊNCIAS (7) | Jardim das Hortências (3)
74474101	BLOQUEADO	DAS HORTENCIAS	JARDIM DAS HORTÊNCIAS	62	58	4	0	51.61	JARDIM DAS HORTÊNCIAS (32) | JARDIM DAS HORTENCIAS (22) | Jardim das Hortências (4)	JARDIM DAS HORTENSIAS (2) [92.86%] | JARDIM  DAS HORTENCIA (1) [92.86%] | JARDIM DAS HORTÊNSIAS (1) [92.86%]		JARDIM DAS HORTÊNCIAS (32) | JARDIM DAS HORTENCIAS (22) | Jardim das Hortências (4) | JARDIM DAS HORTENSIAS (2) | JARDIM  DAS HORTENCIA (1) | JARDIM DAS HORTÊNSIAS (1)
74474102	SEGURO	DAS HORTENCIAS	JARDIM DAS HORTENCIAS	33	33	0	0	54.55	JARDIM DAS HORTENCIAS (18) | JARDIM DAS HORTÊNCIAS (12) | Jardim das Hortências (3)			JARDIM DAS HORTENCIAS (18) | JARDIM DAS HORTÊNCIAS (12) | Jardim das Hortências (3)
74474103	BLOQUEADO	DAS HORTENCIAS	JARDIM DAS HORTENCIAS	34	33	0	1	55.88	JARDIM DAS HORTENCIAS (19) | JARDIM DAS HORTÊNCIAS (10) | Jardim das Hortências (4)		PARQUE TREMENDAO (1) [21.43%]	JARDIM DAS HORTENCIAS (19) | JARDIM DAS HORTÊNCIAS (10) | Jardim das Hortências (4) | PARQUE TREMENDAO (1)
74474104	SEGURO	DAS HORTENCIAS	JARDIM DAS HORTÊNCIAS	17	17	0	0	52.94	JARDIM DAS HORTÊNCIAS (9) | JARDIM DAS HORTENCIAS (8)			JARDIM DAS HORTÊNCIAS (9) | JARDIM DAS HORTENCIAS (8)
74474105	SEGURO	DAS HORTENCIAS	JARDIM DAS HORTENCIAS	29	29	0	0	48.28	JARDIM DAS HORTENCIAS (14) | JARDIM DAS HORTÊNCIAS (9) | Jardim das Hortências (6)			JARDIM DAS HORTENCIAS (14) | JARDIM DAS HORTÊNCIAS (9) | Jardim das Hortências (6)
74474106	SEGURO	DAS HORTENCIAS	JARDIM DAS HORTÊNCIAS	7	7	0	0	57.14	JARDIM DAS HORTÊNCIAS (4) | JARDIM DAS HORTENCIAS (2) | Jardim das Hortências (1)			JARDIM DAS HORTÊNCIAS (4) | JARDIM DAS HORTENCIAS (2) | Jardim das Hortências (1)
74474107	SEGURO	DAS HORTENCIAS	JARDIM DAS HORTENCIAS	1	1	0	0	100.0	JARDIM DAS HORTENCIAS (1)			JARDIM DAS HORTENCIAS (1)
74474108	BLOQUEADO	DAS HORTENCIAS	JARDIM DAS HORTÊNCIAS	3	2	0	1	66.67	JARDIM DAS HORTÊNCIAS (2)		JARDIM COLORADO (1) [14.29%]	JARDIM DAS HORTÊNCIAS (2) | JARDIM COLORADO (1)
74474109	SEGURO	DAS HORTENCIAS	JARDIM DAS HORTENCIAS	1	1	0	0	100.0	JARDIM DAS HORTENCIAS (1)			JARDIM DAS HORTENCIAS (1)
74474110	BLOQUEADO	DAS HORTENCIAS	JARDIM DAS HORTENCIAS	4	3	0	1	50.0	JARDIM DAS HORTENCIAS (2) | JARDIM DAS HORTÊNCIAS (1)		JARDIM CURITIBA IV (1) [7.14%]	JARDIM DAS HORTENCIAS (2) | JARDIM CURITIBA IV (1) | JARDIM DAS HORTÊNCIAS (1)
74474113	SEGURO	DAS HORTENCIAS	JARDIM DAS HORTENCIAS	2	2	0	0	100.0	JARDIM DAS HORTENCIAS (2)			JARDIM DAS HORTENCIAS (2)
74474114	BLOQUEADO	DAS HORTENCIAS	JARDIM DAS HORTENCIAS	3	2	0	1	66.67	JARDIM DAS HORTENCIAS (2)		JARDIM VISTA BELA (1) [21.43%]	JARDIM DAS HORTENCIAS (2) | JARDIM VISTA BELA (1)
74474115	BLOQUEADO	DAS HORTENCIAS	JARDIM DAS HORTÊNCIAS	10	9	0	1	60.0	JARDIM DAS HORTÊNCIAS (6) | JARDIM DAS HORTENCIAS (3)		RESIDENCIAL MARINGÁ (1) [15.79%]	JARDIM DAS HORTÊNCIAS (6) | JARDIM DAS HORTENCIAS (3) | RESIDENCIAL MARINGÁ (1)
74474116	BLOQUEADO	DAS HORTENCIAS	JARDIM DAS HORTÊNCIAS	24	23	1	0	54.17	JARDIM DAS HORTÊNCIAS (13) | JARDIM DAS HORTENCIAS (9) | Jardim das Hortências (1)	JARDIM DAS HORTENCIA (1) [92.86%]		JARDIM DAS HORTÊNCIAS (13) | JARDIM DAS HORTENCIAS (9) | JARDIM DAS HORTENCIA (1) | Jardim das Hortências (1)
74474117	SEGURO	DAS HORTENCIAS	JARDIM DAS HORTENCIAS	8	8	0	0	62.5	JARDIM DAS HORTENCIAS (5) | JARDIM DAS HORTÊNCIAS (2) | Jardim das Hortências (1)			JARDIM DAS HORTENCIAS (5) | JARDIM DAS HORTÊNCIAS (2) | Jardim das Hortências (1)
74474118	SEGURO	DAS HORTENCIAS	JARDIM DAS HORTÊNCIAS	10	10	0	0	70.0	JARDIM DAS HORTÊNCIAS (7) | JARDIM DAS HORTENCIAS (3)			JARDIM DAS HORTÊNCIAS (7) | JARDIM DAS HORTENCIAS (3)
74474119	BLOQUEADO	COLORADO	JARDIM COLORADO	2	1	0	1	50.0	JARDIM COLORADO (1)		JARDIM DAS HORTÊNCIAS (1) [14.29%]	JARDIM COLORADO (1) | JARDIM DAS HORTÊNCIAS (1)
74474120	BLOQUEADO	DAS HORTENCIAS	JARDIM DAS HORTENCIAS	2	1	1	0	50.0	JARDIM DAS HORTENCIAS (1)	JARDIM DAS HORTENSIAS (1) [92.86%]		JARDIM DAS HORTENCIAS (1) | JARDIM DAS HORTENSIAS (1)
74474121	SEGURO	DAS HORTENCIAS	JARDIM DAS HORTENCIAS	14	14	0	0	64.29	JARDIM DAS HORTENCIAS (9) | JARDIM DAS HORTÊNCIAS (5)			JARDIM DAS HORTENCIAS (9) | JARDIM DAS HORTÊNCIAS (5)
74474122	SEGURO	DAS HORTENCIAS	JARDIM DAS HORTÊNCIAS	8	8	0	0	62.5	JARDIM DAS HORTÊNCIAS (5) | JARDIM DAS HORTENCIAS (3)			JARDIM DAS HORTÊNCIAS (5) | JARDIM DAS HORTENCIAS (3)
74474123	BLOQUEADO	DAS HORTENCIAS	JARDIM DAS HORTENCIAS	17	16	0	1	58.82	JARDIM DAS HORTENCIAS (10) | JARDIM DAS HORTÊNCIAS (4) | Jardim das Hortências (2)		JARDIM COLORADO (1) [14.29%]	JARDIM DAS HORTENCIAS (10) | JARDIM DAS HORTÊNCIAS (4) | Jardim das Hortências (2) | JARDIM COLORADO (1)
74474125	SEGURO	DAS HORTENCIAS	JARDIM DAS HORTÊNCIAS	8	8	0	0	62.5	JARDIM DAS HORTÊNCIAS (5) | JARDIM DAS HORTENCIAS (3)			JARDIM DAS HORTÊNCIAS (5) | JARDIM DAS HORTENCIAS (3)
74474126	SEGURO	DAS HORTENCIAS	JARDIM DAS HORTÊNCIAS	2	2	0	0	50.0	JARDIM DAS HORTÊNCIAS (1) | Jardim das Hortências (1)			JARDIM DAS HORTÊNCIAS (1) | Jardim das Hortências (1)
74474127	BLOQUEADO	DAS HORTENCIAS	JARDIM DAS HORTENCIAS	11	10	1	0	45.45	JARDIM DAS HORTENCIAS (5) | JARDIM DAS HORTÊNCIAS (4) | Jardim das Hortências (1)	JARDIM DAS HORTÊNSIAS (1) [92.86%]		JARDIM DAS HORTENCIAS (5) | JARDIM DAS HORTÊNCIAS (4) | Jardim das Hortências (1) | JARDIM DAS HORTÊNSIAS (1)
74474128	SEGURO	DAS HORTENCIAS	JARDIM DAS HORTENCIAS	22	22	0	0	54.55	JARDIM DAS HORTENCIAS (12) | JARDIM DAS HORTÊNCIAS (10)			JARDIM DAS HORTENCIAS (12) | JARDIM DAS HORTÊNCIAS (10)
74474129	BLOQUEADO	DAS HORTENCIAS	JARDIM DAS HORTENCIAS	12	11	0	1	66.67	JARDIM DAS HORTENCIAS (8) | JARDIM DAS HORTÊNCIAS (2) | Jardim das Hortências (1)		JARDIM COLORADO (1) [14.29%]	JARDIM DAS HORTENCIAS (8) | JARDIM DAS HORTÊNCIAS (2) | JARDIM COLORADO (1) | Jardim das Hortências (1)
74474130	SEGURO	DAS HORTENCIAS	JARDIM DAS HORTENCIAS	10	10	0	0	60.0	JARDIM DAS HORTENCIAS (6) | JARDIM DAS HORTÊNCIAS (4)			JARDIM DAS HORTENCIAS (6) | JARDIM DAS HORTÊNCIAS (4)
74474131	BLOQUEADO	DAS HORTENCIAS	JARDIM DAS HORTENCIAS	9	8	1	0	44.44	JARDIM DAS HORTENCIAS (4) | JARDIM DAS HORTÊNCIAS (3) | Jardim das Hortências (1)	JARDIM DAS HORTENCIA (1) [92.86%]		JARDIM DAS HORTENCIAS (4) | JARDIM DAS HORTÊNCIAS (3) | JARDIM DAS HORTENCIA (1) | Jardim das Hortências (1)
74474133	SEGURO	DAS HORTENCIAS	JARDIM DAS HORTENCIAS	6	6	0	0	50.0	JARDIM DAS HORTENCIAS (3) | JARDIM DAS HORTÊNCIAS (3)			JARDIM DAS HORTENCIAS (3) | JARDIM DAS HORTÊNCIAS (3)
74474134	SEGURO	DAS HORTENCIAS	JARDIM DAS HORTÊNCIAS	3	3	0	0	66.67	JARDIM DAS HORTÊNCIAS (2) | JARDIM DAS HORTENCIAS (1)			JARDIM DAS HORTÊNCIAS (2) | JARDIM DAS HORTENCIAS (1)
74474136	BLOQUEADO	DAS HORTENCIAS	JARDIM DAS HORTENCIAS	12	11	0	1	50.0	JARDIM DAS HORTENCIAS (6) | JARDIM DAS HORTÊNCIAS (5)		PARQUE TREMENDÃO (1) [21.43%]	JARDIM DAS HORTENCIAS (6) | JARDIM DAS HORTÊNCIAS (5) | PARQUE TREMENDÃO (1)
74474137	BLOQUEADO	DAS HORTENCIAS	JARDIM DAS HORTÊNCIAS	7	5	1	1	57.14	JARDIM DAS HORTÊNCIAS (4) | JARDIM DAS HORTENCIAS (1)	JARDIM DAS HORTÊNCIA (1) [92.86%]	JARDIN DAS HORTENCIAS (1) [66.67%]	JARDIM DAS HORTÊNCIAS (4) | JARDIM DAS HORTÊNCIA (1) | JARDIM DAS HORTENCIAS (1) | JARDIN DAS HORTENCIAS (1)
74474138	SEGURO	DAS HORTENCIAS	JARDIM DAS HORTENCIAS	5	5	0	0	60.0	JARDIM DAS HORTENCIAS (3) | JARDIM DAS HORTÊNCIAS (2)			JARDIM DAS HORTENCIAS (3) | JARDIM DAS HORTÊNCIAS (2)
74474139	SEGURO	DAS HORTENCIAS	JARDIM DAS HORTÊNCIAS	4	4	0	0	75.0	JARDIM DAS HORTÊNCIAS (3) | JARDIM DAS HORTENCIAS (1)			JARDIM DAS HORTÊNCIAS (3) | JARDIM DAS HORTENCIAS (1)
74474140	BLOQUEADO	DAS HORTENCIAS	JARDIM DAS HORTENCIAS	25	16	0	9	40.0	JARDIM DAS HORTENCIAS (10) | JARDIM DAS HORTÊNCIAS (5) | Jardim das Hortências (1)		JARDIM CURITIBA IV (2) [7.14%] | CANDIDA DE MORAES (1) [23.53%] | JARDIM COLORADO (1) [14.29%] | NOVO PLANALTO (1) [7.14%] | PARQUE TREMENDÃO (1) [21.43%] | Parque Tremendão (1) [21.43%] | PORTAL DAS HORTENCIAS (1) [66.67%] | RESIDENCIAL GREEN PARK (1) [27.27%]	JARDIM DAS HORTENCIAS (10) | JARDIM DAS HORTÊNCIAS (5) | JARDIM CURITIBA IV (2) | CANDIDA DE MORAES (1) | JARDIM COLORADO (1) | Jardim das Hortências (1) | NOVO PLANALTO (1) | PARQUE TREMENDÃO (1) | Parque Tremendão (1) | PORTAL DAS HORTENCIAS (1) | RESIDENCIAL GREEN PARK (1)
74474141	SEGURO	DAS HORTENCIAS	JARDIM DAS HORTÊNCIAS	3	3	0	0	66.67	JARDIM DAS HORTÊNCIAS (2) | JARDIM DAS HORTENCIAS (1)			JARDIM DAS HORTÊNCIAS (2) | JARDIM DAS HORTENCIAS (1)
74474142	BLOQUEADO	DAS HORTENCIAS	JARDIM DAS HORTENCIAS	16	15	1	0	68.75	JARDIM DAS HORTENCIAS (11) | JARDIM DAS HORTÊNCIAS (4)	JARDIM DAS HORTENCIA (1) [92.86%]		JARDIM DAS HORTENCIAS (11) | JARDIM DAS HORTÊNCIAS (4) | JARDIM DAS HORTENCIA (1)
74474143	SEGURO	DAS HORTENCIAS	JARDIM DAS HORTÊNCIAS	1	1	0	0	100.0	JARDIM DAS HORTÊNCIAS (1)			JARDIM DAS HORTÊNCIAS (1)
74474144	SEGURO	DAS HORTENCIAS	JARDIM DAS HORTENCIAS	8	8	0	0	62.5	JARDIM DAS HORTENCIAS (5) | JARDIM DAS HORTÊNCIAS (3)			JARDIM DAS HORTENCIAS (5) | JARDIM DAS HORTÊNCIAS (3)
74474145	SEGURO	DAS HORTENCIAS	JARDIM DAS HORTÊNCIAS	2	2	0	0	100.0	JARDIM DAS HORTÊNCIAS (2)			JARDIM DAS HORTÊNCIAS (2)
74474146	SEGURO	DAS HORTENCIAS	JARDIM DAS HORTENCIAS	3	3	0	0	66.67	JARDIM DAS HORTENCIAS (2) | JARDIM DAS HORTÊNCIAS (1)			JARDIM DAS HORTENCIAS (2) | JARDIM DAS HORTÊNCIAS (1)
74474148	SEGURO	DAS HORTENCIAS	JARDIM DAS HORTÊNCIAS	1	1	0	0	100.0	JARDIM DAS HORTÊNCIAS (1)			JARDIM DAS HORTÊNCIAS (1)
74474200	REVISAR	VISTA BELA	JARDIM VISTA BELA	42	37	0	5	85.71	JARDIM VISTA BELA (36) | Jardim Vista Bela (1)		JARDIM COLORADO (5) [0.0%]	JARDIM VISTA BELA (36) | JARDIM COLORADO (5) | Jardim Vista Bela (1)
74474201	SEGURO	VISTA BELA	JARDIM VISTA BELA	8	8	0	0	100.0	JARDIM VISTA BELA (8)			JARDIM VISTA BELA (8)
74474202	SEGURO	VISTA BELA	JARDIM VISTA BELA	17	17	0	0	88.24	JARDIM VISTA BELA (15) | Jardim Vista Bela (2)			JARDIM VISTA BELA (15) | Jardim Vista Bela (2)
74474203	REVISAR	VISTA BELA	JARDIM VISTA BELA	60	55	0	5	81.67	JARDIM VISTA BELA (49) | Jardim Vista Bela (5) | VISTA BELA (1)		JARDIM DAS HORTENCIAS (1) [21.43%] | JARDIM LIBERDADE (1) [10.0%] | MANSÕES PARAÍSO (1) [20.0%] | NOVO PLANALTO (1) [15.38%] | PARQUE TREMENDÃO (1) [10.0%]	JARDIM VISTA BELA (49) | Jardim Vista Bela (5) | JARDIM DAS HORTENCIAS (1) | JARDIM LIBERDADE (1) | MANSÕES PARAÍSO (1) | NOVO PLANALTO (1) | PARQUE TREMENDÃO (1) | VISTA BELA (1)
74474204	REVISAR	VISTA BELA	JARDIM VISTA BELA	10	9	0	1	80.0	JARDIM VISTA BELA (8) | Jardim Vista Bela (1)		ST MARABÁ (1) [20.0%]	JARDIM VISTA BELA (8) | Jardim Vista Bela (1) | ST MARABÁ (1)
74474205	SEGURO	VISTA BELA	JARDIM VISTA BELA	11	11	0	0	81.82	JARDIM VISTA BELA (9) | Jardim Vista Bela (2)			JARDIM VISTA BELA (9) | Jardim Vista Bela (2)
74474206	SEGURO	VISTA BELA	JARDIM VISTA BELA	27	27	0	0	92.59	JARDIM VISTA BELA (25) | Jardim Vista Bela (2)			JARDIM VISTA BELA (25) | Jardim Vista Bela (2)
74474208	REVISAR	VISTA BELA	JARDIM VISTA BELA	9	8	0	1	88.89	JARDIM VISTA BELA (8)		JARDIM COLORADO (1) [0.0%]	JARDIM VISTA BELA (8) | JARDIM COLORADO (1)
74474209	SEGURO	VISTA BELA	JARDIM VISTA BELA	23	23	0	0	78.26	JARDIM VISTA BELA (18) | Jardim Vista Bela (5)			JARDIM VISTA BELA (18) | Jardim Vista Bela (5)
74474210	SEGURO	VISTA BELA	JARDIM VISTA BELA	9	9	0	0	100.0	JARDIM VISTA BELA (9)			JARDIM VISTA BELA (9)
74474211	SEGURO	VISTA BELA	JARDIM VISTA BELA	11	11	0	0	90.91	JARDIM VISTA BELA (10) | Jardim Vista Bela (1)			JARDIM VISTA BELA (10) | Jardim Vista Bela (1)
74474212	REVISAR	VISTA BELA	JARDIM VISTA BELA	14	13	0	1	85.71	JARDIM VISTA BELA (12) | Jardim Vista Bela (1)		JARDIM COLORADO (1) [0.0%]	JARDIM VISTA BELA (12) | JARDIM COLORADO (1) | Jardim Vista Bela (1)
74474250	REVISAR	RESIDENCIAL ANGLO	RESIDENCIAL ANGLO	23	22	0	1	78.26	RESIDENCIAL ANGLO (18) | Residencial Anglo (4)		JARDIM COLORADO (1) [17.65%]	RESIDENCIAL ANGLO (18) | Residencial Anglo (4) | JARDIM COLORADO (1)
74474251	SEGURO	RESIDENCIAL ANGLO	RESIDENCIAL ANGLO	5	5	0	0	80.0	RESIDENCIAL ANGLO (4) | Residencial Anglo (1)			RESIDENCIAL ANGLO (4) | Residencial Anglo (1)
74474252	SEGURO	RESIDENCIAL ANGLO	RESIDENCIAL ANGLO	2	2	0	0	100.0	RESIDENCIAL ANGLO (2)			RESIDENCIAL ANGLO (2)
74474253	SEGURO	RESIDENCIAL ANGLO	RESIDENCIAL ANGLO	15	15	0	0	100.0	RESIDENCIAL ANGLO (15)			RESIDENCIAL ANGLO (15)
74474257	BLOQUEADO	COLORADO	JARDIM COLORADO	4	1	0	3	25.0	JARDIM COLORADO (1)		JARDIM COLORADO SUL (1) [66.67%] | RESIDENCIAL ANGLO (1) [17.65%] | RESIDENCIAL JARDIM COLORADO (1) [33.33%]	JARDIM COLORADO (1) | JARDIM COLORADO SUL (1) | RESIDENCIAL ANGLO (1) | RESIDENCIAL JARDIM COLORADO (1)
74474258	BLOQUEADO	COLORADO	JARDIM COLORADO	2	1	0	1	50.0	JARDIM COLORADO (1)		RESIDENCIAL ANGLO (1) [17.65%]	JARDIM COLORADO (1) | RESIDENCIAL ANGLO (1)
74474275	SEGURO	NOVA ESPERANCA	JARDIM NOVA ESPERANÇA	1	1	0	0	100.0	JARDIM NOVA ESPERANÇA (1)			JARDIM NOVA ESPERANÇA (1)
74474309	SEGURO	RECANTO DO BOSQUE	RECANTO DO BOSQUE	1	1	0	0	100.0	RECANTO DO BOSQUE (1)			RECANTO DO BOSQUE (1)
74474310	SEGURO	RESIDENCIAL RECANTO DO BOSQUE	Residencial Recanto do Bosque	1	1	0	0	100.0	Residencial Recanto do Bosque (1)			Residencial Recanto do Bosque (1)
74474315	SEGURO	RESIDENCIAL RECANTO DO BOSQUE	Residencial Recanto do Bosque	1	1	0	0	100.0	Residencial Recanto do Bosque (1)			Residencial Recanto do Bosque (1)
74474367	SEGURO	RESIDENCIAL RECANTO DO BOSQUE	Residencial Recanto do Bosque	1	1	0	0	100.0	Residencial Recanto do Bosque (1)			Residencial Recanto do Bosque (1)
74474396	SEGURO	RESIDENCIAL RECANTO DO BOSQUE	Residencial Recanto do Bosque	1	1	0	0	100.0	Residencial Recanto do Bosque (1)			Residencial Recanto do Bosque (1)
74474400	SEGURO	MUTIRAO	VILA MUTIRÃO	1	1	0	0	100.0	VILA MUTIRÃO (1)			VILA MUTIRÃO (1)
74474401	SEGURO	RESIDENCIAL RECANTO DO BOSQUE	Residencial Recanto do Bosque	1	1	0	0	100.0	Residencial Recanto do Bosque (1)			Residencial Recanto do Bosque (1)
74474410	BLOQUEADO	DOM CONSTANTINO	DOM CONSTANTINO	29	11	0	18	37.93	DOM CONSTANTINO (11)		RESIDENCIAL PRIVÊ NORTE (9) [21.74%] | Residencial Privê Norte (5) [21.74%] | RESIDENCIAL PRIVE NORTE (3) [21.74%] | JARDIM DAS HORTENCIAS (1) [40.0%]	DOM CONSTANTINO (11) | RESIDENCIAL PRIVÊ NORTE (9) | Residencial Privê Norte (5) | RESIDENCIAL PRIVE NORTE (3) | JARDIM DAS HORTENCIAS (1)
74474411	SEGURO	NOVO PLANALTO	NOVO PLANALTO	1	1	0	0	100.0	NOVO PLANALTO (1)			NOVO PLANALTO (1)
74474412	SEGURO	RESIDENCIAL PRIVE NORTE	RESIDENCIAL PRIVE NORTE	5	5	0	0	60.0	RESIDENCIAL PRIVE NORTE (3) | RESIDENCIAL PRIVÊ NORTE (2)			RESIDENCIAL PRIVE NORTE (3) | RESIDENCIAL PRIVÊ NORTE (2)
74474413	SEGURO	RESIDENCIAL PRIVE NORTE	RESIDENCIAL PRIVÊ NORTE	11	11	0	0	63.64	RESIDENCIAL PRIVÊ NORTE (7) | RESIDENCIAL PRIVE NORTE (3) | Residencial Privê Norte (1)			RESIDENCIAL PRIVÊ NORTE (7) | RESIDENCIAL PRIVE NORTE (3) | Residencial Privê Norte (1)
74474414	SEGURO	RESIDENCIAL PRIVE NORTE	RESIDENCIAL PRIVÊ NORTE	5	5	0	0	60.0	RESIDENCIAL PRIVÊ NORTE (3) | RESIDENCIAL PRIVE NORTE (2)			RESIDENCIAL PRIVÊ NORTE (3) | RESIDENCIAL PRIVE NORTE (2)
74474415	BLOQUEADO	RESIDENCIAL PRIVE NORTE	RESIDENCIAL PRIVÊ NORTE	18	17	0	1	61.11	RESIDENCIAL PRIVÊ NORTE (11) | RESIDENCIAL PRIVE NORTE (3) | Residencial Privê Norte (3)		JARDIM COLORADO (1) [17.39%]	RESIDENCIAL PRIVÊ NORTE (11) | RESIDENCIAL PRIVE NORTE (3) | Residencial Privê Norte (3) | JARDIM COLORADO (1)
74474416	SEGURO	RESIDENCIAL PRIVE NORTE	RESIDENCIAL PRIVÊ NORTE	3	3	0	0	100.0	RESIDENCIAL PRIVÊ NORTE (3)			RESIDENCIAL PRIVÊ NORTE (3)
74474418	SEGURO	RESIDENCIAL PRIVE NORTE	RESIDENCIAL PRIVE NORTE	7	7	0	0	71.43	RESIDENCIAL PRIVE NORTE (5) | RESIDENCIAL PRIVÊ NORTE (1) | Residencial Privê Norte (1)			RESIDENCIAL PRIVE NORTE (5) | RESIDENCIAL PRIVÊ NORTE (1) | Residencial Privê Norte (1)
74474420	SEGURO	RESIDENCIAL PRIVE NORTE	RESIDENCIAL PRIVÊ NORTE	18	18	0	0	55.56	RESIDENCIAL PRIVÊ NORTE (10) | RESIDENCIAL PRIVE NORTE (8)			RESIDENCIAL PRIVÊ NORTE (10) | RESIDENCIAL PRIVE NORTE (8)
74474422	SEGURO	RESIDENCIAL PRIVE NORTE	RESIDENCIAL PRIVE NORTE	4	4	0	0	50.0	RESIDENCIAL PRIVE NORTE (2) | RESIDENCIAL PRIVÊ NORTE (1) | Residencial Privê Norte (1)			RESIDENCIAL PRIVE NORTE (2) | RESIDENCIAL PRIVÊ NORTE (1) | Residencial Privê Norte (1)
74474473	SEGURO	FINSOCIAL	VILA FINSOCIAL	1	1	0	0	100.0	VILA FINSOCIAL (1)			VILA FINSOCIAL (1)
74474500	BLOQUEADO	COLORADO EXTENSAO	JARDIM COLORADO EXTENSÃO	5	3	0	2	60.0	JARDIM COLORADO EXTENSÃO (3)		JARDIM COLORADO (2) [50.0%]	JARDIM COLORADO EXTENSÃO (3) | JARDIM COLORADO (2)
74474505	BLOQUEADO	COLORADO	JARDIM COLORADO	21	12	0	9	57.14	JARDIM COLORADO (12)		JARDIM COLORADO EXTENSÃO (8) [50.0%] | Jardim Colorado Extensão (1) [50.0%]	JARDIM COLORADO (12) | JARDIM COLORADO EXTENSÃO (8) | Jardim Colorado Extensão (1)
74474506	SEGURO	COLORADO	JARDIM COLORADO	1	1	0	0	100.0	JARDIM COLORADO (1)			JARDIM COLORADO (1)
74474510	BLOQUEADO	COLORADO	JARDIM COLORADO	6	3	0	3	50.0	JARDIM COLORADO (3)		JARDIM COLORADO EXTENSÃO (2) [50.0%] | PARQUE TREMENDÃO (1) [22.22%]	JARDIM COLORADO (3) | JARDIM COLORADO EXTENSÃO (2) | PARQUE TREMENDÃO (1)
74474550	SEGURO	COLORADO	JARDIM COLORADO	2	2	0	0	100.0	JARDIM COLORADO (2)			JARDIM COLORADO (2)
74474555	BLOQUEADO	COLORADO	JARDIM COLORADO	4	2	0	2	50.0	JARDIM COLORADO (2)		JARDIM COLORADO SUL (1) [66.67%] | Jardim Colorado Sul (1) [66.67%]	JARDIM COLORADO (2) | JARDIM COLORADO SUL (1) | Jardim Colorado Sul (1)
74474600	SEGURO	COLORADO	JARDIM COLORADO	2	2	0	0	100.0	JARDIM COLORADO (2)			JARDIM COLORADO (2)
74474605	BLOQUEADO	COLORADO	JARDIM COLORADO	48	33	0	15	68.75	JARDIM COLORADO (33)		JARDIM COLORADO I (9) [80.0%] | Jardim Colorado I (5) [80.0%] | JARDIM DAS HORTENCIAS (1) [14.29%]	JARDIM COLORADO (33) | JARDIM COLORADO I (9) | Jardim Colorado I (5) | JARDIM DAS HORTENCIAS (1)
74474615	BLOQUEADO	COLORADO	JARDIM COLORADO	5	3	0	2	60.0	JARDIM COLORADO (3)		JARDIM COLORADO I (1) [80.0%] | Jardim Colorado I (1) [80.0%]	JARDIM COLORADO (3) | JARDIM COLORADO I (1) | Jardim Colorado I (1)
74474620	SEGURO	COLORADO I	Jardim Colorado I	1	1	0	0	100.0	Jardim Colorado I (1)			Jardim Colorado I (1)
74474625	REVISAR	COLORADO	JARDIM COLORADO	16	13	0	3	81.25	JARDIM COLORADO (13)		JARDIM COLORADO I (2) [80.0%] | Jardim Colorado I (1) [80.0%]	JARDIM COLORADO (13) | JARDIM COLORADO I (2) | Jardim Colorado I (1)
74474630	SEGURO	COLORADO I	JARDIM COLORADO I	2	2	0	0	100.0	JARDIM COLORADO I (2)			JARDIM COLORADO I (2)
74474635	BLOQUEADO	COLORADO	JARDIM COLORADO	2	1	0	1	50.0	JARDIM COLORADO (1)		Jardim Colorado I (1) [80.0%]	JARDIM COLORADO (1) | Jardim Colorado I (1)
74474640	BLOQUEADO	COLORADO	JARDIM COLORADO	23	16	0	7	69.57	JARDIM COLORADO (16)		JARDIM COLORADO I (4) [80.0%] | Jardim Colorado I (2) [80.0%] | SETOR NOROESTE (1) [25.0%]	JARDIM COLORADO (16) | JARDIM COLORADO I (4) | Jardim Colorado I (2) | SETOR NOROESTE (1)
74474645	BLOQUEADO	COLORADO	JARDIM COLORADO	15	11	0	4	73.33	JARDIM COLORADO (11)		JARDIM COLORADO I (2) [80.0%] | Jardim Colorado I (1) [80.0%] | JARDIM COLORADO L (1) [80.0%]	JARDIM COLORADO (11) | JARDIM COLORADO I (2) | Jardim Colorado I (1) | JARDIM COLORADO L (1)
74474650	SEGURO	COLORADO II	Jardim Colorado II	1	1	0	0	100.0	Jardim Colorado II (1)			Jardim Colorado II (1)
74474655	SEGURO	COLORADO II	JARDIM COLORADO II	1	1	0	0	100.0	JARDIM COLORADO II (1)			JARDIM COLORADO II (1)
74474660	SEGURO	COLORADO	JARDIM COLORADO	2	2	0	0	100.0	JARDIM COLORADO (2)			JARDIM COLORADO (2)
74474665	BLOQUEADO	COLORADO	JARDIM COLORADO	2	1	0	1	50.0	JARDIM COLORADO (1)		JARDIM COLORADO II (1) [72.73%]	JARDIM COLORADO (1) | JARDIM COLORADO II (1)
74474670	BLOQUEADO	COLORADO	JARDIM COLORADO	6	5	0	1	66.67	JARDIM COLORADO (4) | Jardim Colorado (1)		JARDIM COLORADO II (1) [72.73%]	JARDIM COLORADO (4) | Jardim Colorado (1) | JARDIM COLORADO II (1)
74474675	SEGURO	LIBERDADE	JARDIM LIBERDADE	1	1	0	0	100.0	JARDIM LIBERDADE (1)			JARDIM LIBERDADE (1)
74474680	SEGURO	LAGO AZUL	JARDIM LAGO AZUL	1	1	0	0	100.0	JARDIM LAGO AZUL (1)			JARDIM LAGO AZUL (1)
74474705	BLOQUEADO	COLORADO	JARDIM COLORADO	3	2	0	1	66.67	JARDIM COLORADO (2)		JARDIM LAGO AZUL (1) [22.22%]	JARDIM COLORADO (2) | JARDIM LAGO AZUL (1)
74474744	SEGURO	COLORADO	JARDIM COLORADO	1	1	0	0	100.0	JARDIM COLORADO (1)			JARDIM COLORADO (1)
74474805	SEGURO	TREMENDAO	PARQUE TREMENDÃO	1	1	0	0	100.0	PARQUE TREMENDÃO (1)			PARQUE TREMENDÃO (1)
74475003	SEGURO	TREMENDAO	PARQUE TREMENDÃO	1	1	0	0	100.0	PARQUE TREMENDÃO (1)			PARQUE TREMENDÃO (1)
74475005	BLOQUEADO	TREMENDAO	PARQUE TREMENDÃO	2	1	1	0	50.0	PARQUE TREMENDÃO (1)	SETOR PARQUE TREMENDÃO (1) [100.0%]		PARQUE TREMENDÃO (1) | SETOR PARQUE TREMENDÃO (1)
74475009	BLOQUEADO	TREMENDAO	PARQUE TREMENDÃO	12	7	4	1	58.33	PARQUE TREMENDÃO (7)	Setor Parque Tremendão (3) [100.0%] | SETOR PARQUE TREMENDÃO (1) [100.0%]	NOVO PLANALTO (1) [15.38%]	PARQUE TREMENDÃO (7) | Setor Parque Tremendão (3) | NOVO PLANALTO (1) | SETOR PARQUE TREMENDÃO (1)
74475010	SEGURO	PARQUE TREMENDAO	SETOR PARQUE TREMENDÃO	1	1	0	0	100.0	SETOR PARQUE TREMENDÃO (1)			SETOR PARQUE TREMENDÃO (1)
74475012	SEGURO	PARQUE TREMENDAO	SETOR PARQUE TREMENDÃO	1	1	0	0	100.0	SETOR PARQUE TREMENDÃO (1)			SETOR PARQUE TREMENDÃO (1)
74475014	SEGURO	PARQUE TREMENDAO	Setor Parque Tremendão	1	1	0	0	100.0	Setor Parque Tremendão (1)			Setor Parque Tremendão (1)
74475017	SEGURO	PARQUE TREMENDAO	Setor Parque Tremendão	1	1	0	0	100.0	Setor Parque Tremendão (1)			Setor Parque Tremendão (1)
74475020	BLOQUEADO	TREMENDAO	PARQUE TREMENDÃO	24	18	5	1	70.83	PARQUE TREMENDÃO (17) | PARQUE TREMENDAO (1)	SETOR PARQUE TREMENDÃO (5) [100.0%]	PARQUE TREMENDÃO 2 (1) [81.82%]	PARQUE TREMENDÃO (17) | SETOR PARQUE TREMENDÃO (5) | PARQUE TREMENDAO (1) | PARQUE TREMENDÃO 2 (1)
74475023	SEGURO	PARQUE TREMENDAO	Setor Parque Tremendão	2	2	0	0	100.0	Setor Parque Tremendão (2)			Setor Parque Tremendão (2)
74475028	BLOQUEADO	TREMENDAO	PARQUE TREMENDÃO	7	5	2	0	71.43	PARQUE TREMENDÃO (5)	Setor Parque Tremendão (1) [100.0%] | SETOR PARQUE TREMENDÃO (1) [100.0%]		PARQUE TREMENDÃO (5) | Setor Parque Tremendão (1) | SETOR PARQUE TREMENDÃO (1)
74475029	SEGURO	TREMENDAO	PARQUE TREMENDÃO	1	1	0	0	100.0	PARQUE TREMENDÃO (1)			PARQUE TREMENDÃO (1)
74475030	SEGURO	TREMENDAO	PARQUE TREMENDÃO	1	1	0	0	100.0	PARQUE TREMENDÃO (1)			PARQUE TREMENDÃO (1)
74475032	SEGURO	TREMENDAO	PARQUE TREMENDÃO	2	2	0	0	100.0	PARQUE TREMENDÃO (2)			PARQUE TREMENDÃO (2)
74475035	SEGURO	PARQUE TREMENDAO	Setor Parque Tremendão	1	1	0	0	100.0	Setor Parque Tremendão (1)			Setor Parque Tremendão (1)
74475037	SEGURO	TREMENDAO	PARQUE TREMENDÃO	1	1	0	0	100.0	PARQUE TREMENDÃO (1)			PARQUE TREMENDÃO (1)
74475038	SEGURO	PARQUE TREMENDAO	Setor Parque Tremendão	1	1	0	0	100.0	Setor Parque Tremendão (1)			Setor Parque Tremendão (1)
74475041	SEGURO	PARQUE TREMENDAO	Setor Parque Tremendão	1	1	0	0	100.0	Setor Parque Tremendão (1)			Setor Parque Tremendão (1)
74475047	BLOQUEADO	TREMENDAO	PARQUE TREMENDÃO	2	1	1	0	50.0	PARQUE TREMENDÃO (1)	Setor Parque Tremendão (1) [100.0%]		PARQUE TREMENDÃO (1) | Setor Parque Tremendão (1)
74475050	REVISAR	TREMENDAO	PARQUE TREMENDÃO	4	3	1	0	75.0	PARQUE TREMENDÃO (3)	SETOR PARQUE TREMENDÃO (1) [100.0%]		PARQUE TREMENDÃO (3) | SETOR PARQUE TREMENDÃO (1)
74475052	SEGURO	TREMENDAO	PARQUE TREMENDÃO	1	1	0	0	100.0	PARQUE TREMENDÃO (1)			PARQUE TREMENDÃO (1)
74475053	SEGURO	PARQUE TREMENDAO	Setor Parque Tremendão	1	1	0	0	100.0	Setor Parque Tremendão (1)			Setor Parque Tremendão (1)
74475054	SEGURO	TREMENDAO	PARQUE TREMENDÃO	1	1	0	0	100.0	PARQUE TREMENDÃO (1)			PARQUE TREMENDÃO (1)
74475055	SEGURO	PARQUE TREMENDAO	Setor Parque Tremendão	1	1	0	0	100.0	Setor Parque Tremendão (1)			Setor Parque Tremendão (1)
74475056	SEGURO	TREMENDAO	PARQUE TREMENDÃO	2	2	0	0	100.0	PARQUE TREMENDÃO (2)			PARQUE TREMENDÃO (2)
74475057	SEGURO	PARQUE TREMENDAO	SETOR PARQUE TREMENDÃO	2	2	0	0	50.0	SETOR PARQUE TREMENDÃO (1) | Setor Parque Tremendão (1)			SETOR PARQUE TREMENDÃO (1) | Setor Parque Tremendão (1)
74475059	SEGURO	TREMENDAO	PARQUE TREMENDÃO	3	3	0	0	100.0	PARQUE TREMENDÃO (3)			PARQUE TREMENDÃO (3)
74475060	BLOQUEADO	TREMENDAO	PARQUE TREMENDÃO	4	2	1	1	50.0	PARQUE TREMENDÃO (2)	SETOR PARQUE TREMENDÃO (1) [100.0%]	JARDIM LIBERDADE (1) [22.22%]	PARQUE TREMENDÃO (2) | JARDIM LIBERDADE (1) | SETOR PARQUE TREMENDÃO (1)
74475061	SEGURO	TREMENDAO	PARQUE TREMENDÃO	1	1	0	0	100.0	PARQUE TREMENDÃO (1)			PARQUE TREMENDÃO (1)
74475062	BLOQUEADO	TREMENDAO	PARQUE TREMENDÃO	3	2	1	0	33.33	PARQUE TREMENDÃO (1) | PARQUE TREMENDÂO (1)	SETOR PARQUE TREMENDÃO (1) [100.0%]		PARQUE TREMENDÃO (1) | PARQUE TREMENDÂO (1) | SETOR PARQUE TREMENDÃO (1)
74475064	SEGURO	TREMENDAO	PARQUE TREMENDÃO	1	1	0	0	100.0	PARQUE TREMENDÃO (1)			PARQUE TREMENDÃO (1)
74475070	BLOQUEADO	PARQUE TREMENDAO	Setor Parque Tremendão	5	4	1	0	60.0	Setor Parque Tremendão (3) | SETOR PARQUE TREMENDÃO (1)	PARQUE TREMENDÃO (1) [100.0%]		Setor Parque Tremendão (3) | PARQUE TREMENDÃO (1) | SETOR PARQUE TREMENDÃO (1)
74475073	SEGURO	PARQUE TREMENDAO	Setor Parque Tremendão	1	1	0	0	100.0	Setor Parque Tremendão (1)			Setor Parque Tremendão (1)
74475075	BLOQUEADO	TREMENDAO	PARQUE TREMENDÃO	7	3	1	3	42.86	PARQUE TREMENDÃO (3)	PARQUE TREMNDÃO (1) [88.89%]	VILAGE NOROESTE (2) [20.0%] | VILLAGE NOROESTE (1) [18.75%]	PARQUE TREMENDÃO (3) | VILAGE NOROESTE (2) | PARQUE TREMNDÃO (1) | VILLAGE NOROESTE (1)
74475076	SEGURO	PARQUE TREMENDAO	Setor Parque Tremendão	1	1	0	0	100.0	Setor Parque Tremendão (1)			Setor Parque Tremendão (1)
74475077	SEGURO	TREMENDAO	PARQUE TREMENDÃO	3	3	0	0	100.0	PARQUE TREMENDÃO (3)			PARQUE TREMENDÃO (3)
74475078	SEGURO	PARQUE TREMENDAO	SETOR PARQUE TREMENDÃO	1	1	0	0	100.0	SETOR PARQUE TREMENDÃO (1)			SETOR PARQUE TREMENDÃO (1)
74475079	SEGURO	TREMENDAO	PARQUE TREMENDÃO	1	1	0	0	100.0	PARQUE TREMENDÃO (1)			PARQUE TREMENDÃO (1)
74475082	BLOQUEADO	TREMENDAO	PARQUE TREMENDÃO	3	2	1	0	66.67	PARQUE TREMENDÃO (2)	Setor Parque Tremendão (1) [100.0%]		PARQUE TREMENDÃO (2) | Setor Parque Tremendão (1)
74475090	REVISAR	TREMENDAO	PARQUE TREMENDÃO	4	3	1	0	75.0	PARQUE TREMENDÃO (3)	Setor Parque Tremendão (1) [100.0%]		PARQUE TREMENDÃO (3) | Setor Parque Tremendão (1)
74475092	SEGURO	TREMENDAO	PARQUE TREMENDÃO	1	1	0	0	100.0	PARQUE TREMENDÃO (1)			PARQUE TREMENDÃO (1)
74475094	SEGURO	TREMENDAO	PARQUE TREMENDÃO	2	2	0	0	100.0	PARQUE TREMENDÃO (2)			PARQUE TREMENDÃO (2)
74475095	BLOQUEADO	TREMENDAO	PARQUE TREMENDÃO	3	1	1	1	33.33	PARQUE TREMENDÃO (1)	Setor Parque Tremendão (1) [100.0%]	RESIDENCIAL VALE DOS CARAIBAS (1) [17.24%]	PARQUE TREMENDÃO (1) | RESIDENCIAL VALE DOS CARAIBAS (1) | Setor Parque Tremendão (1)
74475104	SEGURO	PARQUE TREMENDAO	SETOR PARQUE TREMENDÃO	1	1	0	0	100.0	SETOR PARQUE TREMENDÃO (1)			SETOR PARQUE TREMENDÃO (1)
74475110	SEGURO	MORADA DO SOL	Setor Morada do Sol	1	1	0	0	100.0	Setor Morada do Sol (1)			Setor Morada do Sol (1)
74475115	SEGURO	MORADA DO SOL	MORADA DO SOL	9	9	0	0	77.78	MORADA DO SOL (7) | SETOR MORADA DO SOL (2)			MORADA DO SOL (7) | SETOR MORADA DO SOL (2)
74475116	SEGURO	MORADA DO SOL	MORADA DO SOL	1	1	0	0	100.0	MORADA DO SOL (1)			MORADA DO SOL (1)
74475122	BLOQUEADO	FINSOCIAL	VILA FINSOCIAL	3	2	0	1	66.67	VILA FINSOCIAL (2)		MORADA DO SOL (1) [15.38%]	VILA FINSOCIAL (2) | MORADA DO SOL (1)
74475124	SEGURO	MORADA DO SOL	SETOR MORADA DO SOL	4	4	0	0	75.0	SETOR MORADA DO SOL (3) | MORADA DO SOL (1)			SETOR MORADA DO SOL (3) | MORADA DO SOL (1)
74475125	SEGURO	MORADA DO SOL	MORADA DO SOL	1	1	0	0	100.0	MORADA DO SOL (1)			MORADA DO SOL (1)
74475130	SEGURO	MORADA DO SOL	MORADA DO SOL	1	1	0	0	100.0	MORADA DO SOL (1)			MORADA DO SOL (1)
74475132	SEGURO	MORADA DO SOL	Setor Morada do Sol	1	1	0	0	100.0	Setor Morada do Sol (1)			Setor Morada do Sol (1)
74475137	BLOQUEADO	MORADA DO SOL	SETOR MORADA DO SOL	6	5	0	1	66.67	SETOR MORADA DO SOL (4) | MORADA DO SOL (1)		SITIO RECREIO MORADA DO SOL (1) [60.0%]	SETOR MORADA DO SOL (4) | MORADA DO SOL (1) | SITIO RECREIO MORADA DO SOL (1)
74475138	SEGURO	MORADA DO SOL	MORADA DO SOL	4	4	0	0	50.0	MORADA DO SOL (2) | SETOR MORADA DO SOL (2)			MORADA DO SOL (2) | SETOR MORADA DO SOL (2)
74475140	SEGURO	MORADA DO SOL	MORADA DO SOL	2	2	0	0	100.0	MORADA DO SOL (2)			MORADA DO SOL (2)
74475143	BLOQUEADO	MORADA DO SOL	MORADA DO SOL	13	12	0	1	46.15	MORADA DO SOL (6) | SETOR MORADA DO SOL (6)		VILA FINSOCIAL (1) [15.38%]	MORADA DO SOL (6) | SETOR MORADA DO SOL (6) | VILA FINSOCIAL (1)
74475160	SEGURO	MORADA DO SOL	MORADA DO SOL	1	1	0	0	100.0	MORADA DO SOL (1)			MORADA DO SOL (1)
74475179	SEGURO	MORADA DO SOL	Setor Morada do Sol	1	1	0	0	100.0	Setor Morada do Sol (1)			Setor Morada do Sol (1)
74475204	SEGURO	MORADA DO SOL	MORADA DO SOL	3	3	0	0	66.67	MORADA DO SOL (2) | Setor Morada do Sol (1)			MORADA DO SOL (2) | Setor Morada do Sol (1)
74475214	SEGURO	MORADA DO SOL	Setor Morada do Sol	1	1	0	0	100.0	Setor Morada do Sol (1)			Setor Morada do Sol (1)
74475223	SEGURO	MORADA DO SOL	MORADA DO SOL	1	1	0	0	100.0	MORADA DO SOL (1)			MORADA DO SOL (1)
74475226	SEGURO	MORADA DO SOL	MORADA DO SOL	1	1	0	0	100.0	MORADA DO SOL (1)			MORADA DO SOL (1)
74475230	SEGURO	MORADA DO SOL	MORADA DO SOL	1	1	0	0	100.0	MORADA DO SOL (1)			MORADA DO SOL (1)
74475237	SEGURO	MORADA DO SOL	SETOR MORADA DO SOL	1	1	0	0	100.0	SETOR MORADA DO SOL (1)			SETOR MORADA DO SOL (1)
74475260	SEGURO	ESTRELA DALVA	SETOR ESTRELA DALVA	1	1	0	0	100.0	SETOR ESTRELA DALVA (1)			SETOR ESTRELA DALVA (1)
74475292	SEGURO	ESTRELA DALVA	Setor Estrela Dalva	1	1	0	0	100.0	Setor Estrela Dalva (1)			Setor Estrela Dalva (1)
74475296	SEGURO	ESTRELA DALVA	Setor Estrela Dalva	1	1	0	0	100.0	Setor Estrela Dalva (1)			Setor Estrela Dalva (1)
74475298	SEGURO	ESTRELA DALVA	ESTRELA DALVA	1	1	0	0	100.0	ESTRELA DALVA (1)			ESTRELA DALVA (1)
74475300	SEGURO	ESTRELA DALVA	ESTRELA DALVA	1	1	0	0	100.0	ESTRELA DALVA (1)			ESTRELA DALVA (1)
74475314	SEGURO	ESTRELA DALVA	SETOR ESTRELA DALVA	1	1	0	0	100.0	SETOR ESTRELA DALVA (1)			SETOR ESTRELA DALVA (1)
74475318	SEGURO	ESTRELA DALVA	Setor Estrela Dalva	1	1	0	0	100.0	Setor Estrela Dalva (1)			Setor Estrela Dalva (1)
74475332	SEGURO	ESTRELA DALVA	SETOR ESTRELA DALVA	1	1	0	0	100.0	SETOR ESTRELA DALVA (1)			SETOR ESTRELA DALVA (1)
74475343	SEGURO	RESIDENCIAL BRISAS DA MATA	RESIDENCIAL BRISAS DA MATA	1	1	0	0	100.0	RESIDENCIAL BRISAS DA MATA (1)			RESIDENCIAL BRISAS DA MATA (1)
74475344	SEGURO	RESIDENCIAL BRISAS DA MATA	RESIDENCIAL BRISAS DA MATA	1	1	0	0	100.0	RESIDENCIAL BRISAS DA MATA (1)			RESIDENCIAL BRISAS DA MATA (1)
74475354	SEGURO	RESIDENCIAL BRISAS DA MATA	Residencial Brisas da Mata	1	1	0	0	100.0	Residencial Brisas da Mata (1)			Residencial Brisas da Mata (1)
74475356	SEGURO	RESIDENCIAL BRISAS DA MATA	Residencial Brisas da Mata	1	1	0	0	100.0	Residencial Brisas da Mata (1)			Residencial Brisas da Mata (1)
74475358	SEGURO	RESIDENCIAL BRISAS DA MATA	Residencial Brisas da Mata	1	1	0	0	100.0	Residencial Brisas da Mata (1)			Residencial Brisas da Mata (1)
74475400	BLOQUEADO	MUTIRAO	VILA MUTIRÃO	2	1	0	1	50.0	VILA MUTIRÃO (1)		Vila Mutirão II (1) [70.0%]	VILA MUTIRÃO (1) | Vila Mutirão II (1)
74475405	BLOQUEADO	MUTIRAO	VILA MUTIRÃO	5	3	0	2	40.0	VILA MUTIRÃO (2) | Vila Mutirão (1)		VILA MUTIRÃO II (2) [70.0%]	VILA MUTIRÃO (2) | VILA MUTIRÃO II (2) | Vila Mutirão (1)
74475410	BLOQUEADO	MUTIRAO	VILA MUTIRÃO	15	11	0	4	66.67	VILA MUTIRÃO (10) | VILA MUTIRAO (1)		JARDIM LIBERDADE (2) [22.22%] | VILA MUTIRÃO II (1) [70.0%] | Vila Mutirão II (1) [70.0%]	VILA MUTIRÃO (10) | JARDIM LIBERDADE (2) | VILA MUTIRAO (1) | VILA MUTIRÃO II (1) | Vila Mutirão II (1)
74475415	BLOQUEADO	MUTIRAO II	VILA MUTIRÃO II	3	2	0	1	66.67	VILA MUTIRÃO II (2)		VILA MUTIRÃO (1) [70.0%]	VILA MUTIRÃO II (2) | VILA MUTIRÃO (1)
74475417	BLOQUEADO	MUTIRAO II	VILA MUTIRÃO II	3	2	0	1	66.67	VILA MUTIRÃO II (2)		VILA MUTIRÃO (1) [70.0%]	VILA MUTIRÃO II (2) | VILA MUTIRÃO (1)
74475420	BLOQUEADO	MUTIRAO	VILA MUTIRÃO	18	7	0	11	38.89	VILA MUTIRÃO (7)		VILA MUTIRÃO II (6) [70.0%] | Vila Mutirão II (3) [70.0%] | JARDIM LIBERDADE (2) [22.22%]	VILA MUTIRÃO (7) | VILA MUTIRÃO II (6) | Vila Mutirão II (3) | JARDIM LIBERDADE (2)
74475422	SEGURO	RESIDENCIAL PRIVE NORTE	RESIDENCIAL PRIVE NORTE	1	1	0	0	100.0	RESIDENCIAL PRIVE NORTE (1)			RESIDENCIAL PRIVE NORTE (1)
74475425	BLOQUEADO	MUTIRAO	VILA MUTIRÃO	3	2	0	1	66.67	VILA MUTIRÃO (2)		Vila Mutirão II (1) [70.0%]	VILA MUTIRÃO (2) | Vila Mutirão II (1)
74475430	REVISAR	MUTIRAO	VILA MUTIRÃO	4	3	0	1	75.0	VILA MUTIRÃO (3)		VILA MUTIRÃO II (1) [70.0%]	VILA MUTIRÃO (3) | VILA MUTIRÃO II (1)
74475440	BLOQUEADO	MUTIRAO	VILA MUTIRÃO	9	7	0	2	66.67	VILA MUTIRÃO (6) | VILA  MUTIRÃO (1)		VILA MUTIRÃO II (2) [70.0%]	VILA MUTIRÃO (6) | VILA MUTIRÃO II (2) | VILA  MUTIRÃO (1)
74475450	BLOQUEADO	MUTIRAO	VILA MUTIRÃO	10	6	0	4	50.0	VILA MUTIRÃO (5) | Vila Mutirão (1)		VILA MUTIRÃO II (2) [70.0%] | JARDIM LIBERDADE (1) [22.22%] | Vila Mutirão II (1) [70.0%]	VILA MUTIRÃO (5) | VILA MUTIRÃO II (2) | JARDIM LIBERDADE (1) | Vila Mutirão (1) | Vila Mutirão II (1)
74475455	BLOQUEADO	MUTIRAO	VILA MUTIRÃO	5	3	0	2	40.0	VILA MUTIRÃO (2) | VILA MUTIRÂO (1)		Vila Mutirão II (1) [70.0%] | VILA MUTIRÃO II (1) [70.0%]	VILA MUTIRÃO (2) | VILA MUTIRÂO (1) | Vila Mutirão II (1) | VILA MUTIRÃO II (1)
74475460	BLOQUEADO	MUTIRAO	VILA MUTIRÃO	30	17	0	13	56.67	VILA MUTIRÃO (17)		VILA MUTIRÃO II (5) [70.0%] | JARDIM LIBERDADE (4) [22.22%] | Vila Mutirão II (4) [70.0%]	VILA MUTIRÃO (17) | VILA MUTIRÃO II (5) | JARDIM LIBERDADE (4) | Vila Mutirão II (4)
74475463	BLOQUEADO	LIBERDADE	JARDIM LIBERDADE	9	5	0	4	55.56	JARDIM LIBERDADE (5)		Vila Mutirão II (3) [10.0%] | VILA MUTIRÃO II (1) [10.0%]	JARDIM LIBERDADE (5) | Vila Mutirão II (3) | VILA MUTIRÃO II (1)
74475465	BLOQUEADO	MUTIRAO	VILA MUTIRÃO	6	3	0	3	50.0	VILA MUTIRÃO (3)		JARDIM LIBERDADE (1) [22.22%] | VILA MUTIRÃO II (1) [70.0%] | Vila Mutirão II (1) [70.0%]	VILA MUTIRÃO (3) | JARDIM LIBERDADE (1) | VILA MUTIRÃO II (1) | Vila Mutirão II (1)
74475467	BLOQUEADO	MUTIRAO	VILA MUTIRÃO	7	5	0	2	57.14	VILA MUTIRÃO (4) | Vila Mutirão (1)		JARDIM LIBERDADE (2) [22.22%]	VILA MUTIRÃO (4) | JARDIM LIBERDADE (2) | Vila Mutirão (1)
74475470	BLOQUEADO	MUTIRAO	VILA MUTIRÃO	17	11	0	6	64.71	VILA MUTIRÃO (11)		VILA MUTIRÃO II (3) [70.0%] | Vila Mutirão II (3) [70.0%]	VILA MUTIRÃO (11) | VILA MUTIRÃO II (3) | Vila Mutirão II (3)
74475474	SEGURO	MUTIRAO	VILA MUTIRÃO	1	1	0	0	100.0	VILA MUTIRÃO (1)			VILA MUTIRÃO (1)
74475475	BLOQUEADO	MUTIRAO	VILA MUTIRÃO	16	10	0	6	62.5	VILA MUTIRÃO (10)		VILA MUTIRÃO II (5) [70.0%] | Vila Mutirão II (1) [70.0%]	VILA MUTIRÃO (10) | VILA MUTIRÃO II (5) | Vila Mutirão II (1)
74475485	BLOQUEADO	LIBERDADE	JARDIM LIBERDADE	2	1	0	1	50.0	JARDIM LIBERDADE (1)		VILA MUTIRÃO (1) [22.22%]	JARDIM LIBERDADE (1) | VILA MUTIRÃO (1)
74475490	SEGURO	LIBERDADE	JARDIM LIBERDADE	1	1	0	0	100.0	JARDIM LIBERDADE (1)			JARDIM LIBERDADE (1)
74475500	SEGURO	MUTIRAO	VILA MUTIRÃO	1	1	0	0	100.0	VILA MUTIRÃO (1)			VILA MUTIRÃO (1)
74475520	REVISAR	LIBERDADE	JARDIM LIBERDADE	47	43	0	4	76.6	JARDIM LIBERDADE (36) | Jardim Liberdade (7)		VILA MUTIRÃO (3) [22.22%] | VILA MUTIRAO (1) [22.22%]	JARDIM LIBERDADE (36) | Jardim Liberdade (7) | VILA MUTIRÃO (3) | VILA MUTIRAO (1)
74475530	SEGURO	LIBERDADE	JARDIM LIBERDADE	43	43	0	0	90.7	JARDIM LIBERDADE (39) | Jardim Liberdade (3) | LIBERDADE (1)			JARDIM LIBERDADE (39) | Jardim Liberdade (3) | LIBERDADE (1)
74475535	SEGURO	LIBERDADE	JARDIM LIBERDADE	29	29	0	0	96.55	JARDIM LIBERDADE (28) | Jardim Liberdade (1)			JARDIM LIBERDADE (28) | Jardim Liberdade (1)
74475540	BLOQUEADO	LIBERDADE	JARDIM LIBERDADE	16	14	0	2	68.75	JARDIM LIBERDADE (11) | Jardim Liberdade (3)		VILA MUTIRÃO (2) [22.22%]	JARDIM LIBERDADE (11) | Jardim Liberdade (3) | VILA MUTIRÃO (2)
74475550	REVISAR	LIBERDADE	JARDIM LIBERDADE	24	23	0	1	87.5	JARDIM LIBERDADE (21) | Jardim Liberdade (2)		SETOR PERIM (1) [22.22%]	JARDIM LIBERDADE (21) | Jardim Liberdade (2) | SETOR PERIM (1)
74475570	SEGURO	LIBERDADE	JARDIM LIBERDADE	10	10	0	0	80.0	JARDIM LIBERDADE (8) | Jardim Liberdade (2)			JARDIM LIBERDADE (8) | Jardim Liberdade (2)
74475574	SEGURO	LIBERDADE	JARDIM LIBERDADE	1	1	0	0	100.0	JARDIM LIBERDADE (1)			JARDIM LIBERDADE (1)
74475575	SEGURO	LIBERDADE	JARDIM LIBERDADE	36	36	0	0	94.44	JARDIM LIBERDADE (34) | Jardim Liberdade (2)			JARDIM LIBERDADE (34) | Jardim Liberdade (2)
74475580	REVISAR	LIBERDADE	JARDIM LIBERDADE	38	34	0	4	78.95	JARDIM LIBERDADE (30) | Jardim Liberdade (4)		JARDIM VISTA BELA (1) [10.0%] | RESIDENCIAL FORTALEZA (1) [23.81%] | VILA MUTIRÃO (1) [22.22%] | Vila mutirão (1) [22.22%]	JARDIM LIBERDADE (30) | Jardim Liberdade (4) | JARDIM VISTA BELA (1) | RESIDENCIAL FORTALEZA (1) | VILA MUTIRÃO (1) | Vila mutirão (1)
74475590	SEGURO	LIBERDADE	JARDIM LIBERDADE	41	41	0	0	95.12	JARDIM LIBERDADE (39) | Jardim Liberdade (2)			JARDIM LIBERDADE (39) | Jardim Liberdade (2)
74475600	SEGURO	LIBERDADE	JARDIM LIBERDADE	11	11	0	0	100.0	JARDIM LIBERDADE (11)			JARDIM LIBERDADE (11)
74475610	REVISAR	LIBERDADE	JARDIM LIBERDADE	27	26	0	1	88.89	JARDIM LIBERDADE (24) | Jardim Liberdade (2)		NOVO PLANALTO (1) [7.69%]	JARDIM LIBERDADE (24) | Jardim Liberdade (2) | NOVO PLANALTO (1)
74475620	SEGURO	LIBERDADE	JARDIM LIBERDADE	10	10	0	0	80.0	JARDIM LIBERDADE (8) | Jardim Liberdade (2)			JARDIM LIBERDADE (8) | Jardim Liberdade (2)
74475625	SEGURO	COLORADO	JARDIM COLORADO	1	1	0	0	100.0	JARDIM COLORADO (1)			JARDIM COLORADO (1)
74475630	REVISAR	LIBERDADE	JARDIM LIBERDADE	4	3	0	1	75.0	JARDIM LIBERDADE (3)		VILA MUTIRÃO (1) [22.22%]	JARDIM LIBERDADE (3) | VILA MUTIRÃO (1)
74475640	SEGURO	LIBERDADE	JARDIM LIBERDADE	39	39	0	0	89.74	JARDIM LIBERDADE (35) | Jardim Liberdade (4)			JARDIM LIBERDADE (35) | Jardim Liberdade (4)
74475650	SEGURO	LIBERDADE	JARDIM LIBERDADE	27	27	0	0	92.59	JARDIM LIBERDADE (25) | Jardim Liberdade (2)			JARDIM LIBERDADE (25) | Jardim Liberdade (2)
74475660	REVISAR	LIBERDADE	JARDIM LIBERDADE	77	74	0	3	88.31	JARDIM LIBERDADE (68) | Jardim Liberdade (6)		VILA MUTIRÃO (3) [22.22%]	JARDIM LIBERDADE (68) | Jardim Liberdade (6) | VILA MUTIRÃO (3)
74475670	SEGURO	LIBERDADE	JARDIM LIBERDADE	15	15	0	0	100.0	JARDIM LIBERDADE (15)			JARDIM LIBERDADE (15)
74475675	SEGURO	LIBERDADE	JARDIM LIBERDADE	13	13	0	0	100.0	JARDIM LIBERDADE (13)			JARDIM LIBERDADE (13)
74475680	REVISAR	LIBERDADE	JARDIM LIBERDADE	10	9	0	1	90.0	JARDIM LIBERDADE (9)		NOVO PLANALTO (1) [7.69%]	JARDIM LIBERDADE (9) | NOVO PLANALTO (1)
74475742	SEGURO	ESTRELA DALVA	SETOR ESTRELA DALVA	1	1	0	0	100.0	SETOR ESTRELA DALVA (1)			SETOR ESTRELA DALVA (1)
74475757	SEGURO	LIBERDADE	JARDIM LIBERDADE	1	1	0	0	100.0	JARDIM LIBERDADE (1)			JARDIM LIBERDADE (1)
74475801	BLOQUEADO	TREMENDAO	PARQUE TREMENDÃO	11	5	6	0	45.45	PARQUE TREMENDÃO (5)	SETOR PARQUE TREMENDÃO (5) [100.0%] | Setor Parque Tremendão (1) [100.0%]		PARQUE TREMENDÃO (5) | SETOR PARQUE TREMENDÃO (5) | Setor Parque Tremendão (1)
74475802	BLOQUEADO	PARQUE TREMENDAO	SETOR PARQUE TREMENDÃO	9	4	4	1	44.44	SETOR PARQUE TREMENDÃO (4)	PARQUE TREMENDÃO (3) [100.0%] | TREMENDÃO (1) [100.0%]	PARQUE TREMENDÃO 2 (1) [81.82%]	SETOR PARQUE TREMENDÃO (4) | PARQUE TREMENDÃO (3) | PARQUE TREMENDÃO 2 (1) | TREMENDÃO (1)
74475803	BLOQUEADO	TREMENDAO	PARQUE TREMENDÃO	20	16	4	0	70.0	PARQUE TREMENDÃO (14) | PARQUE TREMENDAO (2)	SETOR PARQUE TREMENDÃO (4) [100.0%]		PARQUE TREMENDÃO (14) | SETOR PARQUE TREMENDÃO (4) | PARQUE TREMENDAO (2)
74475804	BLOQUEADO	TREMENDAO	PARQUE TREMENDÃO	16	8	8	0	50.0	PARQUE TREMENDÃO (8)	SETOR PARQUE TREMENDÃO (7) [100.0%] | SETOR PARQUE TREMENDAO (1) [100.0%]		PARQUE TREMENDÃO (8) | SETOR PARQUE TREMENDÃO (7) | SETOR PARQUE TREMENDAO (1)
74475805	SEGURO	TREMENDAO	PARQUE TREMENDÃO	2	2	0	0	100.0	PARQUE TREMENDÃO (2)			PARQUE TREMENDÃO (2)
74475807	BLOQUEADO	TREMENDAO	PARQUE TREMENDÃO	11	8	3	0	72.73	PARQUE TREMENDÃO (8)	SETOR PARQUE TREMENDÃO (2) [100.0%] | Setor Parque Tremendão (1) [100.0%]		PARQUE TREMENDÃO (8) | SETOR PARQUE TREMENDÃO (2) | Setor Parque Tremendão (1)
74475809	SEGURO	TREMENDAO	PARQUE TREMENDÃO	1	1	0	0	100.0	PARQUE TREMENDÃO (1)			PARQUE TREMENDÃO (1)
74475810	BLOQUEADO	TREMENDAO	PARQUE TREMENDÃO	8	4	4	0	50.0	PARQUE TREMENDÃO (4)	Setor Parque Tremendão (3) [100.0%] | SETOR PARQUE TREMENDÃO (1) [100.0%]		PARQUE TREMENDÃO (4) | Setor Parque Tremendão (3) | SETOR PARQUE TREMENDÃO (1)
74475813	SEGURO	TREMENDAO	PARQUE TREMENDÃO	2	2	0	0	100.0	PARQUE TREMENDÃO (2)			PARQUE TREMENDÃO (2)
74475818	SEGURO	PARQUE TREMENDAO	Setor Parque Tremendão	1	1	0	0	100.0	Setor Parque Tremendão (1)			Setor Parque Tremendão (1)
74475820	SEGURO	PARQUE TREMENDAO	Setor Parque Tremendão	1	1	0	0	100.0	Setor Parque Tremendão (1)			Setor Parque Tremendão (1)
74475845	SEGURO	MUTIRAO	VILA MUTIRÃO	1	1	0	0	100.0	VILA MUTIRÃO (1)			VILA MUTIRÃO (1)
74475860	BLOQUEADO	TREMENDAO	PARQUE TREMENDÃO	14	10	4	0	71.43	PARQUE TREMENDÃO (10)	SETOR PARQUE TREMENDÃO (3) [100.0%] | Setor Parque Tremendão (1) [100.0%]		PARQUE TREMENDÃO (10) | SETOR PARQUE TREMENDÃO (3) | Setor Parque Tremendão (1)
74476005	SEGURO	RESIDENCIAL FORTALEZA	RESIDENCIAL FORTALEZA	1	1	0	0	100.0	RESIDENCIAL FORTALEZA (1)			RESIDENCIAL FORTALEZA (1)
74476010	SEGURO	RESIDENCIAL FORTALEZA	RESIDENCIAL FORTALEZA	2	2	0	0	100.0	RESIDENCIAL FORTALEZA (2)			RESIDENCIAL FORTALEZA (2)
74476020	SEGURO	RESIDENCIAL FORTALEZA	RESIDENCIAL FORTALEZA	1	1	0	0	100.0	RESIDENCIAL FORTALEZA (1)			RESIDENCIAL FORTALEZA (1)
74476030	REVISAR	RESIDENCIAL FORTALEZA	RESIDENCIAL FORTALEZA	11	10	0	1	90.91	RESIDENCIAL FORTALEZA (10)		BAIRRO DA VITORIA (1) [23.81%]	RESIDENCIAL FORTALEZA (10) | BAIRRO DA VITORIA (1)
74476040	SEGURO	RESIDENCIAL FORTALEZA	RESIDENCIAL FORTALEZA	4	4	0	0	100.0	RESIDENCIAL FORTALEZA (4)			RESIDENCIAL FORTALEZA (4)
74476050	SEGURO	RESIDENCIAL FORTALEZA	RESIDENCIAL FORTALEZA	19	19	0	0	84.21	RESIDENCIAL FORTALEZA (16) | Residencial Fortaleza (3)			RESIDENCIAL FORTALEZA (16) | Residencial Fortaleza (3)
74476065	BLOQUEADO	RESIDENCIAL FORTALEZA	Residencial Fortaleza	7	5	0	2	42.86	Residencial Fortaleza (3) | RESIDENCIAL FORTALEZA (2)		JARDIM LIBERDADE (1) [23.81%] | NOVO PLANALTO (1) [19.05%]	Residencial Fortaleza (3) | RESIDENCIAL FORTALEZA (2) | JARDIM LIBERDADE (1) | NOVO PLANALTO (1)
74476070	SEGURO	RESIDENCIAL FORTALEZA	RESIDENCIAL FORTALEZA	23	23	0	0	91.3	RESIDENCIAL FORTALEZA (21) | Residencial Fortaleza (2)			RESIDENCIAL FORTALEZA (21) | Residencial Fortaleza (2)
74476080	SEGURO	RESIDENCIAL FORTALEZA	RESIDENCIAL FORTALEZA	2	2	0	0	50.0	RESIDENCIAL FORTALEZA (1) | Residencial Fortaleza (1)			RESIDENCIAL FORTALEZA (1) | Residencial Fortaleza (1)
74476100	BLOQUEADO	RESIDENCIAL FORTALEZA	RESIDENCIAL FORTALEZA	3	2	0	1	66.67	RESIDENCIAL FORTALEZA (2)		CONDOMÍNIO TERRA NOVA (1) [19.05%]	RESIDENCIAL FORTALEZA (2) | CONDOMÍNIO TERRA NOVA (1)
74476110	BLOQUEADO	RESIDENCIAL FORTALEZA	RESIDENCIAL FORTALEZA	9	6	0	3	66.67	RESIDENCIAL FORTALEZA (6)		JARDIM LIBERDADE (2) [23.81%] | VILA MUTIRÃO (1) [14.29%]	RESIDENCIAL FORTALEZA (6) | JARDIM LIBERDADE (2) | VILA MUTIRÃO (1)
74476125	SEGURO	CONJUNTO RESIDENCIAL PAULO PACHECO	CONJUNTO RESIDENCIAL PAULO PACHECO	1	1	0	0	100.0	CONJUNTO RESIDENCIAL PAULO PACHECO (1)			CONJUNTO RESIDENCIAL PAULO PACHECO (1)
74477001	SEGURO	DA VITORIA	BAIRRO DA VITORIA	5	5	0	0	40.0	BAIRRO DA VITORIA (2) | DA VITÓRIA (2) | BAIRRO DA VITÓRIA (1)			BAIRRO DA VITORIA (2) | DA VITÓRIA (2) | BAIRRO DA VITÓRIA (1)
74477002	SEGURO	DA VITORIA	BAIRRO DA VITORIA	1	1	0	0	100.0	BAIRRO DA VITORIA (1)			BAIRRO DA VITORIA (1)
74477003	SEGURO	DA VITORIA	BAIRRO DA VITÓRIA	7	7	0	0	42.86	BAIRRO DA VITÓRIA (3) | Da Vitória (2) | BAIRRO DA VITORIA (1) | DA VITÓRIA (1)			BAIRRO DA VITÓRIA (3) | Da Vitória (2) | BAIRRO DA VITORIA (1) | DA VITÓRIA (1)
74477004	SEGURO	DA VITORIA	BAIRRO DA VITÓRIA	3	3	0	0	66.67	BAIRRO DA VITÓRIA (2) | Da Vitória (1)			BAIRRO DA VITÓRIA (2) | Da Vitória (1)
74477005	SEGURO	DA VITORIA	BAIRRO DA VITÓRIA	1	1	0	0	100.0	BAIRRO DA VITÓRIA (1)			BAIRRO DA VITÓRIA (1)
74477006	SEGURO	DA VITORIA	BAIRRO DA VITÓRIA	7	7	0	0	42.86	BAIRRO DA VITÓRIA (3) | Da Vitória (2) | BAIRRO DA VITORIA (1) | DA VITÓRIA (1)			BAIRRO DA VITÓRIA (3) | Da Vitória (2) | BAIRRO DA VITORIA (1) | DA VITÓRIA (1)
74477007	SEGURO	DA VITORIA	DA VITÓRIA	1	1	0	0	100.0	DA VITÓRIA (1)			DA VITÓRIA (1)
74477008	SEGURO	DA VITORIA	DA VITÓRIA	2	2	0	0	50.0	DA VITÓRIA (1) | Da Vitória (1)			DA VITÓRIA (1) | Da Vitória (1)
74477009	BLOQUEADO	DA VITORIA	BAIRRO DA VITÓRIA	2	1	0	1	50.0	BAIRRO DA VITÓRIA (1)		SAO CARLOS (1) [10.0%]	BAIRRO DA VITÓRIA (1) | SAO CARLOS (1)
74477010	BLOQUEADO	DA VITORIA	BAIRRO DA VITÓRIA	4	2	0	2	50.0	BAIRRO DA VITÓRIA (2)		CONDOMÍNIO TERRA NOVA (1) [23.81%] | RESERVA CAMPO BELO (1) [16.67%]	BAIRRO DA VITÓRIA (2) | CONDOMÍNIO TERRA NOVA (1) | RESERVA CAMPO BELO (1)
74477011	SEGURO	DA VITORIA	BAIRRO DA VITORIA	2	2	0	0	100.0	BAIRRO DA VITORIA (2)			BAIRRO DA VITORIA (2)
74477012	BLOQUEADO	DA VITORIA	BAIRRO DA VITÓRIA	10	6	0	4	40.0	BAIRRO DA VITÓRIA (4) | BAIRRO DA VITORIA (1) | Da Vitória (1)		JARDIM NOVA ESPERANÇA (2) [28.57%] | CANDIDA DE MORAES (1) [29.41%] | SÃO CARLOS (1) [10.0%]	BAIRRO DA VITÓRIA (4) | JARDIM NOVA ESPERANÇA (2) | BAIRRO DA VITORIA (1) | CANDIDA DE MORAES (1) | Da Vitória (1) | SÃO CARLOS (1)
74477018	SEGURO	DA VITORIA	Da Vitória	1	1	0	0	100.0	Da Vitória (1)			Da Vitória (1)
74477019	SEGURO	DA VITORIA	BAIRRO DA VITÓRIA	4	4	0	0	75.0	BAIRRO DA VITÓRIA (3) | BAIRRO DA VITORIA (1)			BAIRRO DA VITÓRIA (3) | BAIRRO DA VITORIA (1)
74477020	SEGURO	DA VITORIA	BAIRRO DA VITÓRIA	12	12	0	0	41.67	BAIRRO DA VITÓRIA (5) | DA VITÓRIA (5) | BAIRRO DA VITORIA (1) | Da Vitória (1)			BAIRRO DA VITÓRIA (5) | DA VITÓRIA (5) | BAIRRO DA VITORIA (1) | Da Vitória (1)
74477021	SEGURO	DA VITORIA	BAIRRO DA VITÓRIA	5	5	0	0	80.0	BAIRRO DA VITÓRIA (4) | DA VITÓRIA (1)			BAIRRO DA VITÓRIA (4) | DA VITÓRIA (1)
74477022	SEGURO	DA VITORIA	BAIRRO DA VITORIA	3	3	0	0	66.67	BAIRRO DA VITORIA (2) | BAIRRO DA VITÓRIA (1)			BAIRRO DA VITORIA (2) | BAIRRO DA VITÓRIA (1)
74477024	SEGURO	DA VITORIA	BAIRRO DA VITORIA	3	3	0	0	33.33	BAIRRO DA VITORIA (1) | BAIRRO DA VITÓRIA (1) | Da Vitória (1)			BAIRRO DA VITORIA (1) | BAIRRO DA VITÓRIA (1) | Da Vitória (1)
74477025	SEGURO	DA VITORIA	BAIRRO DA VITÓRIA	3	3	0	0	33.33	BAIRRO DA VITÓRIA (1) | BAIRRO DA VITORIA (1) | Da Vitória (1)			BAIRRO DA VITÓRIA (1) | BAIRRO DA VITORIA (1) | Da Vitória (1)
74477026	SEGURO	DA VITORIA	BAIRRO DA VITÓRIA	1	1	0	0	100.0	BAIRRO DA VITÓRIA (1)			BAIRRO DA VITÓRIA (1)
74477027	SEGURO	DA VITORIA	BAIRRO DA VITÓRIA	3	3	0	0	66.67	BAIRRO DA VITÓRIA (2) | DA VITÓRIA (1)			BAIRRO DA VITÓRIA (2) | DA VITÓRIA (1)
74477030	SEGURO	DA VITORIA	BAIRRO DA VITÓRIA	7	7	0	0	57.14	BAIRRO DA VITÓRIA (4) | BAIRRO DA VITORIA (2) | DA VITÓRIA (1)			BAIRRO DA VITÓRIA (4) | BAIRRO DA VITORIA (2) | DA VITÓRIA (1)
74477031	SEGURO	DA VITORIA	BAIRRO DA VITÓRIA	4	4	0	0	50.0	BAIRRO DA VITÓRIA (2) | BAIRRO DA VITORIA (2)			BAIRRO DA VITÓRIA (2) | BAIRRO DA VITORIA (2)
74477032	SEGURO	DA VITORIA	DA VITÓRIA	2	2	0	0	100.0	DA VITÓRIA (2)			DA VITÓRIA (2)
74477033	SEGURO	DA VITORIA	DA VITÓRIA	2	2	0	0	100.0	DA VITÓRIA (2)			DA VITÓRIA (2)
74477034	SEGURO	DA VITORIA	BAIRRO DA VITÓRIA	5	5	0	0	80.0	BAIRRO DA VITÓRIA (4) | Da Vitória (1)			BAIRRO DA VITÓRIA (4) | Da Vitória (1)
74477036	SEGURO	DA VITORIA	BAIRRO DA VITÓRIA	11	11	0	0	36.36	BAIRRO DA VITÓRIA (4) | DA VITÓRIA (4) | Da Vitória (3)			BAIRRO DA VITÓRIA (4) | DA VITÓRIA (4) | Da Vitória (3)
74477038	SEGURO	DA VITORIA	BAIRRO DA VITORIA	3	3	0	0	66.67	BAIRRO DA VITORIA (2) | BAIRRO DA VITÓRIA (1)			BAIRRO DA VITORIA (2) | BAIRRO DA VITÓRIA (1)
74477040	SEGURO	DA VITORIA	BAIRRO DA VITÓRIA	1	1	0	0	100.0	BAIRRO DA VITÓRIA (1)			BAIRRO DA VITÓRIA (1)
74477041	SEGURO	DA VITORIA	BAIRRO DA VITORIA	4	4	0	0	50.0	BAIRRO DA VITORIA (2) | BAIRRO DA VITÓRIA (1) | Da Vitória (1)			BAIRRO DA VITORIA (2) | BAIRRO DA VITÓRIA (1) | Da Vitória (1)
74477043	SEGURO	DA VITORIA	Da Vitória	5	5	0	0	60.0	Da Vitória (3) | BAIRRO DA VITÓRIA (2)			Da Vitória (3) | BAIRRO DA VITÓRIA (2)
74477044	SEGURO	DA VITORIA	BAIRRO DA VITORIA	2	2	0	0	50.0	BAIRRO DA VITORIA (1) | Da Vitória (1)			BAIRRO DA VITORIA (1) | Da Vitória (1)
74477045	SEGURO	DA VITORIA	DA VITÓRIA	4	4	0	0	50.0	DA VITÓRIA (2) | BAIRRO DA VITÓRIA (1) | BAIRRO DA VITORIA (1)			DA VITÓRIA (2) | BAIRRO DA VITÓRIA (1) | BAIRRO DA VITORIA (1)
74477048	SEGURO	DA VITORIA	BAIRRO DA VITÓRIA	5	5	0	0	80.0	BAIRRO DA VITÓRIA (4) | BAIRRO DA VITORIA (1)			BAIRRO DA VITÓRIA (4) | BAIRRO DA VITORIA (1)
74477049	SEGURO	DA VITORIA	DA VITÓRIA	1	1	0	0	100.0	DA VITÓRIA (1)			DA VITÓRIA (1)
74477050	SEGURO	DA VITORIA	DA VITÓRIA	2	2	0	0	50.0	DA VITÓRIA (1) | Da Vitória (1)			DA VITÓRIA (1) | Da Vitória (1)
74477051	SEGURO	DA VITORIA	DA VITÓRIA	2	2	0	0	100.0	DA VITÓRIA (2)			DA VITÓRIA (2)
74477053	SEGURO	DA VITORIA	BAIRRO DA VITÓRIA	4	4	0	0	75.0	BAIRRO DA VITÓRIA (3) | DA VITÓRIA (1)			BAIRRO DA VITÓRIA (3) | DA VITÓRIA (1)
74477054	SEGURO	DA VITORIA	DA VITÓRIA	3	3	0	0	66.67	DA VITÓRIA (2) | BAIRRO DA VITÓRIA (1)			DA VITÓRIA (2) | BAIRRO DA VITÓRIA (1)
74477055	SEGURO	DA VITORIA	BAIRRO DA VITÓRIA	3	3	0	0	66.67	BAIRRO DA VITÓRIA (2) | BAIRRO DA VITORIA (1)			BAIRRO DA VITÓRIA (2) | BAIRRO DA VITORIA (1)
74477056	SEGURO	DA VITORIA	BAIRRO DA VITÓRIA	2	2	0	0	100.0	BAIRRO DA VITÓRIA (2)			BAIRRO DA VITÓRIA (2)
74477057	SEGURO	DA VITORIA	DA VITÓRIA	12	12	0	0	41.67	DA VITÓRIA (5) | BAIRRO DA VITORIA (4) | BAIRRO DA VITÓRIA (2) | Da Vitória (1)			DA VITÓRIA (5) | BAIRRO DA VITORIA (4) | BAIRRO DA VITÓRIA (2) | Da Vitória (1)
74477058	SEGURO	SAO CARLOS	SÃO CARLOS	4	4	0	0	75.0	SÃO CARLOS (3) | São Carlos (1)			SÃO CARLOS (3) | São Carlos (1)
74477059	SEGURO	SAO CARLOS	SÃO CARLOS	2	2	0	0	100.0	SÃO CARLOS (2)			SÃO CARLOS (2)
74477060	SEGURO	SAO CARLOS	SÃO CARLOS	1	1	0	0	100.0	SÃO CARLOS (1)			SÃO CARLOS (1)
74477061	SEGURO	SAO CARLOS	SÃO CARLOS	7	7	0	0	71.43	SÃO CARLOS (5) | São Carlos (2)			SÃO CARLOS (5) | São Carlos (2)
74477062	SEGURO	SAO CARLOS	SÃO CARLOS	12	12	0	0	83.33	SÃO CARLOS (10) | SAO CARLOS (1) | São Carlos (1)			SÃO CARLOS (10) | SAO CARLOS (1) | São Carlos (1)
74477063	SEGURO	SAO CARLOS	SÃO CARLOS	1	1	0	0	100.0	SÃO CARLOS (1)			SÃO CARLOS (1)
74477064	SEGURO	SAO CARLOS	SÃO CARLOS	1	1	0	0	100.0	SÃO CARLOS (1)			SÃO CARLOS (1)
74477066	SEGURO	SAO CARLOS	SÃO CARLOS	10	10	0	0	100.0	SÃO CARLOS (10)			SÃO CARLOS (10)
74477067	SEGURO	SAO CARLOS	SÃO CARLOS	6	6	0	0	83.33	SÃO CARLOS (5) | BAIRRO SÃO CARLOS (1)			SÃO CARLOS (5) | BAIRRO SÃO CARLOS (1)
74477068	SEGURO	SAO CARLOS	SÃO CARLOS	6	6	0	0	66.67	SÃO CARLOS (4) | São Carlos (2)			SÃO CARLOS (4) | São Carlos (2)
74477069	SEGURO	SAO CARLOS	SÃO CARLOS	2	2	0	0	100.0	SÃO CARLOS (2)			SÃO CARLOS (2)
74477070	SEGURO	SAO CARLOS	SÃO CARLOS	6	6	0	0	66.67	SÃO CARLOS (4) | BAIRRO SÃO CARLOS (1) | SAO CARLOS (1)			SÃO CARLOS (4) | BAIRRO SÃO CARLOS (1) | SAO CARLOS (1)
74477071	SEGURO	SAO CARLOS	SÃO CARLOS	4	4	0	0	75.0	SÃO CARLOS (3) | São Carlos (1)			SÃO CARLOS (3) | São Carlos (1)
74477072	SEGURO	DA VITORIA	BAIRRO DA VITÓRIA	2	2	0	0	50.0	BAIRRO DA VITÓRIA (1) | Da Vitoria (1)			BAIRRO DA VITÓRIA (1) | Da Vitoria (1)
74477074	SEGURO	SAO CARLOS	SÃO CARLOS	4	4	0	0	75.0	SÃO CARLOS (3) | São Carlos (1)			SÃO CARLOS (3) | São Carlos (1)
74477076	BLOQUEADO	SAO CARLOS	SÃO CARLOS	4	3	0	1	50.0	SÃO CARLOS (2) | BAIRRO SÃO CARLOS (1)		Da Vitória (1) [10.0%]	SÃO CARLOS (2) | BAIRRO SÃO CARLOS (1) | Da Vitória (1)
74477078	SEGURO	SAO CARLOS	SÃO CARLOS	4	4	0	0	100.0	SÃO CARLOS (4)			SÃO CARLOS (4)
74477079	SEGURO	SAO CARLOS	SÃO CARLOS	2	2	0	0	100.0	SÃO CARLOS (2)			SÃO CARLOS (2)
74477080	SEGURO	SAO CARLOS	SÃO CARLOS	4	4	0	0	75.0	SÃO CARLOS (3) | São Carlos (1)			SÃO CARLOS (3) | São Carlos (1)
74477081	SEGURO	SAO CARLOS	SÃO CARLOS	7	7	0	0	100.0	SÃO CARLOS (7)			SÃO CARLOS (7)
74477083	SEGURO	SAO CARLOS	SÃO CARLOS	4	4	0	0	50.0	SÃO CARLOS (2) | SAO CARLOS (1) | São Carlos (1)			SÃO CARLOS (2) | SAO CARLOS (1) | São Carlos (1)
74477084	SEGURO	SAO CARLOS	SÃO CARLOS	3	3	0	0	66.67	SÃO CARLOS (2) | São Carlos (1)			SÃO CARLOS (2) | São Carlos (1)
74477086	SEGURO	SAO CARLOS	SÃO CARLOS	1	1	0	0	100.0	SÃO CARLOS (1)			SÃO CARLOS (1)
74477087	SEGURO	SAO CARLOS	SÃO CARLOS	3	3	0	0	66.67	SÃO CARLOS (2) | São Carlos (1)			SÃO CARLOS (2) | São Carlos (1)
74477088	BLOQUEADO	SAO CARLOS	SÃO CARLOS	14	13	0	1	50.0	SÃO CARLOS (7) | São Carlos (4) | SAO CARLOS (2)		Jardim Nova Esperança (1) [14.29%]	SÃO CARLOS (7) | São Carlos (4) | SAO CARLOS (2) | Jardim Nova Esperança (1)
74477089	SEGURO	SAO CARLOS	SÃO CARLOS	6	6	0	0	50.0	SÃO CARLOS (3) | São Carlos (3)			SÃO CARLOS (3) | São Carlos (3)
74477091	SEGURO	SAO CARLOS	SÃO CARLOS	4	4	0	0	100.0	SÃO CARLOS (4)			SÃO CARLOS (4)
74477092	SEGURO	SAO CARLOS	São Carlos	1	1	0	0	100.0	São Carlos (1)			São Carlos (1)
74477093	SEGURO	SAO CARLOS	SÃO CARLOS	1	1	0	0	100.0	SÃO CARLOS (1)			SÃO CARLOS (1)
74477094	SEGURO	SAO CARLOS	SÃO CARLOS	3	3	0	0	100.0	SÃO CARLOS (3)			SÃO CARLOS (3)
74477096	SEGURO	SAO CARLOS	SÃO CARLOS	2	2	0	0	100.0	SÃO CARLOS (2)			SÃO CARLOS (2)
74477097	SEGURO	SAO CARLOS	SÃO CARLOS	7	7	0	0	71.43	SÃO CARLOS (5) | SAO CARLOS (2)			SÃO CARLOS (5) | SAO CARLOS (2)
74477098	SEGURO	SAO CARLOS	SÃO CARLOS	4	4	0	0	75.0	SÃO CARLOS (3) | SAO CARLOS (1)			SÃO CARLOS (3) | SAO CARLOS (1)
74477099	SEGURO	SAO CARLOS	SÃO CARLOS	4	4	0	0	75.0	SÃO CARLOS (3) | São Carlos (1)			SÃO CARLOS (3) | São Carlos (1)
74477100	SEGURO	SAO CARLOS	SÃO CARLOS	4	4	0	0	75.0	SÃO CARLOS (3) | São Carlos (1)			SÃO CARLOS (3) | São Carlos (1)
74477101	SEGURO	SAO CARLOS	São Carlos	3	3	0	0	66.67	São Carlos (2) | SÃO CARLOS (1)			São Carlos (2) | SÃO CARLOS (1)
74477103	SEGURO	SAO CARLOS	SÃO CARLOS	2	2	0	0	100.0	SÃO CARLOS (2)			SÃO CARLOS (2)
74477104	SEGURO	SAO CARLOS	SAO CARLOS	1	1	0	0	100.0	SAO CARLOS (1)			SAO CARLOS (1)
74477105	SEGURO	SAO CARLOS	São Carlos	9	9	0	0	66.67	São Carlos (6) | SÃO CARLOS (3)			São Carlos (6) | SÃO CARLOS (3)
74477106	SEGURO	SAO CARLOS	SÃO CARLOS	6	6	0	0	83.33	SÃO CARLOS (5) | SAO CARLOS (1)			SÃO CARLOS (5) | SAO CARLOS (1)
74477107	SEGURO	SAO CARLOS	SÃO CARLOS	11	11	0	0	81.82	SÃO CARLOS (9) | São Carlos (2)			SÃO CARLOS (9) | São Carlos (2)
74477108	SEGURO	SAO CARLOS	SÃO CARLOS	4	4	0	0	75.0	SÃO CARLOS (3) | SAO CARLOS (1)			SÃO CARLOS (3) | SAO CARLOS (1)
74477109	SEGURO	SAO CARLOS	SÃO CARLOS	2	2	0	0	100.0	SÃO CARLOS (2)			SÃO CARLOS (2)
74477110	SEGURO	SAO CARLOS	SÃO CARLOS	4	4	0	0	75.0	SÃO CARLOS (3) | São Carlos (1)			SÃO CARLOS (3) | São Carlos (1)
74477112	SEGURO	SAO CARLOS	SÃO CARLOS	1	1	0	0	100.0	SÃO CARLOS (1)			SÃO CARLOS (1)
74477115	SEGURO	FLORESTA	Floresta	1	1	0	0	100.0	Floresta (1)			Floresta (1)
74477122	SEGURO	FLORESTA	Floresta	2	2	0	0	100.0	Floresta (2)			Floresta (2)
74477147	SEGURO	DA VITORIA	DA VITÓRIA	4	4	0	0	100.0	DA VITÓRIA (4)			DA VITÓRIA (4)
74477186	SEGURO	SAO CARLOS	SÃO CARLOS	3	3	0	0	100.0	SÃO CARLOS (3)			SÃO CARLOS (3)
74477187	SEGURO	SAO CARLOS	SÃO CARLOS	2	2	0	0	100.0	SÃO CARLOS (2)			SÃO CARLOS (2)
74477189	SEGURO	SAO CARLOS	SÃO CARLOS	1	1	0	0	100.0	SÃO CARLOS (1)			SÃO CARLOS (1)
74477190	SEGURO	SAO CARLOS	SÃO CARLOS	11	11	0	0	72.73	SÃO CARLOS (8) | BAIRRO SAO CARLOS (2) | São Carlos (1)			SÃO CARLOS (8) | BAIRRO SAO CARLOS (2) | São Carlos (1)
74477200	SEGURO	VISTA BELA	JARDIM VISTA BELA	2	2	0	0	100.0	JARDIM VISTA BELA (2)			JARDIM VISTA BELA (2)
74477447	SEGURO	LIBERDADE	JARDIM LIBERDADE	1	1	0	0	100.0	JARDIM LIBERDADE (1)			JARDIM LIBERDADE (1)
74477600	SEGURO	FAZENDA SAO DOMINGOS	FAZENDA SÃO DOMINGOS	1	1	0	0	100.0	FAZENDA SÃO DOMINGOS (1)			FAZENDA SÃO DOMINGOS (1)
74477657	SEGURO	DA VITORIA	BAIRRO DA VITORIA	1	1	0	0	100.0	BAIRRO DA VITORIA (1)			BAIRRO DA VITORIA (1)
74477720	SEGURO	CONDOMINIO CAMPO BELO	CONDOMÍNIO CAMPO BELO	1	1	0	0	100.0	CONDOMÍNIO CAMPO BELO (1)			CONDOMÍNIO CAMPO BELO (1)
74478036	SEGURO	NOVO PLANALTO	NOVO PLANALTO	1	1	0	0	100.0	NOVO PLANALTO (1)			NOVO PLANALTO (1)
74478395	SEGURO	NOVO PLANALTO	NOVO PLANALTO	1	1	0	0	100.0	NOVO PLANALTO (1)			NOVO PLANALTO (1)
74478710	SEGURO	MANSOES PARAISO	MANSÕES PARAÍSO	1	1	0	0	100.0	MANSÕES PARAÍSO (1)			MANSÕES PARAÍSO (1)
74480000	BLOQUEADO	CAPUAVA	BAIRRO CAPUAVA	4	1	0	3	25.0	BAIRRO CAPUAVA (1)		COLORADO (1) [25.0%] | JARDIM COLORADO (1) [25.0%] | JARDIM NOVO MUNDO (1) [10.0%]	BAIRRO CAPUAVA (1) | COLORADO (1) | JARDIM COLORADO (1) | JARDIM NOVO MUNDO (1)
74480003	SEGURO	LIBERDADE	JARDIM LIBERDADE	1	1	0	0	100.0	JARDIM LIBERDADE (1)			JARDIM LIBERDADE (1)
74480008	SEGURO	MUTIRAO	VILA MUTIRÃO	1	1	0	0	100.0	VILA MUTIRÃO (1)			VILA MUTIRÃO (1)
74480010	SEGURO	LIBERDADE	JARDIM LIBERDADE	3	3	0	0	100.0	JARDIM LIBERDADE (3)			JARDIM LIBERDADE (3)
74480020	BLOQUEADO	MUTIRAO	VILA MUTIRÃO	3	2	0	1	66.67	VILA MUTIRÃO (2)		JARDIM LIBERDADE (1) [22.22%]	VILA MUTIRÃO (2) | JARDIM LIBERDADE (1)
74480030	REVISAR	LIBERDADE	JARDIM LIBERDADE	41	39	0	2	90.24	JARDIM LIBERDADE (37) | Jardim Liberdade (2)		VILA MUTIRÃO (2) [22.22%]	JARDIM LIBERDADE (37) | Jardim Liberdade (2) | VILA MUTIRÃO (2)
74480040	BLOQUEADO	MUTIRAO	VILA MUTIRÃO	9	6	0	3	66.67	VILA MUTIRÃO (6)		Vila Mutirão I (2) [77.78%] | VILA MUTIRÃO I (1) [77.78%]	VILA MUTIRÃO (6) | Vila Mutirão I (2) | VILA MUTIRÃO I (1)
74480050	SEGURO	NOVO PLANALTO	NOVO PLANALTO	5	5	0	0	60.0	NOVO PLANALTO (3) | SETOR NOVO PLANALTO (2)			NOVO PLANALTO (3) | SETOR NOVO PLANALTO (2)
74480060	BLOQUEADO	NOVO PLANALTO	NOVO PLANALTO	55	52	0	3	58.18	NOVO PLANALTO (32) | SETOR NOVO PLANALTO (15) | Setor Novo Planalto (5)		JARDIM NOVA ESPERANÇA (1) [35.71%] | MANSÕES PARAISO (1) [40.0%] | Vila Mutirão (1) [15.38%]	NOVO PLANALTO (32) | SETOR NOVO PLANALTO (15) | Setor Novo Planalto (5) | JARDIM NOVA ESPERANÇA (1) | MANSÕES PARAISO (1) | Vila Mutirão (1)
74480070	REVISAR	LIBERDADE	JARDIM LIBERDADE	29	24	0	5	79.31	JARDIM LIBERDADE (23) | Jardim Liberdade (1)		NOVO PLANALTO (2) [7.69%] | SETOR NOVO PLANALTO (1) [7.69%] | VILA MUTIRÃO (1) [22.22%] | VILA MUTIRAO (1) [22.22%]	JARDIM LIBERDADE (23) | NOVO PLANALTO (2) | Jardim Liberdade (1) | SETOR NOVO PLANALTO (1) | VILA MUTIRÃO (1) | VILA MUTIRAO (1)
74480080	SEGURO	NOVO PLANALTO	NOVO PLANALTO	1	1	0	0	100.0	NOVO PLANALTO (1)			NOVO PLANALTO (1)
74480098	SEGURO	SAO CARLOS	SÃO CARLOS	1	1	0	0	100.0	SÃO CARLOS (1)			SÃO CARLOS (1)
74480110	BLOQUEADO	MUTIRAO	VILA MUTIRÃO	29	13	0	16	44.83	VILA MUTIRÃO (13)		VILA MUTIRÃO I (8) [77.78%] | JARDIM LIBERDADE (5) [22.22%] | Vila Mutirão I (2) [77.78%] | JARDIM CURITIBA IV (1) [36.36%]	VILA MUTIRÃO (13) | VILA MUTIRÃO I (8) | JARDIM LIBERDADE (5) | Vila Mutirão I (2) | JARDIM CURITIBA IV (1)
74480120	BLOQUEADO	MUTIRAO I	VILA MUTIRÃO I	13	7	0	6	46.15	VILA MUTIRÃO I (6) | Vila Mutirão I (1)		VILA MUTIRÃO (5) [77.78%] | CURITIBA 4 (1) [40.0%]	VILA MUTIRÃO I (6) | VILA MUTIRÃO (5) | CURITIBA 4 (1) | Vila Mutirão I (1)
74480130	SEGURO	NOVO PLANALTO	NOVO PLANALTO	4	4	0	0	75.0	NOVO PLANALTO (3) | SETOR NOVO PLANALTO (1)			NOVO PLANALTO (3) | SETOR NOVO PLANALTO (1)
74480140	BLOQUEADO	MUTIRAO	VILA MUTIRÃO	14	9	0	5	64.29	VILA MUTIRÃO (9)		VILA MUTIRÃO I (3) [77.78%] | JARDIM LIBERDADE (1) [22.22%] | Vila Mutirão I (1) [77.78%]	VILA MUTIRÃO (9) | VILA MUTIRÃO I (3) | JARDIM LIBERDADE (1) | Vila Mutirão I (1)
74480150	BLOQUEADO	MUTIRAO	VILA MUTIRÃO	18	8	0	10	44.44	VILA MUTIRÃO (8)		Vila Mutirão I (7) [77.78%] | VILA MUTIRÃO I (2) [77.78%] | JARDIM LIBERDADE (1) [22.22%]	VILA MUTIRÃO (8) | Vila Mutirão I (7) | VILA MUTIRÃO I (2) | JARDIM LIBERDADE (1)
74480160	BLOQUEADO	MUTIRAO	VILA MUTIRÃO	22	10	0	12	45.45	VILA MUTIRÃO (10)		VILA MUTIRÃO I (8) [77.78%] | Vila Mutirão I (4) [77.78%]	VILA MUTIRÃO (10) | VILA MUTIRÃO I (8) | Vila Mutirão I (4)
74480170	BLOQUEADO	MUTIRAO	VILA MUTIRÃO	20	13	0	7	55.0	VILA MUTIRÃO (11) | VILA MUTIRAO (2)		VILA MUTIRÃO I (4) [77.78%] | Vila Mutirão I (3) [77.78%]	VILA MUTIRÃO (11) | VILA MUTIRÃO I (4) | Vila Mutirão I (3) | VILA MUTIRAO (2)
74480180	BLOQUEADO	MUTIRAO	VILA MUTIRÃO	26	16	0	10	53.85	VILA MUTIRÃO (14) | VILA MUTIRAO (2)		VILA MUTIRÃO I (5) [77.78%] | Vila Mutirão I (4) [77.78%] | VILA MULTIRÃO I (1) [70.0%]	VILA MUTIRÃO (14) | VILA MUTIRÃO I (5) | Vila Mutirão I (4) | VILA MUTIRAO (2) | VILA MULTIRÃO I (1)
74480190	BLOQUEADO	MUTIRAO	VILA MUTIRÃO	5	3	1	1	60.0	VILA MUTIRÃO (3)	VILA MULTIRÃO (1) [87.5%]	Vila Mutirão I (1) [77.78%]	VILA MUTIRÃO (3) | VILA MULTIRÃO (1) | Vila Mutirão I (1)
74480230	BLOQUEADO	MUTIRAO	VILA MUTIRÃO	16	10	0	6	62.5	VILA MUTIRÃO (10)		VILA MUTIRÃO I (3) [77.78%] | Vila Mutirão I (3) [77.78%]	VILA MUTIRÃO (10) | VILA MUTIRÃO I (3) | Vila Mutirão I (3)
74480240	BLOQUEADO	MUTIRAO I	VILA MUTIRÃO I	27	14	0	13	40.74	VILA MUTIRÃO I (11) | Vila Mutirão I (3)		VILA MUTIRÃO (10) [77.78%] | CANDIDA DE MORAIS (1) [23.53%] | NOVO PLANALTO (1) [7.69%] | VILA MUTIRAO (1) [77.78%]	VILA MUTIRÃO I (11) | VILA MUTIRÃO (10) | Vila Mutirão I (3) | CANDIDA DE MORAIS (1) | NOVO PLANALTO (1) | VILA MUTIRAO (1)
74480250	BLOQUEADO	MUTIRAO	VILA MUTIRÃO	27	15	1	11	40.74	VILA MUTIRÃO (11) | VILA MUTIRAO (3) | Vila Mutirão (1)	VILA MULTIRÃO (1) [87.5%]	VILA MUTIRÃO I (6) [77.78%] | Vila Mutirão I (4) [77.78%] | Jardim Liberdade (1) [22.22%]	VILA MUTIRÃO (11) | VILA MUTIRÃO I (6) | Vila Mutirão I (4) | VILA MUTIRAO (3) | Jardim Liberdade (1) | VILA MULTIRÃO (1) | Vila Mutirão (1)
74480260	BLOQUEADO	MUTIRAO	VILA MUTIRÃO	29	16	0	13	55.17	VILA MUTIRÃO (16)		VILA MUTIRÃO I (9) [77.78%] | Vila Mutirão I (3) [77.78%] | RESIDENCIAL GREEN PARK (1) [13.64%]	VILA MUTIRÃO (16) | VILA MUTIRÃO I (9) | Vila Mutirão I (3) | RESIDENCIAL GREEN PARK (1)
74480270	BLOQUEADO	MUTIRAO	VILA MUTIRÃO	20	10	0	10	40.0	VILA MUTIRÃO (8) | Vila Mutirão (2)		VILA MUTIRÃO I (6) [77.78%] | Vila Mutirão I (3) [77.78%] | JARDIM LIBERDADE (1) [22.22%]	VILA MUTIRÃO (8) | VILA MUTIRÃO I (6) | Vila Mutirão I (3) | Vila Mutirão (2) | JARDIM LIBERDADE (1)
74480280	BLOQUEADO	MUTIRAO	VILA MUTIRÃO	20	9	0	11	45.0	VILA MUTIRÃO (9)		VILA MUTIRÃO I (6) [77.78%] | Vila Mutirão I (4) [77.78%] | NOVO PLANALTO (1) [15.38%]	VILA MUTIRÃO (9) | VILA MUTIRÃO I (6) | Vila Mutirão I (4) | NOVO PLANALTO (1)
74480282	REVISAR	MUTIRAO	VILA MUTIRÃO	8	6	0	2	75.0	VILA MUTIRÃO (6)		VILA MUTIRÃO I (2) [77.78%]	VILA MUTIRÃO (6) | VILA MUTIRÃO I (2)
74480290	BLOQUEADO	MUTIRAO	VILA MUTIRÃO	5	3	0	2	40.0	VILA MUTIRÃO (2) | Vila Mutirão (1)		SETOR PERIM (1) [14.29%] | Vila Mutirão I (1) [77.78%]	VILA MUTIRÃO (2) | SETOR PERIM (1) | Vila Mutirão (1) | Vila Mutirão I (1)
74480300	BLOQUEADO	MUTIRAO I	VILA MUTIRÃO I	15	9	1	5	40.0	VILA MUTIRÃO I (6) | Vila Mutirão I (3)	VILA MUTIRAO 1 (1) [88.89%]	VILA MUTIRÃO (4) [77.78%] | VILA MULTIRÃO (1) [66.67%]	VILA MUTIRÃO I (6) | VILA MUTIRÃO (4) | Vila Mutirão I (3) | VILA MULTIRÃO (1) | VILA MUTIRAO 1 (1)
74480310	BLOQUEADO	MUTIRAO I	VILA MUTIRÃO I	7	4	0	3	42.86	VILA MUTIRÃO I (3) | Vila Mutirão I (1)		JARDIM LIBERDADE (1) [11.11%] | NOVO PLANALTO (1) [7.69%] | VILA MUTIRÃO (1) [77.78%]	VILA MUTIRÃO I (3) | JARDIM LIBERDADE (1) | NOVO PLANALTO (1) | VILA MUTIRÃO (1) | Vila Mutirão I (1)
74480320	BLOQUEADO	LIBERDADE	JARDIM LIBERDADE	9	4	0	5	44.44	JARDIM LIBERDADE (4)		VILA MUTIRÃO (4) [22.22%] | VILA MUTIRÃO I (1) [11.11%]	JARDIM LIBERDADE (4) | VILA MUTIRÃO (4) | VILA MUTIRÃO I (1)
74480330	BLOQUEADO	NOVO PLANALTO	NOVO PLANALTO	45	44	0	1	64.44	NOVO PLANALTO (29) | SETOR NOVO PLANALTO (13) | Setor Novo Planalto (2)		JARDIM COLORADO (1) [30.77%]	NOVO PLANALTO (29) | SETOR NOVO PLANALTO (13) | Setor Novo Planalto (2) | JARDIM COLORADO (1)
74480335	SEGURO	NOVO PLANALTO	NOVO PLANALTO	24	24	0	0	54.17	NOVO PLANALTO (13) | SETOR NOVO PLANALTO (10) | Setor Novo Planalto (1)			NOVO PLANALTO (13) | SETOR NOVO PLANALTO (10) | Setor Novo Planalto (1)
74480340	BLOQUEADO	NOVO PLANALTO	NOVO PLANALTO	41	40	0	1	56.1	NOVO PLANALTO (23) | SETOR NOVO PLANALTO (9) | Setor Novo Planalto (8)		JARDIM COLORADO (1) [30.77%]	NOVO PLANALTO (23) | SETOR NOVO PLANALTO (9) | Setor Novo Planalto (8) | JARDIM COLORADO (1)
74480350	BLOQUEADO	NOVO PLANALTO	NOVO PLANALTO	52	50	0	2	55.77	NOVO PLANALTO (29) | SETOR NOVO PLANALTO (16) | Setor Novo Planalto (5)		CANDIDA DE MORAES (1) [11.76%] | JARDIM COLORADO (1) [30.77%]	NOVO PLANALTO (29) | SETOR NOVO PLANALTO (16) | Setor Novo Planalto (5) | CANDIDA DE MORAES (1) | JARDIM COLORADO (1)
74480355	BLOQUEADO	NOVO PLANALTO	NOVO PLANALTO	47	46	0	1	57.45	NOVO PLANALTO (27) | SETOR NOVO PLANALTO (14) | Setor Novo Planalto (4) | Novo Planalto (1)		JARDIM VISTA BELA (1) [15.38%]	NOVO PLANALTO (27) | SETOR NOVO PLANALTO (14) | Setor Novo Planalto (4) | JARDIM VISTA BELA (1) | Novo Planalto (1)
74480358	SEGURO	NOVO PLANALTO	NOVO PLANALTO	1	1	0	0	100.0	NOVO PLANALTO (1)			NOVO PLANALTO (1)
74480360	SEGURO	NOVO PLANALTO	NOVO PLANALTO	23	23	0	0	52.17	NOVO PLANALTO (12) | SETOR NOVO PLANALTO (9) | Setor Novo Planalto (2)			NOVO PLANALTO (12) | SETOR NOVO PLANALTO (9) | Setor Novo Planalto (2)
74480365	SEGURO	NOVO PLANALTO	NOVO PLANALTO	1	1	0	0	100.0	NOVO PLANALTO (1)			NOVO PLANALTO (1)
74480370	SEGURO	NOVO PLANALTO	NOVO PLANALTO	11	11	0	0	54.55	NOVO PLANALTO (6) | SETOR NOVO PLANALTO (5)			NOVO PLANALTO (6) | SETOR NOVO PLANALTO (5)
74480380	SEGURO	NOVO PLANALTO	NOVO PLANALTO	17	17	0	0	58.82	NOVO PLANALTO (10) | SETOR NOVO PLANALTO (7)			NOVO PLANALTO (10) | SETOR NOVO PLANALTO (7)
74480382	BLOQUEADO	NOVO PLANALTO	NOVO PLANALTO	19	17	0	2	68.42	NOVO PLANALTO (13) | SETOR NOVO PLANALTO (3) | Setor Novo Planalto (1)		RESIDENCIAL PRIVE NORTE (1) [21.74%] | VILA MARTINS (1) [7.69%]	NOVO PLANALTO (13) | SETOR NOVO PLANALTO (3) | RESIDENCIAL PRIVE NORTE (1) | Setor Novo Planalto (1) | VILA MARTINS (1)
74480385	SEGURO	NOVO PLANALTO	NOVO PLANALTO	9	9	0	0	88.89	NOVO PLANALTO (8) | SETOR NOVO PLANALTO (1)			NOVO PLANALTO (8) | SETOR NOVO PLANALTO (1)
74480387	BLOQUEADO	NOVO PLANALTO	NOVO PLANALTO	3	2	0	1	66.67	NOVO PLANALTO (2)		SETOR PERIM (1) [7.69%]	NOVO PLANALTO (2) | SETOR PERIM (1)
74480390	BLOQUEADO	NOVO PLANALTO	NOVO PLANALTO	29	28	0	1	51.72	NOVO PLANALTO (15) | Setor Novo Planalto (8) | SETOR NOVO PLANALTO (5)		JARDIM COLORADO (1) [30.77%]	NOVO PLANALTO (15) | Setor Novo Planalto (8) | SETOR NOVO PLANALTO (5) | JARDIM COLORADO (1)
74480395	SEGURO	NOVO PLANALTO	NOVO PLANALTO	34	34	0	0	73.53	NOVO PLANALTO (25) | SETOR NOVO PLANALTO (6) | Setor Novo Planalto (3)			NOVO PLANALTO (25) | SETOR NOVO PLANALTO (6) | Setor Novo Planalto (3)
74480400	SEGURO	NOVO PLANALTO	NOVO PLANALTO	36	36	0	0	61.11	NOVO PLANALTO (22) | SETOR NOVO PLANALTO (11) | Setor Novo Planalto (3)			NOVO PLANALTO (22) | SETOR NOVO PLANALTO (11) | Setor Novo Planalto (3)
74480420	SEGURO	MUTIRAO	VILA MUTIRÃO	1	1	0	0	100.0	VILA MUTIRÃO (1)			VILA MUTIRÃO (1)
74480430	BLOQUEADO	CURITIBA IV	JARDIM CURITIBA IV	23	18	0	5	73.91	JARDIM CURITIBA IV (17) | JARDIM CURITIBA  IV (1)		JARDIM CURITIBA (3) [72.73%] | Jardim Curitiba (1) [72.73%] | JARDIM LIBERDADE (1) [9.09%]	JARDIM CURITIBA IV (17) | JARDIM CURITIBA (3) | Jardim Curitiba (1) | JARDIM CURITIBA  IV (1) | JARDIM LIBERDADE (1)
74480440	REVISAR	CURITIBA IV	JARDIM CURITIBA IV	17	14	0	3	82.35	JARDIM CURITIBA IV (14)		JARDIM CURITIBA (2) [72.73%] | Jardim Curitiba (1) [72.73%]	JARDIM CURITIBA IV (14) | JARDIM CURITIBA (2) | Jardim Curitiba (1)
74480450	BLOQUEADO	CURITIBA IV	JARDIM CURITIBA IV	40	27	1	12	62.5	JARDIM CURITIBA IV (25) | CURITIBA IV (1) | Jardim Curitiba IV (1)	JARDIM CURITBA IV (1) [90.91%]	JARDIM CURITIBA (5) [72.73%] | Jardim Curitiba (5) [72.73%] | Jardim Curitiba 4 (2) [81.82%]	JARDIM CURITIBA IV (25) | JARDIM CURITIBA (5) | Jardim Curitiba (5) | Jardim Curitiba 4 (2) | CURITIBA IV (1) | JARDIM CURITBA IV (1) | Jardim Curitiba IV (1)
74480460	BLOQUEADO	CURITIBA IV	JARDIM CURITIBA IV	15	9	0	6	60.0	JARDIM CURITIBA IV (9)		JARDIM CURITIBA (4) [72.73%] | Jardim Curitiba (1) [72.73%] | PARQUE MARACANÃ (1) [18.18%]	JARDIM CURITIBA IV (9) | JARDIM CURITIBA (4) | Jardim Curitiba (1) | PARQUE MARACANÃ (1)
74480470	BLOQUEADO	CURITIBA	JARDIM CURITIBA	7	4	0	3	28.57	JARDIM CURITIBA (2) | Jardim Curitiba (2)		JARDIM CURITIBA IV (2) [72.73%] | JARDIM CURITIBA I (1) [80.0%]	JARDIM CURITIBA (2) | Jardim Curitiba (2) | JARDIM CURITIBA IV (2) | JARDIM CURITIBA I (1)
74480480	BLOQUEADO	CURITIBA IV	JARDIM CURITIBA IV	3	2	0	1	66.67	JARDIM CURITIBA IV (2)		Jardim Curitiba (1) [72.73%]	JARDIM CURITIBA IV (2) | Jardim Curitiba (1)
74480485	BLOQUEADO	CURITIBA	JARDIM CURITIBA	6	3	0	3	33.33	JARDIM CURITIBA (2) | Jardim Curitiba (1)		JARDIM CURITIBA IV (1) [72.73%] | Jardim Curitiba lV (1) [72.73%] | JARDIM VISTA BELA (1) [20.0%]	JARDIM CURITIBA (2) | Jardim Curitiba (1) | JARDIM CURITIBA IV (1) | Jardim Curitiba lV (1) | JARDIM VISTA BELA (1)
74480490	REVISAR	CURITIBA IV	JARDIM CURITIBA IV	5	4	0	1	80.0	JARDIM CURITIBA IV (4)		JARDIM CURITIBA 4 (1) [81.82%]	JARDIM CURITIBA IV (4) | JARDIM CURITIBA 4 (1)
74480500	BLOQUEADO	CURITIBA IV	JARDIM CURITIBA IV	5	3	0	2	60.0	JARDIM CURITIBA IV (3)		JARDIM CURITIBA (1) [72.73%] | Jardim Curitiba 4 (1) [81.82%]	JARDIM CURITIBA IV (3) | JARDIM CURITIBA (1) | Jardim Curitiba 4 (1)
74480510	BLOQUEADO	CURITIBA	Jardim Curitiba	2	1	0	1	50.0	Jardim Curitiba (1)		JARDIM CURITIBA IV (1) [72.73%]	Jardim Curitiba (1) | JARDIM CURITIBA IV (1)
74480520	REVISAR	CURITIBA IV	JARDIM CURITIBA IV	11	10	0	1	90.91	JARDIM CURITIBA IV (10)		Jardim Curitiba (1) [72.73%]	JARDIM CURITIBA IV (10) | Jardim Curitiba (1)
74480530	REVISAR	CURITIBA IV	JARDIM CURITIBA IV	17	14	0	3	76.47	JARDIM CURITIBA IV (13) | CURITIBA IV (1)		Jardim Curitiba (1) [72.73%] | JARDIM CURITIBA (1) [72.73%] | Jardim Curitiba 4 (1) [81.82%]	JARDIM CURITIBA IV (13) | CURITIBA IV (1) | Jardim Curitiba (1) | JARDIM CURITIBA (1) | Jardim Curitiba 4 (1)
74480540	REVISAR	CURITIBA IV	JARDIM CURITIBA IV	6	5	0	1	83.33	JARDIM CURITIBA IV (5)		JARDIM CURITIBA (1) [72.73%]	JARDIM CURITIBA IV (5) | JARDIM CURITIBA (1)
74480550	BLOQUEADO	CURITIBA IV	JARDIM CURITIBA IV	6	4	0	2	66.67	JARDIM CURITIBA IV (4)		JARDIM CURITIBA (2) [72.73%]	JARDIM CURITIBA IV (4) | JARDIM CURITIBA (2)
74480558	SEGURO	CURITIBA IV	JARDIM CURITIBA IV	1	1	0	0	100.0	JARDIM CURITIBA IV (1)			JARDIM CURITIBA IV (1)
74480560	BLOQUEADO	CURITIBA IV	JARDIM CURITIBA IV	14	9	0	5	64.29	JARDIM CURITIBA IV (9)		JARDIM CURITIBA (3) [72.73%] | Jardim Curitiba (2) [72.73%]	JARDIM CURITIBA IV (9) | JARDIM CURITIBA (3) | Jardim Curitiba (2)
74480570	BLOQUEADO	CURITIBA IV	JARDIM CURITIBA IV	10	8	0	2	70.0	JARDIM CURITIBA IV (7) | Jardim Curitiba IV (1)		Jardim Curitiba (2) [72.73%]	JARDIM CURITIBA IV (7) | Jardim Curitiba (2) | Jardim Curitiba IV (1)
74480579	SEGURO	CURITIBA IV	JARDIM CURITIBA IV	1	1	0	0	100.0	JARDIM CURITIBA IV (1)			JARDIM CURITIBA IV (1)
74480580	SEGURO	CURITIBA IV	JARDIM CURITIBA IV	1	1	0	0	100.0	JARDIM CURITIBA IV (1)			JARDIM CURITIBA IV (1)
74480590	BLOQUEADO	CURITIBA IV	JARDIM CURITIBA IV	6	4	0	2	66.67	JARDIM CURITIBA IV (4)		Jardim Curitiba (1) [72.73%] | RESIDENCIAL FORTALEZA (1) [14.29%]	JARDIM CURITIBA IV (4) | Jardim Curitiba (1) | RESIDENCIAL FORTALEZA (1)
74480600	BLOQUEADO	CURITIBA	JARDIM CURITIBA	2	1	0	1	50.0	JARDIM CURITIBA (1)		JARDIM CURITIBA IV (1) [72.73%]	JARDIM CURITIBA (1) | JARDIM CURITIBA IV (1)
74480610	BLOQUEADO	CURITIBA	JARDIM CURITIBA	5	2	0	3	40.0	JARDIM CURITIBA (2)		JARDIM CURITIBA IV (2) [72.73%] | PARQUE TREMENDÃO (1) [11.11%]	JARDIM CURITIBA (2) | JARDIM CURITIBA IV (2) | PARQUE TREMENDÃO (1)
74480620	BLOQUEADO	CURITIBA IV	JARDIM CURITIBA IV	8	5	0	3	62.5	JARDIM CURITIBA IV (5)		JARDIM CURITIBA (2) [72.73%] | JARDIM CURITIBA 4 (1) [81.82%]	JARDIM CURITIBA IV (5) | JARDIM CURITIBA (2) | JARDIM CURITIBA 4 (1)
74480630	SEGURO	CURITIBA IV	JARDIM CURITIBA IV	4	4	0	0	100.0	JARDIM CURITIBA IV (4)			JARDIM CURITIBA IV (4)
74480640	BLOQUEADO	CURITIBA IV	JARDIM CURITIBA IV	5	3	0	2	60.0	JARDIM CURITIBA IV (3)		JARDIM CURITIBA (2) [72.73%]	JARDIM CURITIBA IV (3) | JARDIM CURITIBA (2)
74480650	BLOQUEADO	CURITIBA IV	JARDIM CURITIBA IV	30	19	0	11	63.33	JARDIM CURITIBA IV (19)		JARDIM CURITIBA (7) [72.73%] | Jardim Curitiba (1) [72.73%] | JARDIM LIBERDADE (1) [9.09%] | SÃO CARLOS (1) [0.0%] | VILA MUTIRÃO (1) [36.36%]	JARDIM CURITIBA IV (19) | JARDIM CURITIBA (7) | Jardim Curitiba (1) | JARDIM LIBERDADE (1) | SÃO CARLOS (1) | VILA MUTIRÃO (1)
74480660	BLOQUEADO	CURITIBA IV	JARDIM CURITIBA IV	11	7	0	4	54.55	JARDIM CURITIBA IV (6) | CURITIBA IV (1)		JARDIM CURITIBA (3) [72.73%] | Jardim Curitiba 4 (1) [81.82%]	JARDIM CURITIBA IV (6) | JARDIM CURITIBA (3) | CURITIBA IV (1) | Jardim Curitiba 4 (1)
74480700	SEGURO	CURITIBA	JARDIM CURITIBA	1	1	0	0	100.0	JARDIM CURITIBA (1)			JARDIM CURITIBA (1)
74480710	BLOQUEADO	CURITIBA	Jardim Curitiba	2	1	0	1	50.0	Jardim Curitiba (1)		MANSOES PARAISO (1) [6.67%]	Jardim Curitiba (1) | MANSOES PARAISO (1)
74480711	SEGURO	CURITIBA 2	Jardim Curitiba 2	1	1	0	0	100.0	Jardim Curitiba 2 (1)			Jardim Curitiba 2 (1)
74480720	BLOQUEADO	CURITIBA II	JARDIM CURITIBA II	2	1	0	1	50.0	JARDIM CURITIBA II (1)		MANSÕES PARAÍSO (1) [13.33%]	JARDIM CURITIBA II (1) | MANSÕES PARAÍSO (1)
74480800	BLOQUEADO	CURITIBA IV	JARDIM CURITIBA IV	11	4	1	6	36.36	JARDIM CURITIBA IV (4)	JARDIM CURITIBA II (1) [90.91%]	JARDIM CURITIBA (2) [72.73%] | Jardim Curitiba 2 (1) [81.82%] | Jardim Curitiba 3 (1) [81.82%] | Jardim Curitiba 4 (1) [81.82%] | VILA MUTIRÃO (1) [36.36%]	JARDIM CURITIBA IV (4) | JARDIM CURITIBA (2) | Jardim Curitiba 2 (1) | Jardim Curitiba 3 (1) | Jardim Curitiba 4 (1) | JARDIM CURITIBA II (1) | VILA MUTIRÃO (1)
74480860	SEGURO	TREMENDAO	PARQUE TREMENDÃO	1	1	0	0	100.0	PARQUE TREMENDÃO (1)			PARQUE TREMENDÃO (1)
74480970	SEGURO	MUTIRAO	VILA MUTIRÃO	1	1	0	0	100.0	VILA MUTIRÃO (1)			VILA MUTIRÃO (1)
74481030	BLOQUEADO	CURITIBA 2	JARDIM CURITIBA 2	2	1	0	1	50.0	JARDIM CURITIBA 2 (1)		JARDIM CURITIBA IV (1) [81.82%]	JARDIM CURITIBA 2 (1) | JARDIM CURITIBA IV (1)
74481070	SEGURO	CURITIBA	Jardim Curitiba	1	1	0	0	100.0	Jardim Curitiba (1)			Jardim Curitiba (1)
74481090	SEGURO	CURITIBA	Jardim Curitiba	1	1	0	0	100.0	Jardim Curitiba (1)			Jardim Curitiba (1)
74481100	SEGURO	CURITIBA	JARDIM CURITIBA	1	1	0	0	100.0	JARDIM CURITIBA (1)			JARDIM CURITIBA (1)
74481110	SEGURO	CURITIBA	Jardim Curitiba	3	3	0	0	100.0	Jardim Curitiba (3)			Jardim Curitiba (3)
74481130	SEGURO	CURITIBA	JARDIM CURITIBA	2	2	0	0	50.0	JARDIM CURITIBA (1) | Jardim Curitiba (1)			JARDIM CURITIBA (1) | Jardim Curitiba (1)
74481140	SEGURO	CURITIBA	JARDIM CURITIBA	2	2	0	0	100.0	JARDIM CURITIBA (2)			JARDIM CURITIBA (2)
74481150	SEGURO	CURITIBA	JARDIM CURITIBA	1	1	0	0	100.0	JARDIM CURITIBA (1)			JARDIM CURITIBA (1)
74481160	SEGURO	CURITIBA I	JARDIM CURITIBA I	1	1	0	0	100.0	JARDIM CURITIBA I (1)			JARDIM CURITIBA I (1)
74481190	SEGURO	CURITIBA	Jardim Curitiba	1	1	0	0	100.0	Jardim Curitiba (1)			Jardim Curitiba (1)
74481195	SEGURO	CURITIBA	Jardim Curitiba	1	1	0	0	100.0	Jardim Curitiba (1)			Jardim Curitiba (1)
74481200	SEGURO	CURITIBA	JARDIM CURITIBA	2	2	0	0	50.0	JARDIM CURITIBA (1) | Jardim Curitiba (1)			JARDIM CURITIBA (1) | Jardim Curitiba (1)
74481220	BLOQUEADO	CURITIBA	JARDIM CURITIBA	2	1	0	1	50.0	JARDIM CURITIBA (1)		JARDIM CURITIBA 2 (1) [80.0%]	JARDIM CURITIBA (1) | JARDIM CURITIBA 2 (1)
74481250	SEGURO	CURITIBA	JARDIM CURITIBA	2	2	0	0	100.0	JARDIM CURITIBA (2)			JARDIM CURITIBA (2)
74481290	SEGURO	CURITIBA	JARDIM CURITIBA	1	1	0	0	100.0	JARDIM CURITIBA (1)			JARDIM CURITIBA (1)
74481375	SEGURO	CURITIBA	JARDIM CURITIBA	1	1	0	0	100.0	JARDIM CURITIBA (1)			JARDIM CURITIBA (1)
74481450	SEGURO	CURITIBA III	JARDIM CURITIBA III	1	1	0	0	100.0	JARDIM CURITIBA III (1)			JARDIM CURITIBA III (1)
74481460	SEGURO	CURITIBA	Jardim Curitiba	1	1	0	0	100.0	Jardim Curitiba (1)			Jardim Curitiba (1)
74481470	SEGURO	CURITIBA III	JARDIM CURITIBA III	1	1	0	0	100.0	JARDIM CURITIBA III (1)			JARDIM CURITIBA III (1)
74481530	SEGURO	CURITIBA	Jardim Curitiba	1	1	0	0	100.0	Jardim Curitiba (1)			Jardim Curitiba (1)
74481550	SEGURO	CURITIBA	Jardim Curitiba	1	1	0	0	100.0	Jardim Curitiba (1)			Jardim Curitiba (1)
74481560	SEGURO	CURITIBA	JARDIM CURITIBA	2	2	0	0	50.0	JARDIM CURITIBA (1) | Jardim Curitiba (1)			JARDIM CURITIBA (1) | Jardim Curitiba (1)
74481580	REVISAR	CURITIBA	Jardim Curitiba	4	3	0	1	75.0	Jardim Curitiba (3)		Jardim Curitiba 2 (1) [80.0%]	Jardim Curitiba (3) | Jardim Curitiba 2 (1)
74481610	SEGURO	RESIDENCIAL GREEN PARK	RESIDENCIAL GREEN PARK	6	6	0	0	66.67	RESIDENCIAL GREEN PARK (4) | Residencial Green Park (2)			RESIDENCIAL GREEN PARK (4) | Residencial Green Park (2)
74481615	REVISAR	RESIDENCIAL GREEN PARK	RESIDENCIAL GREEN PARK	5	4	0	1	80.0	RESIDENCIAL GREEN PARK (4)		VILA MUTIRAO (1) [13.64%]	RESIDENCIAL GREEN PARK (4) | VILA MUTIRAO (1)
74481620	BLOQUEADO	RESIDENCIAL GREEN PARK	RESIDENCIAL GREEN PARK	7	5	0	2	71.43	RESIDENCIAL GREEN PARK (5)		GREEN PARK (1) [66.67%] | VILA MUTIRÃO (1) [13.64%]	RESIDENCIAL GREEN PARK (5) | GREEN PARK (1) | VILA MUTIRÃO (1)
74481625	SEGURO	RESIDENCIAL GREEN PARK	RESIDENCIAL GREEN PARK	3	3	0	0	100.0	RESIDENCIAL GREEN PARK (3)			RESIDENCIAL GREEN PARK (3)
74481630	SEGURO	RESIDENCIAL GREEN PARK	RESIDENCIAL GREEN PARK	7	7	0	0	100.0	RESIDENCIAL GREEN PARK (7)			RESIDENCIAL GREEN PARK (7)
74481635	SEGURO	RESIDENCIAL GREEN PARK	RESIDENCIAL GREEN PARK	8	8	0	0	87.5	RESIDENCIAL GREEN PARK (7) | Residencial Green Park (1)			RESIDENCIAL GREEN PARK (7) | Residencial Green Park (1)
74481640	REVISAR	RESIDENCIAL GREEN PARK	RESIDENCIAL GREEN PARK	12	10	0	2	75.0	RESIDENCIAL GREEN PARK (9) | Residencial Green Park (1)		RES. GREEN PARK (1) [63.64%] | VILA MUTIRÃO (1) [13.64%]	RESIDENCIAL GREEN PARK (9) | RES. GREEN PARK (1) | Residencial Green Park (1) | VILA MUTIRÃO (1)
74481655	SEGURO	RESIDENCIAL GREEN PARK	RESIDENCIAL GREEN PARK	5	5	0	0	60.0	RESIDENCIAL GREEN PARK (3) | Residencial Green Park (2)			RESIDENCIAL GREEN PARK (3) | Residencial Green Park (2)
74481657	SEGURO	RESIDENCIAL GREEN PARK	RESIDENCIAL GREEN PARK	3	3	0	0	100.0	RESIDENCIAL GREEN PARK (3)			RESIDENCIAL GREEN PARK (3)
74481700	BLOQUEADO	MANSOES PARAISO	MANSÕES PARAÍSO	32	20	0	12	28.12	MANSÕES PARAÍSO (9) | MANSOES PARAISO (7) | MANSÕES PARAISO (4)		Residencial Mansões Paraíso (6) [66.67%] | RESIDENCIAL MANSÕES PARAÍSO (6) [66.67%]	MANSÕES PARAÍSO (9) | MANSOES PARAISO (7) | Residencial Mansões Paraíso (6) | RESIDENCIAL MANSÕES PARAÍSO (6) | MANSÕES PARAISO (4)
74481705	BLOQUEADO	MANSOES PARAISO	MANSÕES PARAÍSO	48	34	1	13	37.5	MANSÕES PARAÍSO (18) | MANSÕES PARAISO (11) | MANSOES PARAISO (5)	MANÇOES PARAÍSO (1) [93.33%]	RESIDENCIAL MANSÕES PARAÍSO (8) [66.67%] | Residencial Mansões Paraíso (5) [66.67%]	MANSÕES PARAÍSO (18) | MANSÕES PARAISO (11) | RESIDENCIAL MANSÕES PARAÍSO (8) | MANSOES PARAISO (5) | Residencial Mansões Paraíso (5) | MANÇOES PARAÍSO (1)
74481710	BLOQUEADO	MANSOES PARAISO	MANSÕES PARAISO	45	28	0	17	33.33	MANSÕES PARAISO (15) | MANSOES PARAISO (7) | MANSÕES PARAÍSO (6)		Residencial Mansões Paraíso (9) [66.67%] | RESIDENCIAL MANSÕES PARAÍSO (8) [66.67%]	MANSÕES PARAISO (15) | Residencial Mansões Paraíso (9) | RESIDENCIAL MANSÕES PARAÍSO (8) | MANSOES PARAISO (7) | MANSÕES PARAÍSO (6)
74481715	BLOQUEADO	MANSOES PARAISO	MANSÕES PARAÍSO	50	27	0	23	22.0	MANSÕES PARAÍSO (11) | MANSÕES PARAISO (11) | MANSOES PARAISO (5)		RESIDENCIAL MANSÕES PARAÍSO (10) [66.67%] | Residencial Mansões Paraíso (8) [66.67%] | RESIDENCIAL MANSÕES PARAISO (2) [66.67%] | JARDIM CURITIBA IV (1) [13.33%] | RESIDENCIAL MANSÕES DO PARAISO (1) [50.0%] | RESIDENCIAL MANSOES PARAISO (1) [66.67%]	MANSÕES PARAÍSO (11) | MANSÕES PARAISO (11) | RESIDENCIAL MANSÕES PARAÍSO (10) | Residencial Mansões Paraíso (8) | MANSOES PARAISO (5) | RESIDENCIAL MANSÕES PARAISO (2) | JARDIM CURITIBA IV (1) | RESIDENCIAL MANSÕES DO PARAISO (1) | RESIDENCIAL MANSOES PARAISO (1)
74481720	BLOQUEADO	MANSOES PARAISO	MANSÕES PARAISO	13	8	0	5	23.08	MANSÕES PARAISO (3) | MANSÕES PARAÍSO (2) | MANSOES PARAISO (2) | MANSÔES PARAISO (1)		Residencial Mansões Paraíso (2) [66.67%] | NOVO PLANALTO (1) [40.0%] | RESIDENCIAL MANSÕES PARAÍSO (1) [66.67%] | SETOR NOVO PLANALTO (1) [40.0%]	MANSÕES PARAISO (3) | MANSÕES PARAÍSO (2) | MANSOES PARAISO (2) | Residencial Mansões Paraíso (2) | MANSÔES PARAISO (1) | NOVO PLANALTO (1) | RESIDENCIAL MANSÕES PARAÍSO (1) | SETOR NOVO PLANALTO (1)
74481725	BLOQUEADO	MANSOES PARAISO	MANSÕES PARAISO	13	8	0	5	38.46	MANSÕES PARAISO (5) | MANSÕES PARAÍSO (3)		RESIDENCIAL MANSÕES PARAÍSO (4) [66.67%] | Residencial Mansões Paraíso (1) [66.67%]	MANSÕES PARAISO (5) | RESIDENCIAL MANSÕES PARAÍSO (4) | MANSÕES PARAÍSO (3) | Residencial Mansões Paraíso (1)
74481730	BLOQUEADO	MANSOES PARAISO	MANSÕES PARAÍSO	14	10	0	4	35.71	MANSÕES PARAÍSO (5) | MANSÕES PARAISO (4) | MANSOES PARAISO (1)		RESIDENCIAL MANSÕES PARAÍSO (4) [66.67%]	MANSÕES PARAÍSO (5) | MANSÕES PARAISO (4) | RESIDENCIAL MANSÕES PARAÍSO (4) | MANSOES PARAISO (1)
74481735	SEGURO	MANSOES PARAISO	MANSÕES PARAISO	1	1	0	0	100.0	MANSÕES PARAISO (1)			MANSÕES PARAISO (1)
74481740	SEGURO	MANSOES PARAISO	MANSÕES PARAÍSO	5	5	0	0	60.0	MANSÕES PARAÍSO (3) | MANSÕES PARAISO (2)			MANSÕES PARAÍSO (3) | MANSÕES PARAISO (2)
74481755	BLOQUEADO	MANSOES PARAISO	MANSÕES PARAISO	4	3	0	1	50.0	MANSÕES PARAISO (2) | MANSOES PARAISO (1)		RESIDENCIAL MANSÕES PARAÍSO (1) [66.67%]	MANSÕES PARAISO (2) | MANSOES PARAISO (1) | RESIDENCIAL MANSÕES PARAÍSO (1)
74481760	SEGURO	MANSOES PARAISO	MANSÕES PARAÍSO	4	4	0	0	50.0	MANSÕES PARAÍSO (2) | MANSÕES PARAISO (1) | MANSOES PARAISO (1)			MANSÕES PARAÍSO (2) | MANSÕES PARAISO (1) | MANSOES PARAISO (1)
74481770	SEGURO	MANSOES PARAISO	MANSÕES PARAISO	1	1	0	0	100.0	MANSÕES PARAISO (1)			MANSÕES PARAISO (1)
74482070	SEGURO	MARACANA	PARQUE MARACANÃ	1	1	0	0	100.0	PARQUE MARACANÃ (1)			PARQUE MARACANÃ (1)
74482130	SEGURO	MARACANA	PARQUE MARACANÃ	3	3	0	0	33.33	PARQUE MARACANÃ (1) | PARQUE MARACANA (1) | Parque Maracanã (1)			PARQUE MARACANÃ (1) | PARQUE MARACANA (1) | Parque Maracanã (1)
74482350	SEGURO	SITIOS DE RECREIO DOS BANDEIRANTES	SÍTIOS DE RECREIO DOS BANDEIRANTES	1	1	0	0	100.0	SÍTIOS DE RECREIO DOS BANDEIRANTES (1)			SÍTIOS DE RECREIO DOS BANDEIRANTES (1)
74483009	SEGURO	CAROLINA PARQUE	CAROLINA PARQUE	1	1	0	0	100.0	CAROLINA PARQUE (1)			CAROLINA PARQUE (1)
74483010	SEGURO	INDUSTRIAL JOAO BRAZ	PARQUE INDUSTRIAL JOÃO BRAZ	2	2	0	0	100.0	PARQUE INDUSTRIAL JOÃO BRAZ (2)			PARQUE INDUSTRIAL JOÃO BRAZ (2)
74483013	SEGURO	CAROLINA PARQUE	CAROLINA PARQUE	1	1	0	0	100.0	CAROLINA PARQUE (1)			CAROLINA PARQUE (1)
74483018	SEGURO	CAROLINA PARQUE	Carolina Parque	1	1	0	0	100.0	Carolina Parque (1)			Carolina Parque (1)
74483030	REVISAR	INDUSTRIAL JOAO BRAZ	PARQUE INDUSTRIAL JOÃO BRAZ	4	3	0	1	75.0	PARQUE INDUSTRIAL JOÃO BRAZ (3)		PARQUE INDUSTRIAL JOAO BRAZ QD 70 LT 12 CASA 01 (1) [50.0%]	PARQUE INDUSTRIAL JOÃO BRAZ (3) | PARQUE INDUSTRIAL JOAO BRAZ QD 70 LT 12 CASA 01 (1)
74483035	SEGURO	CAROLINA PARQUE EXTENSAO	CAROLINA PARQUE EXTENSÃO	1	1	0	0	100.0	CAROLINA PARQUE EXTENSÃO (1)			CAROLINA PARQUE EXTENSÃO (1)
74483040	SEGURO	INDUSTRIAL JOAO BRAZ	PARQUE INDUSTRIAL JOÃO BRAZ	1	1	0	0	100.0	PARQUE INDUSTRIAL JOÃO BRAZ (1)			PARQUE INDUSTRIAL JOÃO BRAZ (1)
74483056	SEGURO	CAROLINA PARQUE EXTENSAO	CAROLINA PARQUE EXTENSÃO	1	1	0	0	100.0	CAROLINA PARQUE EXTENSÃO (1)			CAROLINA PARQUE EXTENSÃO (1)
74483090	SEGURO	ESPLANADA DO ANICUNS	ESPLANADA DO ANICUNS	1	1	0	0	100.0	ESPLANADA DO ANICUNS (1)			ESPLANADA DO ANICUNS (1)
74483100	SEGURO	INDUSTRIAL JOAO BRAZ	PARQUE INDUSTRIAL JOÃO BRAZ	1	1	0	0	100.0	PARQUE INDUSTRIAL JOÃO BRAZ (1)			PARQUE INDUSTRIAL JOÃO BRAZ (1)
74483110	SEGURO	INDUSTRIAL JOAO BRAZ	PARQUE INDUSTRIAL JOÃO BRAZ	1	1	0	0	100.0	PARQUE INDUSTRIAL JOÃO BRAZ (1)			PARQUE INDUSTRIAL JOÃO BRAZ (1)
74483130	SEGURO	INDUSTRIAL JOAO BRAZ	PARQUE INDUSTRIAL JOÃO BRAZ	2	2	0	0	50.0	PARQUE INDUSTRIAL JOÃO BRAZ (1) | Parque Industrial João Braz (1)			PARQUE INDUSTRIAL JOÃO BRAZ (1) | Parque Industrial João Braz (1)
74483140	SEGURO	INDUSTRIAL JOAO BRAZ	PARQUE INDUSTRIAL JOÃO BRAZ	1	1	0	0	100.0	PARQUE INDUSTRIAL JOÃO BRAZ (1)			PARQUE INDUSTRIAL JOÃO BRAZ (1)
74483150	SEGURO	INDUSTRIAL JOAO BRAZ	PARQUE INDUSTRIAL JOÃO BRAZ	3	3	0	0	100.0	PARQUE INDUSTRIAL JOÃO BRAZ (3)			PARQUE INDUSTRIAL JOÃO BRAZ (3)
74483160	SEGURO	INDUSTRIAL JOAO BRAZ	PARQUE INDUSTRIAL JOÃO BRAZ	2	2	0	0	100.0	PARQUE INDUSTRIAL JOÃO BRAZ (2)			PARQUE INDUSTRIAL JOÃO BRAZ (2)
74483170	SEGURO	INDUSTRIAL JOAO BRAZ	PARQUE INDUSTRIAL JOÃO BRAZ	2	2	0	0	100.0	PARQUE INDUSTRIAL JOÃO BRAZ (2)			PARQUE INDUSTRIAL JOÃO BRAZ (2)
74483180	SEGURO	INSDUSTRIAL JOAO BRAZ	PARQUE INSDUSTRIAL JOAO BRAZ	1	1	0	0	100.0	PARQUE INSDUSTRIAL JOAO BRAZ (1)			PARQUE INSDUSTRIAL JOAO BRAZ (1)
74483190	SEGURO	INDUSTRIAL JOAO BRAZ	PARQUE INDUSTRIAL JOÃO BRAZ	3	3	0	0	100.0	PARQUE INDUSTRIAL JOÃO BRAZ (3)			PARQUE INDUSTRIAL JOÃO BRAZ (3)
74483210	SEGURO	INDUSTRIAL JOAO BRAZ	PARQUE INDUSTRIAL JOÃO BRAZ	5	5	0	0	80.0	PARQUE INDUSTRIAL JOÃO BRAZ (4) | PARQUE INDUSTRIAL JOAO BRAZ (1)			PARQUE INDUSTRIAL JOÃO BRAZ (4) | PARQUE INDUSTRIAL JOAO BRAZ (1)
74483230	SEGURO	INDUSTRIAL JOAO BRAZ	PARQUE INDUSTRIAL JOÃO BRAZ	3	3	0	0	100.0	PARQUE INDUSTRIAL JOÃO BRAZ (3)			PARQUE INDUSTRIAL JOÃO BRAZ (3)
74483260	SEGURO	INDUSTRIAL JOAO BRAZ	PARQUE INDUSTRIAL JOÃO BRAZ	1	1	0	0	100.0	PARQUE INDUSTRIAL JOÃO BRAZ (1)			PARQUE INDUSTRIAL JOÃO BRAZ (1)
74483280	SEGURO	INDUSTRIAL JOAO BRAZ	PARQUE INDUSTRIAL JOÃO BRAZ	3	3	0	0	66.67	PARQUE INDUSTRIAL JOÃO BRAZ (2) | PARQUE INDUSTRIAL JOAO BRAZ (1)			PARQUE INDUSTRIAL JOÃO BRAZ (2) | PARQUE INDUSTRIAL JOAO BRAZ (1)
74483290	SEGURO	INDUSTRIAL JOAO BRAZ	PARQUE INDUSTRIAL JOÃO BRAZ	1	1	0	0	100.0	PARQUE INDUSTRIAL JOÃO BRAZ (1)			PARQUE INDUSTRIAL JOÃO BRAZ (1)
74483310	SEGURO	INDUSTRIAL JOAO BRAZ	PARQUE INDUSTRIAL JOÃO BRAZ	4	4	0	0	75.0	PARQUE INDUSTRIAL JOÃO BRAZ (3) | PARQUE INDUSTRIAL JOAO BRAZ (1)			PARQUE INDUSTRIAL JOÃO BRAZ (3) | PARQUE INDUSTRIAL JOAO BRAZ (1)
74483330	SEGURO	INDUSTRIAL JOAO BRAZ	PARQUE INDUSTRIAL JOÃO BRAZ	1	1	0	0	100.0	PARQUE INDUSTRIAL JOÃO BRAZ (1)			PARQUE INDUSTRIAL JOÃO BRAZ (1)
74483335	SEGURO	NOVO PLANALTO	NOVO PLANALTO	1	1	0	0	100.0	NOVO PLANALTO (1)			NOVO PLANALTO (1)
74483380	SEGURO	INDUSTRIAL JOAO BRAZ	PARQUE INDUSTRIAL JOÃO BRAZ	2	2	0	0	100.0	PARQUE INDUSTRIAL JOÃO BRAZ (2)			PARQUE INDUSTRIAL JOÃO BRAZ (2)
74483440	SEGURO	INDUSTRIAL JOAO BRAZ	PARQUE INDUSTRIAL JOÃO BRAZ	2	2	0	0	100.0	PARQUE INDUSTRIAL JOÃO BRAZ (2)			PARQUE INDUSTRIAL JOÃO BRAZ (2)
74483450	SEGURO	INDUSTRIAL JOAO BRAZ	PARQUE INDUSTRIAL JOÃO BRAZ	1	1	0	0	100.0	PARQUE INDUSTRIAL JOÃO BRAZ (1)			PARQUE INDUSTRIAL JOÃO BRAZ (1)
74483470	SEGURO	INDUSTRIAL JOAO BRAZ	PARQUE INDUSTRIAL JOÃO BRAZ	2	2	0	0	50.0	PARQUE INDUSTRIAL JOÃO BRAZ (1) | PARQUE INDUSTRIAL JOAO BRAZ (1)			PARQUE INDUSTRIAL JOÃO BRAZ (1) | PARQUE INDUSTRIAL JOAO BRAZ (1)
74483500	SEGURO	INDUSTRIAL JOAO BRAZ	PARQUE INDUSTRIAL JOÃO BRAZ	3	3	0	0	100.0	PARQUE INDUSTRIAL JOÃO BRAZ (3)			PARQUE INDUSTRIAL JOÃO BRAZ (3)
74483510	SEGURO	INDUSTRIAL JOAO BRAZ	PARQUE INDUSTRIAL JOÃO BRAZ	1	1	0	0	100.0	PARQUE INDUSTRIAL JOÃO BRAZ (1)			PARQUE INDUSTRIAL JOÃO BRAZ (1)
74483560	SEGURO	INDUSTRIAL JOAO BRAZ	PARQUE INDUSTRIAL JOÃO BRAZ	4	4	0	0	50.0	PARQUE INDUSTRIAL JOÃO BRAZ (2) | PARQUE INDUSTRIAL JOAO BRAZ (2)			PARQUE INDUSTRIAL JOÃO BRAZ (2) | PARQUE INDUSTRIAL JOAO BRAZ (2)
74483612	SEGURO	LOTEAMENTO TROPICAL VERDE	LOTEAMENTO TROPICAL VERDE	1	1	0	0	100.0	LOTEAMENTO TROPICAL VERDE (1)			LOTEAMENTO TROPICAL VERDE (1)
74483615	SEGURO	LOTEAMENTO TROPICAL VERDE	LOTEAMENTO TROPICAL VERDE	1	1	0	0	100.0	LOTEAMENTO TROPICAL VERDE (1)			LOTEAMENTO TROPICAL VERDE (1)
74483640	SEGURO	LORENA PARQUE	LORENA PARQUE	1	1	0	0	100.0	LORENA PARQUE (1)			LORENA PARQUE (1)
74483650	SEGURO	LUANA PARK	LUANA PARK	1	1	0	0	100.0	LUANA PARK (1)			LUANA PARK (1)
74483680	SEGURO	LORENA PARQUE	LORENA PARQUE	1	1	0	0	100.0	LORENA PARQUE (1)			LORENA PARQUE (1)
74483720	SEGURO	LORENA PARQUE	LORENA PARQUE	1	1	0	0	100.0	LORENA PARQUE (1)			LORENA PARQUE (1)
74483730	SEGURO	LORENA PARQUE	LORENA PARQUE	3	3	0	0	100.0	LORENA PARQUE (3)			LORENA PARQUE (3)
74483740	SEGURO	LORENA PARQUE	LORENA PARQUE	2	2	0	0	100.0	LORENA PARQUE (2)			LORENA PARQUE (2)
74483760	SEGURO	LORENA PARQUE	LORENA PARQUE	1	1	0	0	100.0	LORENA PARQUE (1)			LORENA PARQUE (1)
74483770	SEGURO	LORENA PARQUE	LORENA PARQUE	3	3	0	0	100.0	LORENA PARQUE (3)			LORENA PARQUE (3)
74483780	SEGURO	LORENA PARQUE	LORENA PARQUE	3	3	0	0	100.0	LORENA PARQUE (3)			LORENA PARQUE (3)
74483790	SEGURO	LORENA PARQUE	LORENA PARQUE	1	1	0	0	100.0	LORENA PARQUE (1)			LORENA PARQUE (1)
74483800	SEGURO	LORENA PARQUE	LORENA PARQUE	3	3	0	0	100.0	LORENA PARQUE (3)			LORENA PARQUE (3)
74483810	SEGURO	LORENA PARQUE	LORENA PARQUE	2	2	0	0	100.0	LORENA PARQUE (2)			LORENA PARQUE (2)
74483820	SEGURO	LORENA PARQUE	LORENA PARQUE	1	1	0	0	100.0	LORENA PARQUE (1)			LORENA PARQUE (1)
74483821	SEGURO	RESIDENCIAL LUANA PARK	RESIDENCIAL LUANA PARK	2	2	0	0	100.0	RESIDENCIAL LUANA PARK (2)			RESIDENCIAL LUANA PARK (2)
74483830	SEGURO	RESIDENCIAL LUANA PARK	RESIDENCIAL LUANA PARK	2	2	0	0	100.0	RESIDENCIAL LUANA PARK (2)			RESIDENCIAL LUANA PARK (2)
74483840	SEGURO	RESIDENCIAL LUANA PARK	RESIDENCIAL LUANA PARK	2	2	0	0	100.0	RESIDENCIAL LUANA PARK (2)			RESIDENCIAL LUANA PARK (2)
74483860	SEGURO	RESIDENCIAL LUANA PARK	RESIDENCIAL LUANA PARK	1	1	0	0	100.0	RESIDENCIAL LUANA PARK (1)			RESIDENCIAL LUANA PARK (1)
74484010	SEGURO	ARAGUAIA PARK	ARAGUAIA PARK	3	3	0	0	100.0	ARAGUAIA PARK (3)			ARAGUAIA PARK (3)
74484020	SEGURO	ARAGUAIA PARK	ARAGUAIA PARK	4	4	0	0	100.0	ARAGUAIA PARK (4)			ARAGUAIA PARK (4)
74484030	SEGURO	ARAGUAIA PARK	ARAGUAIA PARK	7	7	0	0	100.0	ARAGUAIA PARK (7)			ARAGUAIA PARK (7)
74484040	SEGURO	ARAGUAIA PARK	ARAGUAIA PARK	4	4	0	0	100.0	ARAGUAIA PARK (4)			ARAGUAIA PARK (4)
74484050	SEGURO	ARAGUAIA PARK	ARAGUAIA PARK	4	4	0	0	100.0	ARAGUAIA PARK (4)			ARAGUAIA PARK (4)
74484070	SEGURO	SOLANGE PARK I	SOLANGE PARK I	6	6	0	0	83.33	SOLANGE PARK I (5) | Solange Park I (1)			SOLANGE PARK I (5) | Solange Park I (1)
74484075	SEGURO	SOLANGE PARK I	SOLANGE PARK I	1	1	0	0	100.0	SOLANGE PARK I (1)			SOLANGE PARK I (1)
74484080	REVISAR	SOLANGE PARK I	SOLANGE PARK I	9	8	1	0	88.89	SOLANGE PARK I (8)	SOLANGE PARK 3 (1) [92.86%]		SOLANGE PARK I (8) | SOLANGE PARK 3 (1)
74484085	SEGURO	SOLANGE PARK I	SOLANGE PARK I	2	2	0	0	100.0	SOLANGE PARK I (2)			SOLANGE PARK I (2)
74484090	SEGURO	SOLANGE PARK I	SOLANGE PARK I	18	18	0	0	100.0	SOLANGE PARK I (18)			SOLANGE PARK I (18)
74484100	SEGURO	SOLANGE PARK I	SOLANGE PARK I	2	2	0	0	100.0	SOLANGE PARK I (2)			SOLANGE PARK I (2)
74484115	SEGURO	SOLANGE PARK II	SOLANGE PARK II	1	1	0	0	100.0	SOLANGE PARK II (1)			SOLANGE PARK II (1)
74484120	SEGURO	SOLANGE PARK I	SOLANGE PARK I	4	4	0	0	100.0	SOLANGE PARK I (4)			SOLANGE PARK I (4)
74484130	SEGURO	SOLANGE PARK I	SOLANGE PARK I	1	1	0	0	100.0	SOLANGE PARK I (1)			SOLANGE PARK I (1)
74484140	BLOQUEADO	SOLANGE PARK I	SOLANGE PARK I	3	2	1	0	66.67	SOLANGE PARK I (2)	SOLANGE PARK 1 (1) [92.86%]		SOLANGE PARK I (2) | SOLANGE PARK 1 (1)
74484145	SEGURO	SOLANGE PARK I	SOLANGE PARK I	2	2	0	0	100.0	SOLANGE PARK I (2)			SOLANGE PARK I (2)
74484150	REVISAR	SOLANGE PARK I	SOLANGE PARK I	4	3	1	0	75.0	SOLANGE PARK I (3)	SOLANGE PARK 1 (1) [92.86%]		SOLANGE PARK I (3) | SOLANGE PARK 1 (1)
74484153	SEGURO	SOLANGE PARK I	SOLANGE PARK I	5	5	0	0	100.0	SOLANGE PARK I (5)			SOLANGE PARK I (5)
74484157	SEGURO	SOLANGE PARK I	SOLANGE PARK I	7	7	0	0	100.0	SOLANGE PARK I (7)			SOLANGE PARK I (7)
74484160	REVISAR	SOLANGE PARK I	SOLANGE PARK I	4	3	0	1	75.0	SOLANGE PARK I (3)		GREEN PARK (1) [42.86%]	SOLANGE PARK I (3) | GREEN PARK (1)
74484190	SEGURO	SOLANGE PARK I	SOLANGE PARK I	3	3	0	0	100.0	SOLANGE PARK I (3)			SOLANGE PARK I (3)
74484195	SEGURO	SOLANGE PARK I	SOLANGE PARK I	3	3	0	0	100.0	SOLANGE PARK I (3)			SOLANGE PARK I (3)
74484199	SEGURO	SOLANGE PARK I	SOLANGE PARK I	1	1	0	0	100.0	SOLANGE PARK I (1)			SOLANGE PARK I (1)
74484200	SEGURO	PARAISO	PARQUE PARAISO	1	1	0	0	100.0	PARQUE PARAISO (1)			PARQUE PARAISO (1)
74484205	SEGURO	PARAISO	PARQUE PARAÍSO	2	2	0	0	100.0	PARQUE PARAÍSO (2)			PARQUE PARAÍSO (2)
74484210	SEGURO	SOLANGE PARK I	SOLANGE PARK I	6	6	0	0	100.0	SOLANGE PARK I (6)			SOLANGE PARK I (6)
74484220	SEGURO	PARAISO	PARQUE PARAÍSO	1	1	0	0	100.0	PARQUE PARAÍSO (1)			PARQUE PARAÍSO (1)
74484240	SEGURO	PARAISO	PARQUE PARAÍSO	1	1	0	0	100.0	PARQUE PARAÍSO (1)			PARQUE PARAÍSO (1)
74484243	SEGURO	PARAISO	PARQUE PARAÍSO	2	2	0	0	100.0	PARQUE PARAÍSO (2)			PARQUE PARAÍSO (2)
74484245	SEGURO	PARAISO	PARQUE PARAÍSO	1	1	0	0	100.0	PARQUE PARAÍSO (1)			PARQUE PARAÍSO (1)
74484250	SEGURO	PARAISO	PARQUE PARAÍSO	2	2	0	0	50.0	PARQUE PARAÍSO (1) | Parque Paraíso (1)			PARQUE PARAÍSO (1) | Parque Paraíso (1)
74484270	SEGURO	SOLANGE PARK II	SOLANGE PARK II	2	2	0	0	100.0	SOLANGE PARK II (2)			SOLANGE PARK II (2)
74484275	SEGURO	SOLANGE PARK II	SOLANGE PARK II	3	3	0	0	100.0	SOLANGE PARK II (3)			SOLANGE PARK II (3)
74484290	SEGURO	SOLANGE PARK II	SOLANGE PARK II	1	1	0	0	100.0	SOLANGE PARK II (1)			SOLANGE PARK II (1)
74484300	SEGURO	SOLANGE PARK II	SOLANGE PARK II	7	7	0	0	100.0	SOLANGE PARK II (7)			SOLANGE PARK II (7)
74484302	SEGURO	SOLANGE PARK II	SOLANGE PARK II	5	5	0	0	100.0	SOLANGE PARK II (5)			SOLANGE PARK II (5)
74484304	REVISAR	SOLANGE PARK II	SOLANGE PARK II	6	5	1	0	83.33	SOLANGE PARK II (5)	SOLANGE PARK I (1) [93.33%]		SOLANGE PARK II (5) | SOLANGE PARK I (1)
74484306	SEGURO	SOLANGE PARK II	SOLANGE PARK II	7	7	0	0	100.0	SOLANGE PARK II (7)			SOLANGE PARK II (7)
74484308	SEGURO	SOLANGE PARK II	SOLANGE PARK II	1	1	0	0	100.0	SOLANGE PARK II (1)			SOLANGE PARK II (1)
74484310	SEGURO	SOLANGE PARK II	SOLANGE PARK II	5	5	0	0	100.0	SOLANGE PARK II (5)			SOLANGE PARK II (5)
74484320	SEGURO	SOLANGE PARK II	SOLANGE PARK II	4	4	0	0	100.0	SOLANGE PARK II (4)			SOLANGE PARK II (4)
74484340	SEGURO	SOLANGE PARK II	SOLANGE PARK II	8	8	0	0	75.0	SOLANGE PARK II (6) | Solange Park II (2)			SOLANGE PARK II (6) | Solange Park II (2)
74484350	SEGURO	SOLANGE PARK III	SOLANGE PARK III	3	3	0	0	100.0	SOLANGE PARK III (3)			SOLANGE PARK III (3)
74484354	SEGURO	SOLANGE PARK I	SOLANGE PARK I	1	1	0	0	100.0	SOLANGE PARK I (1)			SOLANGE PARK I (1)
74484360	BLOQUEADO	SOLANGE PARK III	SOLANGE PARK III	3	2	1	0	66.67	SOLANGE PARK III (2)	SOLANGE PARK I (1) [87.5%]		SOLANGE PARK III (2) | SOLANGE PARK I (1)
74484362	SEGURO	SOLANGE PARK III	SOLANGE PARK III	4	4	0	0	100.0	SOLANGE PARK III (4)			SOLANGE PARK III (4)
74484364	SEGURO	SOLANGE PARK III	SOLANGE PARK III	1	1	0	0	100.0	SOLANGE PARK III (1)			SOLANGE PARK III (1)
74484367	SEGURO	SOLANGE PARK III	SOLANGE PARK III	2	2	0	0	100.0	SOLANGE PARK III (2)			SOLANGE PARK III (2)
74484370	SEGURO	SOLANGE PARK III	SOLANGE PARK III	1	1	0	0	100.0	SOLANGE PARK III (1)			SOLANGE PARK III (1)
74484380	SEGURO	SOLANGE PARK III	SOLANGE PARK III	1	1	0	0	100.0	SOLANGE PARK III (1)			SOLANGE PARK III (1)
74484400	BLOQUEADO	RESIDENCIAL GOIANIA VIVA	RESIDENCIAL GOIÂNIA VIVA	6	4	2	0	50.0	RESIDENCIAL GOIÂNIA VIVA (3) | RESIDENCIAL GOIANIA VIVA (1)	RESIDENCIAL GOI NIA VIVA (2) [95.83%]		RESIDENCIAL GOIÂNIA VIVA (3) | RESIDENCIAL GOI NIA VIVA (2) | RESIDENCIAL GOIANIA VIVA (1)
74484404	SEGURO	RESIDENCIAL GOIANIA VIVA	RESIDENCIAL GOIANIA VIVA	2	2	0	0	50.0	RESIDENCIAL GOIANIA VIVA (1) | RESIDENCIAL GOIÂNIA VIVA (1)			RESIDENCIAL GOIANIA VIVA (1) | RESIDENCIAL GOIÂNIA VIVA (1)
74484408	SEGURO	RESIDENCIAL GOI NIA VIVA	RESIDENCIAL GOI NIA VIVA	1	1	0	0	100.0	RESIDENCIAL GOI NIA VIVA (1)			RESIDENCIAL GOI NIA VIVA (1)
74484409	BLOQUEADO	RESIDENCIAL GOI NIA VIVA	RESIDENCIAL GOI NIA VIVA	6	2	4	0	33.33	RESIDENCIAL GOI NIA VIVA (2)	RESIDENCIAL GOIÂNIA VIVA (2) [95.83%] | RESIDENCIAL GOÂNIA VIVA (1) [91.67%] | RESIDENCIAL GOIANIA VIVA (1) [95.83%]		RESIDENCIAL GOI NIA VIVA (2) | RESIDENCIAL GOIÂNIA VIVA (2) | RESIDENCIAL GOÂNIA VIVA (1) | RESIDENCIAL GOIANIA VIVA (1)
74484410	BLOQUEADO	RESIDENCIAL GOI NIA VIVA	RESIDENCIAL GOI NIA VIVA	14	8	6	0	57.14	RESIDENCIAL GOI NIA VIVA (8)	RESIDENCIAL GOIÂNIA VIVA (6) [95.83%]		RESIDENCIAL GOI NIA VIVA (8) | RESIDENCIAL GOIÂNIA VIVA (6)
74484413	BLOQUEADO	RESIDENCIAL GOIANIA VIVA	RESIDENCIAL GOIÂNIA VIVA	4	2	2	0	50.0	RESIDENCIAL GOIÂNIA VIVA (2)	RESIDENCIAL GOI NIA VIVA (1) [95.83%] | RESIDÊNCIAL GOIÂNIA VIAV (1) [91.67%]		RESIDENCIAL GOIÂNIA VIVA (2) | RESIDENCIAL GOI NIA VIVA (1) | RESIDÊNCIAL GOIÂNIA VIAV (1)
74484414	BLOQUEADO	RESIDENCIAL GOI NIA VIVA	RESIDENCIAL GOI NIA VIVA	13	7	6	0	53.85	RESIDENCIAL GOI NIA VIVA (7)	RESIDENCIAL GOIÂNIA VIVA (4) [95.83%] | RESIDENCIAL GOIANIA VIVA (1) [95.83%] | RESIDENCIAL GOINIA VIVA (1) [95.83%]		RESIDENCIAL GOI NIA VIVA (7) | RESIDENCIAL GOIÂNIA VIVA (4) | RESIDENCIAL GOIANIA VIVA (1) | RESIDENCIAL GOINIA VIVA (1)
74484415	REVISAR	RESIDENCIAL GOI NIA VIVA	RESIDENCIAL GOI NIA VIVA	4	3	1	0	75.0	RESIDENCIAL GOI NIA VIVA (3)	RESIDENCIAL GOIÂNIA VIVA (1) [95.83%]		RESIDENCIAL GOI NIA VIVA (3) | RESIDENCIAL GOIÂNIA VIVA (1)
74484416	BLOQUEADO	RESIDENCIAL GOI NIA VIVA	RESIDENCIAL GOI NIA VIVA	4	2	2	0	50.0	RESIDENCIAL GOI NIA VIVA (2)	RESIDENCIAL GOIÂNIA VIVA (2) [95.83%]		RESIDENCIAL GOI NIA VIVA (2) | RESIDENCIAL GOIÂNIA VIVA (2)
74484418	BLOQUEADO	RESIDENCIAL GOI NIA VIVA	RESIDENCIAL GOI NIA VIVA	9	3	6	0	33.33	RESIDENCIAL GOI NIA VIVA (3)	RESIDENCIAL GOIANIA VIVA (3) [95.83%] | RESIDENCIAL GOIÂNIA VIVA (3) [95.83%]		RESIDENCIAL GOI NIA VIVA (3) | RESIDENCIAL GOIANIA VIVA (3) | RESIDENCIAL GOIÂNIA VIVA (3)
74484419	SEGURO	RESIDENCIAL GOI NIA VIVA	RESIDENCIAL GOI NIA VIVA	1	1	0	0	100.0	RESIDENCIAL GOI NIA VIVA (1)			RESIDENCIAL GOI NIA VIVA (1)
74484420	REVISAR	RESIDENCIAL GOIANIA VIVA	RESIDENCIAL GOIÂNIA VIVA	4	3	0	1	75.0	RESIDENCIAL GOIÂNIA VIVA (3)		GOIANIA VIVA (1) [66.67%]	RESIDENCIAL GOIÂNIA VIVA (3) | GOIANIA VIVA (1)
74484422	BLOQUEADO	RESIDENCIAL GOI NIA VIVA	RESIDENCIAL GOI NIA VIVA	5	3	2	0	60.0	RESIDENCIAL GOI NIA VIVA (3)	RESIDENCIAL GOIANIA VIVA (1) [95.83%] | RESIDÊNCIAL GOIÂNIA VIVA (1) [95.83%]		RESIDENCIAL GOI NIA VIVA (3) | RESIDENCIAL GOIANIA VIVA (1) | RESIDÊNCIAL GOIÂNIA VIVA (1)
74484423	BLOQUEADO	RESIDENCIAL GOIANIA VIVA	RESIDENCIAL GOIÂNIA VIVA	8	5	3	0	62.5	RESIDENCIAL GOIÂNIA VIVA (5)	RESIDENCIAL GOI NIA VIVA (3) [95.83%]		RESIDENCIAL GOIÂNIA VIVA (5) | RESIDENCIAL GOI NIA VIVA (3)
74484427	BLOQUEADO	RESIDENCIAL GOIANIA VIVA	RESIDENCIAL GOIÂNIA VIVA	9	5	4	0	44.44	RESIDENCIAL GOIÂNIA VIVA (4) | RESIDENCIAL GOIANIA VIVA (1)	RESIDENCIAL GOI NIA VIVA (3) [95.83%] | RESIDENCIAL GOINIA VIVA (1) [95.83%]		RESIDENCIAL GOIÂNIA VIVA (4) | RESIDENCIAL GOI NIA VIVA (3) | RESIDENCIAL GOIANIA VIVA (1) | RESIDENCIAL GOINIA VIVA (1)
74484428	SEGURO	RESIDENCIAL GOIANIA VIVA	RESIDENCIAL GOIÂNIA VIVA	2	2	0	0	100.0	RESIDENCIAL GOIÂNIA VIVA (2)			RESIDENCIAL GOIÂNIA VIVA (2)
74484430	SEGURO	RESIDENCIAL GOI NIA VIVA	RESIDENCIAL GOI NIA VIVA	1	1	0	0	100.0	RESIDENCIAL GOI NIA VIVA (1)			RESIDENCIAL GOI NIA VIVA (1)
74484431	BLOQUEADO	RESIDENCIAL GOI NIA VIVA	RESIDENCIAL GOI NIA VIVA	9	6	3	0	66.67	RESIDENCIAL GOI NIA VIVA (6)	RESIDENCIAL GOIÂNIA VIVA (3) [95.83%]		RESIDENCIAL GOI NIA VIVA (6) | RESIDENCIAL GOIÂNIA VIVA (3)
74484432	BLOQUEADO	RESIDENCIAL GOI NIA VIVA	RESIDENCIAL GOI NIA VIVA	5	3	2	0	60.0	RESIDENCIAL GOI NIA VIVA (3)	RESIDENCIAL GOIÂNIA VIVA (2) [95.83%]		RESIDENCIAL GOI NIA VIVA (3) | RESIDENCIAL GOIÂNIA VIVA (2)
74484433	REVISAR	RESIDENCIAL GOI NIA VIVA	RESIDENCIAL GOI NIA VIVA	6	5	1	0	83.33	RESIDENCIAL GOI NIA VIVA (5)	RESIDENCIAL GOIÂNIA VIVA (1) [95.83%]		RESIDENCIAL GOI NIA VIVA (5) | RESIDENCIAL GOIÂNIA VIVA (1)
74484434	SEGURO	RESIDENCIAL GOI NIA VIVA	RESIDENCIAL GOI NIA VIVA	1	1	0	0	100.0	RESIDENCIAL GOI NIA VIVA (1)			RESIDENCIAL GOI NIA VIVA (1)
74484435	BLOQUEADO	RESIDENCIAL GOI NIA VIVA	RESIDENCIAL GOI NIA VIVA	2	1	1	0	50.0	RESIDENCIAL GOI NIA VIVA (1)	RESIDENCIAL GOIÂNIA VIVA (1) [95.83%]		RESIDENCIAL GOI NIA VIVA (1) | RESIDENCIAL GOIÂNIA VIVA (1)
74484436	SEGURO	RESIDENCIAL GOI NIA VIVA	RESIDENCIAL GOI NIA VIVA	4	4	0	0	100.0	RESIDENCIAL GOI NIA VIVA (4)			RESIDENCIAL GOI NIA VIVA (4)
74484442	SEGURO	RESIDENCIAL GOI NIA VIVA	RESIDENCIAL GOI NIA VIVA	1	1	0	0	100.0	RESIDENCIAL GOI NIA VIVA (1)			RESIDENCIAL GOI NIA VIVA (1)
74484444	BLOQUEADO	RESIDENCIAL GOI NIA VIVA	RESIDENCIAL GOI NIA VIVA	8	3	5	0	37.5	RESIDENCIAL GOI NIA VIVA (3)	RESIDENCIAL GOIÂNIA VIVA (3) [95.83%] | RESIDENCIAL GOIANIA VIVA (1) [95.83%] | RESIDENCIAL GOINIA VIVA (1) [95.83%]		RESIDENCIAL GOI NIA VIVA (3) | RESIDENCIAL GOIÂNIA VIVA (3) | RESIDENCIAL GOIANIA VIVA (1) | RESIDENCIAL GOINIA VIVA (1)
74484450	SEGURO	RESIDENCIAL GOI NIA VIVA	RESIDENCIAL GOI NIA VIVA	1	1	0	0	100.0	RESIDENCIAL GOI NIA VIVA (1)			RESIDENCIAL GOI NIA VIVA (1)
74484505	SEGURO	COLORADO	JARDIM COLORADO	1	1	0	0	100.0	JARDIM COLORADO (1)			JARDIM COLORADO (1)
74484602	SEGURO	DAS OLIVEIRAS	JARDIM DAS OLIVEIRAS	1	1	0	0	100.0	JARDIM DAS OLIVEIRAS (1)			JARDIM DAS OLIVEIRAS (1)
74484606	SEGURO	CONDOMINIO JARDIM DAS OLIVEIRAS	CONDOMÍNIO JARDIM DAS OLIVEIRAS	1	1	0	0	100.0	CONDOMÍNIO JARDIM DAS OLIVEIRAS (1)			CONDOMÍNIO JARDIM DAS OLIVEIRAS (1)
74484607	SEGURO	CONDOMINIO JARDIM DAS OLIVEIRAS	CONDOMINIO JARDIM DAS OLIVEIRAS	1	1	0	0	100.0	CONDOMINIO JARDIM DAS OLIVEIRAS (1)			CONDOMINIO JARDIM DAS OLIVEIRAS (1)
74484617	SEGURO	CONDOMINIO JARDIM DAS OLIVEIRAS	CONDOMÍNIO JARDIM DAS OLIVEIRAS	1	1	0	0	100.0	CONDOMÍNIO JARDIM DAS OLIVEIRAS (1)			CONDOMÍNIO JARDIM DAS OLIVEIRAS (1)
74484626	SEGURO	CONDOMINIO ANHANGUERA	CONDOMÍNIO ANHANGUERA	2	2	0	0	100.0	CONDOMÍNIO ANHANGUERA (2)			CONDOMÍNIO ANHANGUERA (2)
74484636	SEGURO	CONDOMINIO ANHANGUERA	CONDOMÍNIO ANHANGUERA	2	2	0	0	100.0	CONDOMÍNIO ANHANGUERA (2)			CONDOMÍNIO ANHANGUERA (2)
74484703	SEGURO	DAS ROSAS	JARDIM DAS ROSAS	1	1	0	0	100.0	JARDIM DAS ROSAS (1)			JARDIM DAS ROSAS (1)
74484704	SEGURO	DAS ROSAS	JARDIM DAS ROSAS	2	2	0	0	100.0	JARDIM DAS ROSAS (2)			JARDIM DAS ROSAS (2)
74484705	SEGURO	DAS ROSAS	JARDIM DAS ROSAS	3	3	0	0	100.0	JARDIM DAS ROSAS (3)			JARDIM DAS ROSAS (3)
74484706	SEGURO	DAS ROSAS	JARDIM DAS ROSAS	1	1	0	0	100.0	JARDIM DAS ROSAS (1)			JARDIM DAS ROSAS (1)
74484715	SEGURO	MANSOES PARAISO	MANSÕES PARAISO	1	1	0	0	100.0	MANSÕES PARAISO (1)			MANSÕES PARAISO (1)
74484719	SEGURO	DAS ROSAS	JARDIM DAS ROSAS	1	1	0	0	100.0	JARDIM DAS ROSAS (1)			JARDIM DAS ROSAS (1)
74484725	SEGURO	RESIDENCIAL GOYAZ PARK	RESIDENCIAL GOYAZ PARK	1	1	0	0	100.0	RESIDENCIAL GOYAZ PARK (1)			RESIDENCIAL GOYAZ PARK (1)
74484730	SEGURO	RESIDENCIAL GOYAZ PARK	RESIDENCIAL GOYAZ PARK	1	1	0	0	100.0	RESIDENCIAL GOYAZ PARK (1)			RESIDENCIAL GOYAZ PARK (1)
74484740	SEGURO	RESIDENCIAL GOYAZ PARK	RESIDENCIAL GOYAZ PARK	1	1	0	0	100.0	RESIDENCIAL GOYAZ PARK (1)			RESIDENCIAL GOYAZ PARK (1)
74484744	SEGURO	RESIDENCIAL GOYAZ PARK	RESIDENCIAL GOYAZ PARK	1	1	0	0	100.0	RESIDENCIAL GOYAZ PARK (1)			RESIDENCIAL GOYAZ PARK (1)
74485005	SEGURO	GOIA	GOIÁ	2	2	0	0	100.0	GOIÁ (2)			GOIÁ (2)
74485030	SEGURO	GOIA	GOIÁ	3	3	0	0	66.67	GOIÁ (2) | Goiá (1)			GOIÁ (2) | Goiá (1)
74485035	SEGURO	GOIA	GOIÁ	1	1	0	0	100.0	GOIÁ (1)			GOIÁ (1)
74485040	SEGURO	GOIA	BAIRRO GOIÁ	2	2	0	0	50.0	BAIRRO GOIÁ (1) | GOIÁ (1)			BAIRRO GOIÁ (1) | GOIÁ (1)
74485060	SEGURO	GOIA	GOIÁ	1	1	0	0	100.0	GOIÁ (1)			GOIÁ (1)
74485070	SEGURO	GOIA	GOIÁ	1	1	0	0	100.0	GOIÁ (1)			GOIÁ (1)
74485090	SEGURO	GOIA	GOIÁ	4	4	0	0	100.0	GOIÁ (4)			GOIÁ (4)
74485110	SEGURO	GOIA	GOIÁ	1	1	0	0	100.0	GOIÁ (1)			GOIÁ (1)
74485130	SEGURO	GOIA	GOIÁ	5	5	0	0	100.0	GOIÁ (5)			GOIÁ (5)
74485150	SEGURO	GOIA	GOIÁ	9	9	0	0	100.0	GOIÁ (9)			GOIÁ (9)
74485215	SEGURO	GOIA	GOIÁ	2	2	0	0	100.0	GOIÁ (2)			GOIÁ (2)
74485240	SEGURO	GOIA	GOIÁ	1	1	0	0	100.0	GOIÁ (1)			GOIÁ (1)
74485250	SEGURO	GOIA	GOIÁ	1	1	0	0	100.0	GOIÁ (1)			GOIÁ (1)
74485260	BLOQUEADO	GOIA	GOIÁ	3	2	0	1	66.67	GOIÁ (2)		TROPICAL VERDE (1) [21.43%]	GOIÁ (2) | TROPICAL VERDE (1)
74485290	SEGURO	GOIA	GOIÁ	1	1	0	0	100.0	GOIÁ (1)			GOIÁ (1)
74485315	SEGURO	GOIA	Goiá	1	1	0	0	100.0	Goiá (1)			Goiá (1)
74485320	SEGURO	GOIA	GOIÁ	6	6	0	0	83.33	GOIÁ (5) | BAIRRO GOIÁ (1)			GOIÁ (5) | BAIRRO GOIÁ (1)
74485337	SEGURO	GOIA	GOIÁ	4	4	0	0	75.0	GOIÁ (3) | BAIRRO GOIÁ (1)			GOIÁ (3) | BAIRRO GOIÁ (1)
74485365	BLOQUEADO	GOIA	BAIRRO GOIÁ	3	2	0	1	33.33	BAIRRO GOIÁ (1) | GOIÁ (1)		JARDIM MIRABEL (1) [14.29%]	BAIRRO GOIÁ (1) | GOIÁ (1) | JARDIM MIRABEL (1)
74485370	BLOQUEADO	GOIA	BAIRRO GOIÁ	6	4	0	2	33.33	BAIRRO GOIÁ (2) | GOIÁ (1) | Goiá (1)		JARDIM MIRABEL (2) [14.29%]	BAIRRO GOIÁ (2) | JARDIM MIRABEL (2) | GOIÁ (1) | Goiá (1)
74485381	SEGURO	GOIA 2	GOIÁ 2	1	1	0	0	100.0	GOIÁ 2 (1)			GOIÁ 2 (1)
74485410	SEGURO	GOIA II	GOIÁ II	1	1	0	0	100.0	GOIÁ II (1)			GOIÁ II (1)
74485430	SEGURO	GOIA 2	GOIÁ 2	1	1	0	0	100.0	GOIÁ 2 (1)			GOIÁ 2 (1)
74485433	SEGURO	GOIA 2	GOIÁ 2	1	1	0	0	100.0	GOIÁ 2 (1)			GOIÁ 2 (1)
74485510	SEGURO	GOIA 2	GOIÁ 2	1	1	0	0	100.0	GOIÁ 2 (1)			GOIÁ 2 (1)
74485520	SEGURO	GOIA 2	GOIÁ 2	1	1	0	0	100.0	GOIÁ 2 (1)			GOIÁ 2 (1)
74485530	SEGURO	MIRABEL	JARDIM MIRABEL	3	3	0	0	100.0	JARDIM MIRABEL (3)			JARDIM MIRABEL (3)
74485540	SEGURO	MIRABEL	JARDIM MIRABEL	3	3	0	0	100.0	JARDIM MIRABEL (3)			JARDIM MIRABEL (3)
74485550	SEGURO	MIRABEL	JARDIM MIRABEL	1	1	0	0	100.0	JARDIM MIRABEL (1)			JARDIM MIRABEL (1)
74485555	SEGURO	MIRABEL	JARDIM MIRABEL	3	3	0	0	100.0	JARDIM MIRABEL (3)			JARDIM MIRABEL (3)
74485560	SEGURO	MIRABEL	JARDIM MIRABEL	2	2	0	0	50.0	JARDIM MIRABEL (1) | Jardim Mirabel (1)			JARDIM MIRABEL (1) | Jardim Mirabel (1)
74485565	SEGURO	MIRABEL	JARDIM MIRABEL	2	2	0	0	50.0	JARDIM MIRABEL (1) | Jardim Mirabel (1)			JARDIM MIRABEL (1) | Jardim Mirabel (1)
74485590	SEGURO	MIRABEL	JARDIM MIRABEL	1	1	0	0	100.0	JARDIM MIRABEL (1)			JARDIM MIRABEL (1)
74485600	SEGURO	MIRABEL	JARDIM MIRABEL	1	1	0	0	100.0	JARDIM MIRABEL (1)			JARDIM MIRABEL (1)
74485610	SEGURO	MIRABEL	JARDIM MIRABEL	3	3	0	0	100.0	JARDIM MIRABEL (3)			JARDIM MIRABEL (3)
74485615	SEGURO	MIRABEL	JARDIM MIRABEL	1	1	0	0	100.0	JARDIM MIRABEL (1)			JARDIM MIRABEL (1)
74485620	SEGURO	MIRABEL	JARDIM MIRABEL	1	1	0	0	100.0	JARDIM MIRABEL (1)			JARDIM MIRABEL (1)
74485851	SEGURO	GOIA IV	GOIÁ IV	1	1	0	0	100.0	GOIÁ IV (1)			GOIÁ IV (1)
74485852	SEGURO	GOIA IV	BAIRRO GOIÁ IV	1	1	0	0	100.0	BAIRRO GOIÁ IV (1)			BAIRRO GOIÁ IV (1)
74485856	SEGURO	GOIA IV	GOIÁ IV	1	1	0	0	100.0	GOIÁ IV (1)			GOIÁ IV (1)
74486115	SEGURO	GOIA SETOR VELOSO	GOIÁ SETOR VELOSO	1	1	0	0	100.0	GOIÁ SETOR VELOSO (1)			GOIÁ SETOR VELOSO (1)
74486205	SEGURO	GOIA II COMPLEMENTO	GOIÁ II COMPLEMENTO	1	1	0	0	100.0	GOIÁ II COMPLEMENTO (1)			GOIÁ II COMPLEMENTO (1)
74486215	SEGURO	GOIA 2 COMPLMENTO	GOIÁ 2 COMPLMENTO	1	1	0	0	100.0	GOIÁ 2 COMPLMENTO (1)			GOIÁ 2 COMPLMENTO (1)
74486310	REVISAR	SOLANGE PARQUE COMPLEMENTO	SOLANGE PARQUE COMPLEMENTO	4	3	0	1	75.0	SOLANGE PARQUE COMPLEMENTO (3)		SOLANGE PARQUE (1) [66.67%]	SOLANGE PARQUE COMPLEMENTO (3) | SOLANGE PARQUE (1)
74487000	SEGURO	RESIDENCIAL SAO MARCOS	RESIDENCIAL SÃO MARCOS	1	1	0	0	100.0	RESIDENCIAL SÃO MARCOS (1)			RESIDENCIAL SÃO MARCOS (1)
74487005	BLOQUEADO	RESIDENCIAL SAO MARCOS	RESIDENCIAL SÃO MARCOS	3	2	0	1	66.67	RESIDENCIAL SÃO MARCOS (2)		SETOR MARABÁ (1) [13.64%]	RESIDENCIAL SÃO MARCOS (2) | SETOR MARABÁ (1)
74487010	SEGURO	RESIDENCIAL SAO MARCOS	RESIDENCIAL SÃO MARCOS	2	2	0	0	100.0	RESIDENCIAL SÃO MARCOS (2)			RESIDENCIAL SÃO MARCOS (2)
74487060	SEGURO	RESIDENCIAL SAO MARCOS	RESIDENCIAL SÃO MARCOS	1	1	0	0	100.0	RESIDENCIAL SÃO MARCOS (1)			RESIDENCIAL SÃO MARCOS (1)
74487065	SEGURO	RESIDENCIAL SAO MARCOS	RESIDENCIAL SÃO MARCOS	1	1	0	0	100.0	RESIDENCIAL SÃO MARCOS (1)			RESIDENCIAL SÃO MARCOS (1)
74487095	SEGURO	RESIDENCIAL SAO MARCOS	RESIDENCIAL SÃO MARCOS	1	1	0	0	100.0	RESIDENCIAL SÃO MARCOS (1)			RESIDENCIAL SÃO MARCOS (1)
74487115	SEGURO	RESIDENCIAL SAO MARCOS	RESIDENCIAL SÃO MARCOS	3	3	0	0	100.0	RESIDENCIAL SÃO MARCOS (3)			RESIDENCIAL SÃO MARCOS (3)
74487120	SEGURO	RESIDENCIAL SAO MARCOS	Residencial São Marcos	2	2	0	0	50.0	Residencial São Marcos (1) | RESIDENCIAL SÃO MARCOS (1)			Residencial São Marcos (1) | RESIDENCIAL SÃO MARCOS (1)
74487130	SEGURO	RESIDENCIAL SAO MARCOS	RESIDENCIAL SAO MARCOS	1	1	0	0	100.0	RESIDENCIAL SAO MARCOS (1)			RESIDENCIAL SAO MARCOS (1)
74487150	REVISAR	RESIDENCIAL SAO MARCOS	RESIDENCIAL SÃO MARCOS	5	4	0	1	80.0	RESIDENCIAL SÃO MARCOS (4)		SETOR MARABÁ (1) [13.64%]	RESIDENCIAL SÃO MARCOS (4) | SETOR MARABÁ (1)
74487160	SEGURO	RESIDENCIA SAO MARCOS	RESIDENCIA SÃO MARCOS	1	1	0	0	100.0	RESIDENCIA SÃO MARCOS (1)			RESIDENCIA SÃO MARCOS (1)
74487720	SEGURO	CURITIBA 1	Jardim Curitiba 1	1	1	0	0	100.0	Jardim Curitiba 1 (1)			Jardim Curitiba 1 (1)
74490110	SEGURO	LIBERDADE	JARDIM LIBERDADE	1	1	0	0	100.0	JARDIM LIBERDADE (1)			JARDIM LIBERDADE (1)
74490215	SEGURO	ELDORADO OESTE	PARQUE ELDORADO OESTE	1	1	0	0	100.0	PARQUE ELDORADO OESTE (1)			PARQUE ELDORADO OESTE (1)
74490233	SEGURO	CONJUNTO VERA CRUZ	CONJUNTO VERA CRUZ	1	1	0	0	100.0	CONJUNTO VERA CRUZ (1)			CONJUNTO VERA CRUZ (1)
74490237	SEGURO	ELDORADO OESTE	PARQUE ELDORADO OESTE	1	1	0	0	100.0	PARQUE ELDORADO OESTE (1)			PARQUE ELDORADO OESTE (1)
74490239	SEGURO	ELDORADO OESTE	PARQUE ELDORADO OESTE	1	1	0	0	100.0	PARQUE ELDORADO OESTE (1)			PARQUE ELDORADO OESTE (1)
74490271	SEGURO	ELDORADO OESTE	PARQUE ELDORADO OESTE	1	1	0	0	100.0	PARQUE ELDORADO OESTE (1)			PARQUE ELDORADO OESTE (1)
74490281	SEGURO	ELDORADO OESTE	PARQUE ELDORADO OESTE	1	1	0	0	100.0	PARQUE ELDORADO OESTE (1)			PARQUE ELDORADO OESTE (1)
74490283	SEGURO	ELDORADO OESTE	PARQUE ELDORADO OESTE	1	1	0	0	100.0	PARQUE ELDORADO OESTE (1)			PARQUE ELDORADO OESTE (1)
74490285	SEGURO	RESIDENCIAL ANA MORAES	RESIDENCIAL ANA MORAES	1	1	0	0	100.0	RESIDENCIAL ANA MORAES (1)			RESIDENCIAL ANA MORAES (1)
74490287	SEGURO	ELDORADO OESTE	PARQUE ELDORADO OESTE	1	1	0	0	100.0	PARQUE ELDORADO OESTE (1)			PARQUE ELDORADO OESTE (1)
74490297	SEGURO	ELDORADO OESTE	PARQUE ELDORADO OESTE	2	2	0	0	100.0	PARQUE ELDORADO OESTE (2)			PARQUE ELDORADO OESTE (2)
74490450	SEGURO	CURITIBA IV	JARDIM CURITIBA IV	1	1	0	0	100.0	JARDIM CURITIBA IV (1)			JARDIM CURITIBA IV (1)
74490855	SEGURO	RES BERTIN BELCHIOR	RES BERTIN BELCHIOR	1	1	0	0	100.0	RES BERTIN BELCHIOR (1)			RES BERTIN BELCHIOR (1)
74491115	SEGURO	RESIDENCIAL ANA MORAES	RESIDENCIAL ANA MORAES	1	1	0	0	100.0	RESIDENCIAL ANA MORAES (1)			RESIDENCIAL ANA MORAES (1)
74491130	REVISAR	RESIDENCIAL ANA MORAES	RESIDENCIAL ANA MORAES	5	4	1	0	80.0	RESIDENCIAL ANA MORAES (4)	RESIDENCIAL ANA MORAIS (1) [95.45%]		RESIDENCIAL ANA MORAES (4) | RESIDENCIAL ANA MORAIS (1)
74491135	SEGURO	RESIDENCIAL ANA MORAES	RESIDENCIAL ANA MORAES	1	1	0	0	100.0	RESIDENCIAL ANA MORAES (1)			RESIDENCIAL ANA MORAES (1)
74491469	BLOQUEADO	NOVO MUNDO	JARDIM NOVO MUNDO	2	1	0	1	50.0	JARDIM NOVO MUNDO (1)		RESIDENCIAL MUNDO NOVO 3 (1) [50.0%]	JARDIM NOVO MUNDO (1) | RESIDENCIAL MUNDO NOVO 3 (1)
74491735	SEGURO	MANSOES PARAISO	MANSÕES PARAISO	1	1	0	0	100.0	MANSÕES PARAISO (1)			MANSÕES PARAISO (1)
74491792	SEGURO	RESIDENCIAL MUNDO NOVO 2	RESIDENCIAL MUNDO NOVO 2	1	1	0	0	100.0	RESIDENCIAL MUNDO NOVO 2 (1)			RESIDENCIAL MUNDO NOVO 2 (1)
74492020	SEGURO	RESIDENCIAL SERRA AZUL ETAPA I	RESIDENCIAL SERRA AZUL ETAPA I	1	1	0	0	100.0	RESIDENCIAL SERRA AZUL ETAPA I (1)			RESIDENCIAL SERRA AZUL ETAPA I (1)
74492025	SEGURO	RESIDENCIAL SERRA AZUL ETAPA 1	RESIDENCIAL SERRA AZUL ETAPA 1	1	1	0	0	100.0	RESIDENCIAL SERRA AZUL ETAPA 1 (1)			RESIDENCIAL SERRA AZUL ETAPA 1 (1)
74492030	BLOQUEADO	RESIDENCIAL SERRA AZUL ETAPA I	RESIDENCIAL SERRA AZUL ETAPA I	3	2	0	1	66.67	RESIDENCIAL SERRA AZUL ETAPA I (2)		RESIDENCIAL SERRA AZUL (1) [73.33%]	RESIDENCIAL SERRA AZUL ETAPA I (2) | RESIDENCIAL SERRA AZUL (1)
74492035	SEGURO	RESIDENCIAL SERRA AZUL ETAPA I	RESIDENCIAL SERRA AZUL ETAPA I	1	1	0	0	100.0	RESIDENCIAL SERRA AZUL ETAPA I (1)			RESIDENCIAL SERRA AZUL ETAPA I (1)
74492040	SEGURO	RESIDENCIAL SERRA AZUL ETAPA I	RESIDENCIAL SERRA AZUL ETAPA I	1	1	0	0	100.0	RESIDENCIAL SERRA AZUL ETAPA I (1)			RESIDENCIAL SERRA AZUL ETAPA I (1)
74492055	SEGURO	RESIDENCIAL SERRA AZUL	RESIDENCIAL SERRA AZUL	1	1	0	0	100.0	RESIDENCIAL SERRA AZUL (1)			RESIDENCIAL SERRA AZUL (1)
74492060	SEGURO	RESIDENCIAL SERRA AZUL I	RESIDENCIAL SERRA AZUL I	1	1	0	0	100.0	RESIDENCIAL SERRA AZUL I (1)			RESIDENCIAL SERRA AZUL I (1)
74492070	SEGURO	RESIDENCIAL SERRA AZUL ETAPA I	RESIDENCIAL SERRA AZUL ETAPA I	1	1	0	0	100.0	RESIDENCIAL SERRA AZUL ETAPA I (1)			RESIDENCIAL SERRA AZUL ETAPA I (1)
74492135	SEGURO	RESIDENCIAL PORTINARI	RESIDENCIAL PORTINARI	1	1	0	0	100.0	RESIDENCIAL PORTINARI (1)			RESIDENCIAL PORTINARI (1)
74492140	SEGURO	RESIDENCIAL PORTINARI	RESIDENCIAL PORTINARI	2	2	0	0	100.0	RESIDENCIAL PORTINARI (2)			RESIDENCIAL PORTINARI (2)
74492165	SEGURO	RESIDENCIAL PORTINARI	RESIDENCIAL PORTINARI	4	4	0	0	100.0	RESIDENCIAL PORTINARI (4)			RESIDENCIAL PORTINARI (4)
74492185	SEGURO	RESIDENCIAL PORTINARI	RESIDENCIAL PORTINARI	2	2	0	0	100.0	RESIDENCIAL PORTINARI (2)			RESIDENCIAL PORTINARI (2)
74492200	SEGURO	RESIDENCIAL PORTINARI	RESIDENCIAL PORTINARI	3	3	0	0	100.0	RESIDENCIAL PORTINARI (3)			RESIDENCIAL PORTINARI (3)
74492205	SEGURO	RESIDENCIAL PORTINARI	RESIDENCIAL PORTINARI	3	3	0	0	100.0	RESIDENCIAL PORTINARI (3)			RESIDENCIAL PORTINARI (3)
74492225	SEGURO	IMPERIAL	JARDIM IMPERIAL	1	1	0	0	100.0	JARDIM IMPERIAL (1)			JARDIM IMPERIAL (1)
74492230	SEGURO	IMPERIAL	JARDIM IMPERIAL	1	1	0	0	100.0	JARDIM IMPERIAL (1)			JARDIM IMPERIAL (1)
74492295	SEGURO	RESIDENCIAL SERRA AZUL II	RESIDENCIAL SERRA AZUL II	1	1	0	0	100.0	RESIDENCIAL SERRA AZUL II (1)			RESIDENCIAL SERRA AZUL II (1)
74492338	SEGURO	RESIDENCIAL SAN MARINO	RESIDENCIAL SAN MARINO	2	2	0	0	100.0	RESIDENCIAL SAN MARINO (2)			RESIDENCIAL SAN MARINO (2)
74492359	SEGURO	RESIDENCIAL SAN MARINO	RESIDENCIAL SAN MARINO	1	1	0	0	100.0	RESIDENCIAL SAN MARINO (1)			RESIDENCIAL SAN MARINO (1)
74492405	SEGURO	RESIDENCIAL SANTA EFIGENIA	RESIDENCIAL SANTA EFIGÊNIA	3	3	0	0	100.0	RESIDENCIAL SANTA EFIGÊNIA (3)			RESIDENCIAL SANTA EFIGÊNIA (3)
74492411	SEGURO	RESIDENCIAL SANTA EFIGENIA	RESIDENCIAL SANTA EFIGÊNIA	1	1	0	0	100.0	RESIDENCIAL SANTA EFIGÊNIA (1)			RESIDENCIAL SANTA EFIGÊNIA (1)
74492413	SEGURO	RESIDENCIAL SANTA EFIGENIA	RESIDENCIAL SANTA EFIGÊNIA	1	1	0	0	100.0	RESIDENCIAL SANTA EFIGÊNIA (1)			RESIDENCIAL SANTA EFIGÊNIA (1)
74492423	SEGURO	RESIDENCIAL SANTA EFIGENIA	RESIDENCIAL SANTA EFIGENIA	3	3	0	0	66.67	RESIDENCIAL SANTA EFIGENIA (2) | RESIDENCIAL SANTA EFIGÊNIA (1)			RESIDENCIAL SANTA EFIGENIA (2) | RESIDENCIAL SANTA EFIGÊNIA (1)
74492451	SEGURO	RESIDENCIAL SANTA EFIGENIA	RESIDENCIAL SANTA EFIGÊNIA	1	1	0	0	100.0	RESIDENCIAL SANTA EFIGÊNIA (1)			RESIDENCIAL SANTA EFIGÊNIA (1)
74492706	BLOQUEADO	FAZENDA SANTA RITA QUADRA 01	FAZENDA SANTA RITA QUADRA 01	2	1	0	1	50.0	FAZENDA SANTA RITA QUADRA 01 (1)		JARDIM MIRABEL (1) [10.71%]	FAZENDA SANTA RITA QUADRA 01 (1) | JARDIM MIRABEL (1)
74493060	REVISAR	CONJUNTO VERA CRUZ	CONJUNTO VERA CRUZ	4	3	0	1	75.0	CONJUNTO VERA CRUZ (3)		MONTE PASCOAL (1) [33.33%]	CONJUNTO VERA CRUZ (3) | MONTE PASCOAL (1)
74493130	SEGURO	CONJUNTO VERA CRUZ	CONJUNTO VERA CRUZ	1	1	0	0	100.0	CONJUNTO VERA CRUZ (1)			CONJUNTO VERA CRUZ (1)
74493750	BLOQUEADO	CONJUNTO VERA CRUZ	CONJUNTO VERA CRUZ	2	1	1	0	50.0	CONJUNTO VERA CRUZ (1)	CONJUNTO VERA CRUZ 2 (1) [90.0%]		CONJUNTO VERA CRUZ (1) | CONJUNTO VERA CRUZ 2 (1)
74494001	SEGURO	JD. DAS HORTENCIAS	JD. DAS HORTÊNCIAS	1	1	0	0	100.0	JD. DAS HORTÊNCIAS (1)			JD. DAS HORTÊNCIAS (1)
74494081	SEGURO	RESIDENCIAL PRIMAVERA	RESIDENCIAL PRIMAVERA	1	1	0	0	100.0	RESIDENCIAL PRIMAVERA (1)			RESIDENCIAL PRIMAVERA (1)
74494085	SEGURO	RESIDENCIAL PRIMAVERA	RESIDENCIAL PRIMAVERA	2	2	0	0	50.0	RESIDENCIAL PRIMAVERA (1) | Residencial Primavera (1)			RESIDENCIAL PRIMAVERA (1) | Residencial Primavera (1)
74494086	SEGURO	RESIDENCIAL PRIMAVERA	RESIDENCIAL PRIMAVERA	1	1	0	0	100.0	RESIDENCIAL PRIMAVERA (1)			RESIDENCIAL PRIMAVERA (1)
74494087	SEGURO	RESIDENCIAL PRIMAVERA	RESIDENCIAL PRIMAVERA	2	2	0	0	100.0	RESIDENCIAL PRIMAVERA (2)			RESIDENCIAL PRIMAVERA (2)
74494088	SEGURO	RESIDENCIAL PRIMAVERA	RESIDENCIAL PRIMAVERA	2	2	0	0	100.0	RESIDENCIAL PRIMAVERA (2)			RESIDENCIAL PRIMAVERA (2)
74494090	SEGURO	RESIDENCIAL PRIMAVERA	RESIDENCIAL PRIMAVERA	2	2	0	0	100.0	RESIDENCIAL PRIMAVERA (2)			RESIDENCIAL PRIMAVERA (2)
74494091	SEGURO	RESIDENCIAL PRIMAVERA	RESIDENCIAL PRIMAVERA	1	1	0	0	100.0	RESIDENCIAL PRIMAVERA (1)			RESIDENCIAL PRIMAVERA (1)
74494400	SEGURO	RESIDENCIAL MONTE PASCOAL	RESIDENCIAL MONTE PASCOAL	3	3	0	0	100.0	RESIDENCIAL MONTE PASCOAL (3)			RESIDENCIAL MONTE PASCOAL (3)
74494405	SEGURO	RESIDENCIAL MONTE PASCOAL	RESIDENCIAL MONTE PASCOAL	1	1	0	0	100.0	RESIDENCIAL MONTE PASCOAL (1)			RESIDENCIAL MONTE PASCOAL (1)
74494500	SEGURO	RESIDENCIAL MONTE PASCOAL	RESIDENCIAL MONTE PASCOAL	1	1	0	0	100.0	RESIDENCIAL MONTE PASCOAL (1)			RESIDENCIAL MONTE PASCOAL (1)
74494510	SEGURO	RESIDENCIAL MONTE PASCOAL	RESIDENCIAL MONTE PASCOAL	2	2	0	0	100.0	RESIDENCIAL MONTE PASCOAL (2)			RESIDENCIAL MONTE PASCOAL (2)
74494545	SEGURO	RESIDENCIAL MONTE PASCOAL	Residencial Monte Pascoal	1	1	0	0	100.0	Residencial Monte Pascoal (1)			Residencial Monte Pascoal (1)
74494560	SEGURO	RESIDENCIAL MONTE PASCOAL II	RESIDENCIAL MONTE PASCOAL II	1	1	0	0	100.0	RESIDENCIAL MONTE PASCOAL II (1)			RESIDENCIAL MONTE PASCOAL II (1)
74494568	SEGURO	RESIDENCIAL MONTE PASCOAL II	RESIDENCIAL MONTE PASCOAL II	1	1	0	0	100.0	RESIDENCIAL MONTE PASCOAL II (1)			RESIDENCIAL MONTE PASCOAL II (1)
74494574	SEGURO	RESIDENCIAL MONTE PASCOAL II	RESIDENCIAL MONTE PASCOAL II	1	1	0	0	100.0	RESIDENCIAL MONTE PASCOAL II (1)			RESIDENCIAL MONTE PASCOAL II (1)
74494576	SEGURO	RESIDENCIAL MONTE PASCOAL II	RESIDENCIAL MONTE PASCOAL II	1	1	0	0	100.0	RESIDENCIAL MONTE PASCOAL II (1)			RESIDENCIAL MONTE PASCOAL II (1)
74494582	SEGURO	RESIDENCIAL MONTE PASCOAL II	RESIDENCIAL MONTE PASCOAL II	1	1	0	0	100.0	RESIDENCIAL MONTE PASCOAL II (1)			RESIDENCIAL MONTE PASCOAL II (1)
74494686	SEGURO	SAO JOSE	JARDIM SÃO JOSE	1	1	0	0	100.0	JARDIM SÃO JOSE (1)			JARDIM SÃO JOSE (1)
74494705	SEGURO	SAO JOSE	JARDIM SÃO JOSÉ	1	1	0	0	100.0	JARDIM SÃO JOSÉ (1)			JARDIM SÃO JOSÉ (1)
74494740	SEGURO	SAO JOSE	JARDIM SÃO JOSÉ	1	1	0	0	100.0	JARDIM SÃO JOSÉ (1)			JARDIM SÃO JOSÉ (1)
74494760	SEGURO	SAO JOSE	JARDIM SÃO JOSÉ	1	1	0	0	100.0	JARDIM SÃO JOSÉ (1)			JARDIM SÃO JOSÉ (1)
74494790	SEGURO	SANTA EFIGENIA	SANTA EFIGENIA	1	1	0	0	100.0	SANTA EFIGENIA (1)			SANTA EFIGENIA (1)
74495028	SEGURO	RESIDENCIAL YTAPUA	RESIDENCIAL YTAPUÃ	1	1	0	0	100.0	RESIDENCIAL YTAPUÃ (1)			RESIDENCIAL YTAPUÃ (1)
74495030	SEGURO	CONJUNTO VERA CRUZ	CONJUNTO VERA CRUZ	1	1	0	0	100.0	CONJUNTO VERA CRUZ (1)			CONJUNTO VERA CRUZ (1)
74495032	SEGURO	RESIDENCIAL YTAPUA	RESIDENCIAL YTAPUÃ	1	1	0	0	100.0	RESIDENCIAL YTAPUÃ (1)			RESIDENCIAL YTAPUÃ (1)
74495070	SEGURO	CONJUNTO VERA CRUZ	CONJUNTO VERA CRUZ	1	1	0	0	100.0	CONJUNTO VERA CRUZ (1)			CONJUNTO VERA CRUZ (1)
74495110	SEGURO	CONJUNTO VERA CRUZ	CONJUNTO VERA CRUZ	1	1	0	0	100.0	CONJUNTO VERA CRUZ (1)			CONJUNTO VERA CRUZ (1)
74495130	SEGURO	CONJUNTO VERA CRUZ	CONJUNTO VERA CRUZ	2	2	0	0	100.0	CONJUNTO VERA CRUZ (2)			CONJUNTO VERA CRUZ (2)
74495140	SEGURO	CONJUNTO VERA CRUZ	CONJUNTO VERA CRUZ	2	2	0	0	100.0	CONJUNTO VERA CRUZ (2)			CONJUNTO VERA CRUZ (2)
74495220	SEGURO	CONJUNTO VERA CRUZ	CONJUNTO VERA CRUZ	2	2	0	0	100.0	CONJUNTO VERA CRUZ (2)			CONJUNTO VERA CRUZ (2)
74495240	SEGURO	CONJUNTO VERA CRUZ	CONJUNTO VERA CRUZ	1	1	0	0	100.0	CONJUNTO VERA CRUZ (1)			CONJUNTO VERA CRUZ (1)
74495260	SEGURO	CONJUNTO VERA CRUZ	CONJUNTO VERA CRUZ	3	3	0	0	100.0	CONJUNTO VERA CRUZ (3)			CONJUNTO VERA CRUZ (3)
74495290	BLOQUEADO	CONJUNTO VERA CRUZ	CONJUNTO VERA CRUZ	2	1	1	0	50.0	CONJUNTO VERA CRUZ (1)	CONJUNTO VERA CRUZ 2 (1) [90.0%]		CONJUNTO VERA CRUZ (1) | CONJUNTO VERA CRUZ 2 (1)
74495300	SEGURO	CONJUNTO VERA CRUZ	CONJUNTO VERA CRUZ	1	1	0	0	100.0	CONJUNTO VERA CRUZ (1)			CONJUNTO VERA CRUZ (1)
74495310	SEGURO	CONJUNTO VERA CRUZ	CONJUNTO VERA CRUZ	2	2	0	0	100.0	CONJUNTO VERA CRUZ (2)			CONJUNTO VERA CRUZ (2)
74495360	SEGURO	CONJUNTO VERA CRUZ	CONJUNTO VERA CRUZ	1	1	0	0	100.0	CONJUNTO VERA CRUZ (1)			CONJUNTO VERA CRUZ (1)
74495380	SEGURO	CONJUNTO VERA CRUZ	CONJUNTO VERA CRUZ	2	2	0	0	100.0	CONJUNTO VERA CRUZ (2)			CONJUNTO VERA CRUZ (2)
74495390	SEGURO	CONJUNTO VERA CRUZ	CONJUNTO VERA CRUZ	1	1	0	0	100.0	CONJUNTO VERA CRUZ (1)			CONJUNTO VERA CRUZ (1)
74495440	BLOQUEADO	CONJUNTO VERA CRUZ	CONJUNTO VERA CRUZ	2	1	0	1	50.0	CONJUNTO VERA CRUZ (1)		CONJUNTO VERA CRUZ II 7ª ETAPA (1) [60.0%]	CONJUNTO VERA CRUZ (1) | CONJUNTO VERA CRUZ II 7ª ETAPA (1)
74495520	SEGURO	CONJUNTO VERA CRUZ	CONJUNTO VERA CRUZ	2	2	0	0	100.0	CONJUNTO VERA CRUZ (2)			CONJUNTO VERA CRUZ (2)
74495540	SEGURO	CONJUNTO VERA CRUZ	CONJUNTO VERA CRUZ	2	2	0	0	100.0	CONJUNTO VERA CRUZ (2)			CONJUNTO VERA CRUZ (2)
74495550	SEGURO	CONJUNTO VERA CRUZ	CONJUNTO VERA CRUZ	2	2	0	0	100.0	CONJUNTO VERA CRUZ (2)			CONJUNTO VERA CRUZ (2)
74495600	BLOQUEADO	CONJUNTO VERA CRUZ	CONJUNTO VERA CRUZ	2	1	1	0	50.0	CONJUNTO VERA CRUZ (1)	CONJUNTO VERA CRUZ II (1) [85.71%]		CONJUNTO VERA CRUZ (1) | CONJUNTO VERA CRUZ II (1)
74495610	SEGURO	CONJUNTO VERA CRUZ	CONJUNTO VERA CRUZ	1	1	0	0	100.0	CONJUNTO VERA CRUZ (1)			CONJUNTO VERA CRUZ (1)
74495617	SEGURO	CONJUNTO VERA CRUZ	CONJUNTO VERA CRUZ	1	1	0	0	100.0	CONJUNTO VERA CRUZ (1)			CONJUNTO VERA CRUZ (1)
74495740	SEGURO	DAS NACOES	SETOR DAS NAÇÕES	2	2	0	0	100.0	SETOR DAS NAÇÕES (2)			SETOR DAS NAÇÕES (2)
74495810	SEGURO	DAS NACOES	SETOR DAS NAÇÕES	1	1	0	0	100.0	SETOR DAS NAÇÕES (1)			SETOR DAS NAÇÕES (1)
74495841	SEGURO	RESIDENCIAL MENDANHA	RESIDENCIAL MENDANHA	1	1	0	0	100.0	RESIDENCIAL MENDANHA (1)			RESIDENCIAL MENDANHA (1)
74495858	SEGURO	RESIDENCIAL MENDANHA	RESIDENCIAL MENDANHA	1	1	0	0	100.0	RESIDENCIAL MENDANHA (1)			RESIDENCIAL MENDANHA (1)
74495873	SEGURO	RESIDENCIAL NOVA AURORA	RESIDENCIAL NOVA AURORA	1	1	0	0	100.0	RESIDENCIAL NOVA AURORA (1)			RESIDENCIAL NOVA AURORA (1)
74495891	SEGURO	RESIDENCIAL NOVA AURORA	RESIDENCIAL NOVA AURORA	1	1	0	0	100.0	RESIDENCIAL NOVA AURORA (1)			RESIDENCIAL NOVA AURORA (1)
74495893	SEGURO	RESIDENCIAL NOVA AURORA	RESIDENCIAL NOVA AURORA	1	1	0	0	100.0	RESIDENCIAL NOVA AURORA (1)			RESIDENCIAL NOVA AURORA (1)
74495895	SEGURO	RESIDENCIAL NOVA AURORA	RESIDENCIAL NOVA AURORA	1	1	0	0	100.0	RESIDENCIAL NOVA AURORA (1)			RESIDENCIAL NOVA AURORA (1)
74495897	SEGURO	RESIDENCIAL NOVA AURORA	RESIDENCIAL NOVA AURORA	2	2	0	0	100.0	RESIDENCIAL NOVA AURORA (2)			RESIDENCIAL NOVA AURORA (2)
74496328	SEGURO	RESIDENCIAL TUZIMOTO	RESIDENCIAL TUZIMOTO	1	1	0	0	100.0	RESIDENCIAL TUZIMOTO (1)			RESIDENCIAL TUZIMOTO (1)
74496332	SEGURO	RESIDENCIAL TUZIMOTO	RESIDENCIAL TUZIMOTO	1	1	0	0	100.0	RESIDENCIAL TUZIMOTO (1)			RESIDENCIAL TUZIMOTO (1)
74523540	SEGURO	PROGRESSO	PROGRESSO	1	1	0	0	100.0	PROGRESSO (1)			PROGRESSO (1)
74550132	SEGURO	PROGRESSO	SETOR PROGRESSO	1	1	0	0	100.0	SETOR PROGRESSO (1)			SETOR PROGRESSO (1)
74550140	SEGURO	CENTRO OESTE	SETOR CENTRO OESTE	1	1	0	0	100.0	SETOR CENTRO OESTE (1)			SETOR CENTRO OESTE (1)
74550580	SEGURO	PROGRESSO	SETOR PROGRESSO	1	1	0	0	100.0	SETOR PROGRESSO (1)			SETOR PROGRESSO (1)
74555105	SEGURO	AEROVIARIO	SETOR AEROVIARIO	1	1	0	0	100.0	SETOR AEROVIARIO (1)			SETOR AEROVIARIO (1)
74555554	SEGURO	ALBINO BOAVENTURA	ALBINO BOAVENTURA	2	2	0	0	100.0	ALBINO BOAVENTURA (2)			ALBINO BOAVENTURA (2)
74555555	SEGURO	RESIDENCIAL SENADOR ALBINO BOAVENTURA	RESIDENCIAL SENADOR ALBINO BOAVENTURA	1	1	0	0	100.0	RESIDENCIAL SENADOR ALBINO BOAVENTURA (1)			RESIDENCIAL SENADOR ALBINO BOAVENTURA (1)
74555556	BLOQUEADO	ALBINO BOAVENTURA	ALBINO BOAVENTURA	5	3	0	2	60.0	ALBINO BOAVENTURA (3)		RESIDENCIAL ALBINO BOAVENTURA (1) [66.67%] | Residencial Senador Albino Boaventura (1) [50.0%]	ALBINO BOAVENTURA (3) | RESIDENCIAL ALBINO BOAVENTURA (1) | Residencial Senador Albino Boaventura (1)
74555557	BLOQUEADO	ALBINO BOAVENTURA	ALBINO BOAVENTURA	13	9	1	3	69.23	ALBINO BOAVENTURA (9)	ALBINO BOA VENTURA (1) [94.44%]	RESIDENCIAL SENADOR ALBINO BOAVENTURA (2) [50.0%] | Residencial Senador Albino Boaventura (1) [50.0%]	ALBINO BOAVENTURA (9) | RESIDENCIAL SENADOR ALBINO BOAVENTURA (2) | ALBINO BOA VENTURA (1) | Residencial Senador Albino Boaventura (1)
74555558	BLOQUEADO	ALBINO BOAVENTURA	ALBINO BOAVENTURA	21	11	0	10	52.38	ALBINO BOAVENTURA (11)		RESIDENCIAL SENADOR ALBINO BOAVENTURA (7) [50.0%] | RESIDENCIAL ALBINO BOAVENTURA (2) [66.67%] | Residencial Senador Albino Boaventura (1) [50.0%]	ALBINO BOAVENTURA (11) | RESIDENCIAL SENADOR ALBINO BOAVENTURA (7) | RESIDENCIAL ALBINO BOAVENTURA (2) | Residencial Senador Albino Boaventura (1)
74555559	BLOQUEADO	ALBINO BOAVENTURA	ALBINO BOAVENTURA	11	5	0	6	45.45	ALBINO BOAVENTURA (5)		RESIDENCIAL SENADOR ALBINO BOAVENTURA (3) [50.0%] | Residencial Senador Albino Boaventura (2) [50.0%] | RESIDENCIAL ALBINO BOAVENTURA (1) [66.67%]	ALBINO BOAVENTURA (5) | RESIDENCIAL SENADOR ALBINO BOAVENTURA (3) | Residencial Senador Albino Boaventura (2) | RESIDENCIAL ALBINO BOAVENTURA (1)
74555560	SEGURO	RESIDENCIAL SENADOR ALBINO BOAVENTURA	RESIDENCIAL SENADOR ALBINO BOAVENTURA	1	1	0	0	100.0	RESIDENCIAL SENADOR ALBINO BOAVENTURA (1)			RESIDENCIAL SENADOR ALBINO BOAVENTURA (1)
74555561	BLOQUEADO	ALBINO BOAVENTURA	ALBINO BOAVENTURA	2	1	0	1	50.0	ALBINO BOAVENTURA (1)		SETOR MARABÁ (1) [11.76%]	ALBINO BOAVENTURA (1) | SETOR MARABÁ (1)
74555562	SEGURO	ALBINO BOAVENTURA	ALBINO BOAVENTURA	2	2	0	0	100.0	ALBINO BOAVENTURA (2)			ALBINO BOAVENTURA (2)
74555598	SEGURO	ALBINO BOAVENTURA	ALBINO BOAVENTURA	1	1	0	0	100.0	ALBINO BOAVENTURA (1)			ALBINO BOAVENTURA (1)
74558023	SEGURO	PERIM	PERIM	1	1	0	0	100.0	PERIM (1)			PERIM (1)
74564524	SEGURO	MARABA	SETOR MARABÁ	1	1	0	0	100.0	SETOR MARABÁ (1)			SETOR MARABÁ (1)
74565006	SEGURO	PANORAMA PARQUE	PANORAMA PARQUE	1	1	0	0	100.0	PANORAMA PARQUE (1)			PANORAMA PARQUE (1)
74573160	SEGURO	SEVENE	SETOR SEVENE	2	2	0	0	100.0	SETOR SEVENE (2)			SETOR SEVENE (2)
74573170	SEGURO	SEVENE	Setor Sevene	1	1	0	0	100.0	Setor Sevene (1)			Setor Sevene (1)
74573180	SEGURO	CANDIDA DE MORAES	SETOR CANDIDA DE MORAES	1	1	0	0	100.0	SETOR CANDIDA DE MORAES (1)			SETOR CANDIDA DE MORAES (1)
74573370	REVISAR	SEVENE	SETOR SEVENE	4	3	0	1	75.0	SETOR SEVENE (3)		RESIDENCIAL HUGO DE MORAES (1) [15.38%]	SETOR SEVENE (3) | RESIDENCIAL HUGO DE MORAES (1)
74573381	SEGURO	RESIDENCIAL HUGO DE MORAES	RESIDENCIAL HUGO DE MORAES	1	1	0	0	100.0	RESIDENCIAL HUGO DE MORAES (1)			RESIDENCIAL HUGO DE MORAES (1)
74573386	SEGURO	RESIDENCIAL HUGO DE MORAES	RESIDENCIAL HUGO DE MORAES	1	1	0	0	100.0	RESIDENCIAL HUGO DE MORAES (1)			RESIDENCIAL HUGO DE MORAES (1)
74573387	BLOQUEADO	RESIDENCIAL HUGO DE MORAES	RESIDENCIAL HUGO DE MORAES	3	2	0	1	66.67	RESIDENCIAL HUGO DE MORAES (2)		HUGO DE MORAIS (1) [50.0%]	RESIDENCIAL HUGO DE MORAES (2) | HUGO DE MORAIS (1)
74573388	BLOQUEADO	RESIDENCIAL HUGO DE MORAES	RESIDENCIAL HUGO DE MORAES	3	2	0	1	66.67	RESIDENCIAL HUGO DE MORAES (2)		HUGO MORAES (1) [50.0%]	RESIDENCIAL HUGO DE MORAES (2) | HUGO MORAES (1)
74573389	SEGURO	RESIDENCIAL HUGO DE MORAES	RESIDENCIAL HUGO DE MORAES	2	2	0	0	50.0	RESIDENCIAL HUGO DE MORAES (1) | Residencial Hugo de Moraes (1)			RESIDENCIAL HUGO DE MORAES (1) | Residencial Hugo de Moraes (1)
74573390	SEGURO	SEVENE	SETOR SEVENE	2	2	0	0	100.0	SETOR SEVENE (2)			SETOR SEVENE (2)
74573391	BLOQUEADO	RESIDENCIAL HUGO DE MORAES	RESIDENCIAL HUGO DE MORAES	3	2	1	0	66.67	RESIDENCIAL HUGO DE MORAES (2)	RESIDENCIAL HUGO DE MORAIS (1) [96.15%]		RESIDENCIAL HUGO DE MORAES (2) | RESIDENCIAL HUGO DE MORAIS (1)
74573392	SEGURO	RESIDENCIAL HUGO DE MORAES	RESIDENCIAL HUGO DE MORAES	1	1	0	0	100.0	RESIDENCIAL HUGO DE MORAES (1)			RESIDENCIAL HUGO DE MORAES (1)
74573393	BLOQUEADO	RESIDENCIAL HUGO DE MORAES	RESIDENCIAL HUGO DE MORAES	3	2	0	1	66.67	RESIDENCIAL HUGO DE MORAES (2)		HUGO MORAES (1) [50.0%]	RESIDENCIAL HUGO DE MORAES (2) | HUGO MORAES (1)
74573394	SEGURO	RESIDENCIAL HUGO DE MORAES	RESIDENCIAL HUGO DE MORAES	1	1	0	0	100.0	RESIDENCIAL HUGO DE MORAES (1)			RESIDENCIAL HUGO DE MORAES (1)
74573397	SEGURO	RESIDENCIAL HUGO DE MORAES	RESIDENCIAL HUGO DE MORAES	2	2	0	0	100.0	RESIDENCIAL HUGO DE MORAES (2)			RESIDENCIAL HUGO DE MORAES (2)
74573398	SEGURO	RESIDENCIAL HUGO DE MORAES	RESIDENCIAL HUGO DE MORAES	5	5	0	0	100.0	RESIDENCIAL HUGO DE MORAES (5)			RESIDENCIAL HUGO DE MORAES (5)
74573401	SEGURO	HUGO DE MORAES	HUGO DE MORAES	1	1	0	0	100.0	HUGO DE MORAES (1)			HUGO DE MORAES (1)
74573402	SEGURO	RESIDENCIAL HUGO DE MORAES	RESIDENCIAL HUGO DE MORAES	5	5	0	0	80.0	RESIDENCIAL HUGO DE MORAES (4) | Residencial Hugo de Moraes (1)			RESIDENCIAL HUGO DE MORAES (4) | Residencial Hugo de Moraes (1)
74573403	SEGURO	RESIDENCIAL HUGO DE MORAES	RESIDENCIAL HUGO DE MORAES	2	2	0	0	50.0	RESIDENCIAL HUGO DE MORAES (1) | Residencial Hugo de Moraes (1)			RESIDENCIAL HUGO DE MORAES (1) | Residencial Hugo de Moraes (1)
74573424	SEGURO	RESIDENCIAL GUAREMA	RESIDENCIAL GUAREMA	1	1	0	0	100.0	RESIDENCIAL GUAREMA (1)			RESIDENCIAL GUAREMA (1)
74573426	BLOQUEADO	RESIDENCIA GUAREMA	RESIDENCIA GUAREMA	2	1	1	0	50.0	RESIDENCIA GUAREMA (1)	RESIDENCIAL GUAREMA (1) [94.74%]		RESIDENCIA GUAREMA (1) | RESIDENCIAL GUAREMA (1)
74575390	SEGURO	GENTIL MEIRELES	SETOR GENTIL MEIRELES	1	1	0	0	100.0	SETOR GENTIL MEIRELES (1)			SETOR GENTIL MEIRELES (1)
74580000	SEGURO	PERIM	SETOR PERIM	1	1	0	0	100.0	SETOR PERIM (1)			SETOR PERIM (1)
74580080	SEGURO	CRISTINA	VILA CRISTINA	1	1	0	0	100.0	VILA CRISTINA (1)			VILA CRISTINA (1)
74580150	SEGURO	PERIM	SETOR PERIM	3	3	0	0	100.0	SETOR PERIM (3)			SETOR PERIM (3)
74580190	SEGURO	PERIM	SETOR PERIM	7	7	0	0	100.0	SETOR PERIM (7)			SETOR PERIM (7)
74580200	SEGURO	PERIM	Setor Perim	1	1	0	0	100.0	Setor Perim (1)			Setor Perim (1)
74580230	SEGURO	PERIM	SETOR PERIM	3	3	0	0	66.67	SETOR PERIM (2) | Setor Perim (1)			SETOR PERIM (2) | Setor Perim (1)
74580260	SEGURO	PERIM	SETOR PERIM	2	2	0	0	100.0	SETOR PERIM (2)			SETOR PERIM (2)
74580270	REVISAR	PERIM	SETOR PERIM	4	3	0	1	75.0	SETOR PERIM (3)		SETOR PROGRESSO (1) [22.22%]	SETOR PERIM (3) | SETOR PROGRESSO (1)
74580280	SEGURO	PERIM	SETOR PERIM	2	2	0	0	50.0	SETOR PERIM (1) | Setor Perim (1)			SETOR PERIM (1) | Setor Perim (1)
74580290	SEGURO	PERIM	SETOR PERIM	3	3	0	0	100.0	SETOR PERIM (3)			SETOR PERIM (3)
74580300	SEGURO	PERIM	SETOR PERIM	2	2	0	0	50.0	SETOR PERIM (1) | Setor Perim (1)			SETOR PERIM (1) | Setor Perim (1)
74580330	SEGURO	PERIM	SETOR PERIM	2	2	0	0	100.0	SETOR PERIM (2)			SETOR PERIM (2)
74580340	SEGURO	PERIM	SETOR PERIM	5	5	0	0	100.0	SETOR PERIM (5)			SETOR PERIM (5)
74580350	SEGURO	PERIM	SETOR PERIM	9	9	0	0	77.78	SETOR PERIM (7) | Setor Perim (2)			SETOR PERIM (7) | Setor Perim (2)
74580360	SEGURO	PERIM	SETOR PERIM	6	6	0	0	66.67	SETOR PERIM (4) | PERIM (1) | Setor Perim (1)			SETOR PERIM (4) | PERIM (1) | Setor Perim (1)
74580370	SEGURO	PERIM	SETOR PERIM	6	6	0	0	66.67	SETOR PERIM (4) | Setor Perim (2)			SETOR PERIM (4) | Setor Perim (2)
74580380	SEGURO	PERIM	SETOR PERIM	3	3	0	0	66.67	SETOR PERIM (2) | PERIM (1)			SETOR PERIM (2) | PERIM (1)
74580390	SEGURO	PERIM	SETOR PERIM	6	6	0	0	100.0	SETOR PERIM (6)			SETOR PERIM (6)
74580400	SEGURO	PERIM	SETOR PERIM	3	3	0	0	66.67	SETOR PERIM (2) | Setor Perim (1)			SETOR PERIM (2) | Setor Perim (1)
74580440	SEGURO	CLEMENTE	VILA CLEMENTE	1	1	0	0	100.0	VILA CLEMENTE (1)			VILA CLEMENTE (1)
74580445	SEGURO	SAO JOSE	VILA SÃO JOSE	1	1	0	0	100.0	VILA SÃO JOSE (1)			VILA SÃO JOSE (1)
74580455	SEGURO	CLEMENTE	VILA CLEMENTE	2	2	0	0	100.0	VILA CLEMENTE (2)			VILA CLEMENTE (2)
74580460	SEGURO	CLEMENTE	VILA CLEMENTE	1	1	0	0	100.0	VILA CLEMENTE (1)			VILA CLEMENTE (1)
74580490	SEGURO	CLEMENTE	VILA CLEMENTE	3	3	0	0	100.0	VILA CLEMENTE (3)			VILA CLEMENTE (3)
74580500	SEGURO	PROGRESSO	Setor Progresso	3	3	0	0	66.67	Setor Progresso (2) | SETOR PROGRESSO (1)			Setor Progresso (2) | SETOR PROGRESSO (1)
74580505	SEGURO	CLEMENTE	VILA CLEMENTE	1	1	0	0	100.0	VILA CLEMENTE (1)			VILA CLEMENTE (1)
74580510	SEGURO	PROGRESSO	SETOR PROGRESSO	3	3	0	0	66.67	SETOR PROGRESSO (2) | Setor Progresso (1)			SETOR PROGRESSO (2) | Setor Progresso (1)
74580520	SEGURO	PROGRESSO	SETOR PROGRESSO	4	4	0	0	75.0	SETOR PROGRESSO (3) | Setor Progresso (1)			SETOR PROGRESSO (3) | Setor Progresso (1)
74580530	SEGURO	PROGRESSO	SETOR PROGRESSO	1	1	0	0	100.0	SETOR PROGRESSO (1)			SETOR PROGRESSO (1)
74580535	SEGURO	PROGRESSO	SETOR PROGRESSO	5	5	0	0	80.0	SETOR PROGRESSO (4) | Setor Progresso (1)			SETOR PROGRESSO (4) | Setor Progresso (1)
74580540	SEGURO	PROGRESSO	SETOR PROGRESSO	4	4	0	0	100.0	SETOR PROGRESSO (4)			SETOR PROGRESSO (4)
74580550	SEGURO	PROGRESSO	SETOR PROGRESSO	3	3	0	0	100.0	SETOR PROGRESSO (3)			SETOR PROGRESSO (3)
74580560	SEGURO	PROGRESSO	SETOR PROGRESSO	3	3	0	0	100.0	SETOR PROGRESSO (3)			SETOR PROGRESSO (3)
74580570	SEGURO	PROGRESSO	SETOR PROGRESSO	7	7	0	0	100.0	SETOR PROGRESSO (7)			SETOR PROGRESSO (7)
74580580	SEGURO	PROGRESSO	SETOR PROGRESSO	2	2	0	0	50.0	SETOR PROGRESSO (1) | Setor Progresso (1)			SETOR PROGRESSO (1) | Setor Progresso (1)
74580590	SEGURO	PERIM	SETOR PERIM	1	1	0	0	100.0	SETOR PERIM (1)			SETOR PERIM (1)
74580600	SEGURO	PROGRESSO	SETOR PROGRESSO	5	5	0	0	80.0	SETOR PROGRESSO (4) | Setor Progresso (1)			SETOR PROGRESSO (4) | Setor Progresso (1)
74580610	SEGURO	PROGRESSO	SETOR PROGRESSO	4	4	0	0	100.0	SETOR PROGRESSO (4)			SETOR PROGRESSO (4)
74580620	SEGURO	PROGRESSO	SETOR PROGRESSO	1	1	0	0	100.0	SETOR PROGRESSO (1)			SETOR PROGRESSO (1)
74580650	SEGURO	PROGRESSO	SETOR PROGRESSO	1	1	0	0	100.0	SETOR PROGRESSO (1)			SETOR PROGRESSO (1)
74580660	SEGURO	PROGRESSO	SETOR PROGRESSO	8	8	0	0	87.5	SETOR PROGRESSO (7) | Setor Progresso (1)			SETOR PROGRESSO (7) | Setor Progresso (1)
74580690	SEGURO	PROGRESSO	SETOR PROGRESSO	3	3	0	0	100.0	SETOR PROGRESSO (3)			SETOR PROGRESSO (3)
74580710	SEGURO	PROGRESSO	SETOR PROGRESSO	4	4	0	0	75.0	SETOR PROGRESSO (3) | Setor Progresso (1)			SETOR PROGRESSO (3) | Setor Progresso (1)
74580740	SEGURO	PROGRESSO	SETOR PROGRESSO	5	5	0	0	60.0	SETOR PROGRESSO (3) | Setor Progresso (2)			SETOR PROGRESSO (3) | Setor Progresso (2)
74580760	SEGURO	RESIDENCIAL ITAMARACA	RESIDENCIAL ITAMARACA	2	2	0	0	50.0	RESIDENCIAL ITAMARACA (1) | RESIDENCIAL ITAMARACÁ (1)			RESIDENCIAL ITAMARACA (1) | RESIDENCIAL ITAMARACÁ (1)
74580761	SEGURO	RESIDENCIAL ITAMARACA	Residencial Itamaracá	1	1	0	0	100.0	Residencial Itamaracá (1)			Residencial Itamaracá (1)
74580765	SEGURO	RESIDENCIAL ITAMARACA	Residencial Itamaracá	3	3	0	0	66.67	Residencial Itamaracá (2) | RESIDENCIAL ITAMARACÁ (1)			Residencial Itamaracá (2) | RESIDENCIAL ITAMARACÁ (1)
74580766	SEGURO	RESIDENCIAL ITAMARACA	Residencial Itamaracá	1	1	0	0	100.0	Residencial Itamaracá (1)			Residencial Itamaracá (1)
74580790	SEGURO	RESIDENCIAL ITAMARACA	RESIDENCIAL ITAMARACÁ	1	1	0	0	100.0	RESIDENCIAL ITAMARACÁ (1)			RESIDENCIAL ITAMARACÁ (1)
74580795	SEGURO	RESIDENCIAL ITAMARACA	Residencial Itamaracá	1	1	0	0	100.0	Residencial Itamaracá (1)			Residencial Itamaracá (1)
74580800	SEGURO	PERIM	SETOR PERIM	3	3	0	0	66.67	SETOR PERIM (2) | PERIM (1)			SETOR PERIM (2) | PERIM (1)
74580805	SEGURO	RESIDENCIAL ITAMARACA	RESIDENCIAL ITAMARACÁ	1	1	0	0	100.0	RESIDENCIAL ITAMARACÁ (1)			RESIDENCIAL ITAMARACÁ (1)
74580810	SEGURO	RESIDENCIAL ITAMARACA	RESIDENCIAL ITAMARACÁ	2	2	0	0	100.0	RESIDENCIAL ITAMARACÁ (2)			RESIDENCIAL ITAMARACÁ (2)
74580815	SEGURO	RESIDENCIAL ITAMARACA	RESIDENCIAL ITAMARACÁ	7	7	0	0	57.14	RESIDENCIAL ITAMARACÁ (4) | RESIDENCIAL ITAMARACA (2) | Residencial Itamaracá (1)			RESIDENCIAL ITAMARACÁ (4) | RESIDENCIAL ITAMARACA (2) | Residencial Itamaracá (1)
74580825	SEGURO	RESIDENCIAL ITAMARACA	RESIDENCIAL ITAMARACÁ	2	2	0	0	50.0	RESIDENCIAL ITAMARACÁ (1) | RESIDENCIAL ITAMARACA (1)			RESIDENCIAL ITAMARACÁ (1) | RESIDENCIAL ITAMARACA (1)
74580830	SEGURO	RESIDENCIAL ITAMARACA	Residencial Itamaracá	5	5	0	0	60.0	Residencial Itamaracá (3) | RESIDENCIAL ITAMARACÁ (2)			Residencial Itamaracá (3) | RESIDENCIAL ITAMARACÁ (2)
74580860	BLOQUEADO	PERIM	SETOR PERIM	5	3	0	2	60.0	SETOR PERIM (3)		SETOR PERIM CONTINUAÇÃO (2) [50.0%]	SETOR PERIM (3) | SETOR PERIM CONTINUAÇÃO (2)
74583000	SEGURO	RESIDENCIAL SENADOR ALBINO BOAVENTURA	RESIDENCIAL SENADOR ALBINO BOAVENTURA	1	1	0	0	100.0	RESIDENCIAL SENADOR ALBINO BOAVENTURA (1)			RESIDENCIAL SENADOR ALBINO BOAVENTURA (1)
74583030	SEGURO	MARIA DILCE	Vila Maria Dilce	1	1	0	0	100.0	Vila Maria Dilce (1)			Vila Maria Dilce (1)
74583050	SEGURO	MARIA DILCE	VILA MARIA DILCE	9	9	0	0	55.56	VILA MARIA DILCE (5) | Vila Maria Dilce (4)			VILA MARIA DILCE (5) | Vila Maria Dilce (4)
74583055	BLOQUEADO	MARIA DILCE	VILA MARIA DILCE	3	2	0	1	66.67	VILA MARIA DILCE (2)		VILA CRISTINA (1) [27.27%]	VILA MARIA DILCE (2) | VILA CRISTINA (1)
74583060	SEGURO	MARIA DILCE	VILA MARIA DILCE	6	6	0	0	100.0	VILA MARIA DILCE (6)			VILA MARIA DILCE (6)
74583065	SEGURO	MARIA DILCE	Vila Maria Dilce	1	1	0	0	100.0	Vila Maria Dilce (1)			Vila Maria Dilce (1)
74583070	BLOQUEADO	MARIA DILCE	MARIA DILCE	3	2	0	1	33.33	MARIA DILCE (1) | Vila Maria Dilce (1)		VILA CRISTINA (1) [27.27%]	MARIA DILCE (1) | VILA CRISTINA (1) | Vila Maria Dilce (1)
74583100	SEGURO	MARIA DILCE	VILA MARIA DILCE	17	17	0	0	70.59	VILA MARIA DILCE (12) | Vila Maria Dilce (4) | MARIA DILCE (1)			VILA MARIA DILCE (12) | Vila Maria Dilce (4) | MARIA DILCE (1)
74583110	SEGURO	MARIA DILCE	VILA MARIA DILCE	3	3	0	0	100.0	VILA MARIA DILCE (3)			VILA MARIA DILCE (3)
74583115	SEGURO	MARIA DILCE	VILA MARIA DILCE	2	2	0	0	50.0	VILA MARIA DILCE (1) | Vila Maria Dilce (1)			VILA MARIA DILCE (1) | Vila Maria Dilce (1)
74583130	SEGURO	MARIA DILCE	VILA MARIA DILCE	1	1	0	0	100.0	VILA MARIA DILCE (1)			VILA MARIA DILCE (1)
74583135	SEGURO	PROGRESSO	SETOR PROGRESSO	1	1	0	0	100.0	SETOR PROGRESSO (1)			SETOR PROGRESSO (1)
74583220	SEGURO	JOAO VAZ	VILA JOÃO VAZ	1	1	0	0	100.0	VILA JOÃO VAZ (1)			VILA JOÃO VAZ (1)
74583264	SEGURO	SANTA CECILIA	JARDIM SANTA CECÍLIA	1	1	0	0	100.0	JARDIM SANTA CECÍLIA (1)			JARDIM SANTA CECÍLIA (1)
74583285	SEGURO	EMPRESARIAL	SETOR EMPRESARIAL	1	1	0	0	100.0	SETOR EMPRESARIAL (1)			SETOR EMPRESARIAL (1)
74583290	BLOQUEADO	MARABA	SETOR MARABÁ	3	2	0	1	33.33	SETOR MARABÁ (1) | SETOR MARABA (1)		SETOR NOROESTE (1) [12.5%]	SETOR MARABÁ (1) | SETOR MARABA (1) | SETOR NOROESTE (1)
74583298	SEGURO	RESIDENCIAL RECREIO PANORAMA	Residencial Recreio Panorama	1	1	0	0	100.0	Residencial Recreio Panorama (1)			Residencial Recreio Panorama (1)
74583350	SEGURO	EMPRESARIAL	SETOR EMPRESARIAL	7	7	0	0	100.0	SETOR EMPRESARIAL (7)			SETOR EMPRESARIAL (7)
74583360	SEGURO	EMPRESARIAL	SETOR EMPRESARIAL	1	1	0	0	100.0	SETOR EMPRESARIAL (1)			SETOR EMPRESARIAL (1)
74583650	SEGURO	EMPRESARIAL	SETOR EMPRESARIAL	1	1	0	0	100.0	SETOR EMPRESARIAL (1)			SETOR EMPRESARIAL (1)
74583700	SEGURO	GRAMADO	Jardim Gramado	4	4	0	0	50.0	Jardim Gramado (2) | JARDIM GRAMADO (2)			Jardim Gramado (2) | JARDIM GRAMADO (2)
74583705	SEGURO	GRAMADO	JARDIM GRAMADO	5	5	0	0	80.0	JARDIM GRAMADO (4) | Jardim Gramado (1)			JARDIM GRAMADO (4) | Jardim Gramado (1)
74583710	SEGURO	GRAMADO	JARDIM GRAMADO	2	2	0	0	100.0	JARDIM GRAMADO (2)			JARDIM GRAMADO (2)
74583715	BLOQUEADO	GRAMADO	JARDIM GRAMADO	11	9	0	2	72.73	JARDIM GRAMADO (8) | Jardim Gramado (1)		VILA CRISTINA (1) [12.5%] | VILA MARIA DILCE (1) [18.18%]	JARDIM GRAMADO (8) | Jardim Gramado (1) | VILA CRISTINA (1) | VILA MARIA DILCE (1)
74583720	SEGURO	GRAMADO	JARDIM GRAMADO	6	6	0	0	83.33	JARDIM GRAMADO (5) | Jardim Gramado (1)			JARDIM GRAMADO (5) | Jardim Gramado (1)
74583725	SEGURO	GRAMADO	JARDIM GRAMADO	7	7	0	0	100.0	JARDIM GRAMADO (7)			JARDIM GRAMADO (7)
74583730	SEGURO	GRAMADO	JARDIM  GRAMADO	1	1	0	0	100.0	JARDIM  GRAMADO (1)			JARDIM  GRAMADO (1)
74583735	SEGURO	GRAMADO	JARDIM GRAMADO	3	3	0	0	100.0	JARDIM GRAMADO (3)			JARDIM GRAMADO (3)
74583750	SEGURO	GRAMADO	JARDIM GRAMADO	1	1	0	0	100.0	JARDIM GRAMADO (1)			JARDIM GRAMADO (1)
74583760	SEGURO	GRAMADO	JARDIM GRAMADO	1	1	0	0	100.0	JARDIM GRAMADO (1)			JARDIM GRAMADO (1)
74583765	SEGURO	GRAMADO	JARDIM GRAMADO	1	1	0	0	100.0	JARDIM GRAMADO (1)			JARDIM GRAMADO (1)
74584000	SEGURO	CRISTINA	VILA CRISTINA	6	6	0	0	83.33	VILA CRISTINA (5) | Vila Cristina (1)			VILA CRISTINA (5) | Vila Cristina (1)
74584010	SEGURO	CRISTINA	VILA CRISTINA	2	2	0	0	100.0	VILA CRISTINA (2)			VILA CRISTINA (2)
74584030	SEGURO	CRISTINA	VILA CRISTINA	1	1	0	0	100.0	VILA CRISTINA (1)			VILA CRISTINA (1)
74584040	SEGURO	CRISTINA	VILA CRISTINA	1	1	0	0	100.0	VILA CRISTINA (1)			VILA CRISTINA (1)
74584060	BLOQUEADO	CRISTINA	VILA CRISTINA	3	2	0	1	66.67	VILA CRISTINA (2)		MARIA DILCE (1) [27.27%]	VILA CRISTINA (2) | MARIA DILCE (1)
74584090	SEGURO	CRISTINA	VILA CRISTINA	1	1	0	0	100.0	VILA CRISTINA (1)			VILA CRISTINA (1)
74584120	REVISAR	CRISTINA	VILA CRISTINA	6	5	0	1	83.33	VILA CRISTINA (5)		VILA MARIA DILCE (1) [27.27%]	VILA CRISTINA (5) | VILA MARIA DILCE (1)
74584230	BLOQUEADO	CRISTINA	VILA CRISTINA	6	4	0	2	66.67	VILA CRISTINA (4)		Vila Cristina Continuação (1) [50.0%] | VILA CRISTINA CONTINUAÇÃO (1) [50.0%]	VILA CRISTINA (4) | Vila Cristina Continuação (1) | VILA CRISTINA CONTINUAÇÃO (1)
74584235	SEGURO	CRISTINA	VILA CRISTINA	3	3	0	0	100.0	VILA CRISTINA (3)			VILA CRISTINA (3)
74584305	SEGURO	CRISTINA EXTENSAO	VILA CRISTINA EXTENSÃO	1	1	0	0	100.0	VILA CRISTINA EXTENSÃO (1)			VILA CRISTINA EXTENSÃO (1)
74584310	SEGURO	CRISTINA EXTENSAO	VILA CRISTINA EXTENSÃO	2	2	0	0	100.0	VILA CRISTINA EXTENSÃO (2)			VILA CRISTINA EXTENSÃO (2)
74590090	SEGURO	BALNEARIO MEIA PONTE	JARDIM BALNEÁRIO MEIA PONTE	1	1	0	0	100.0	JARDIM BALNEÁRIO MEIA PONTE (1)			JARDIM BALNEÁRIO MEIA PONTE (1)
74590360	SEGURO	BALNEARIO MEIA PONTE	JARDIM BALNEÁRIO MEIA PONTE	1	1	0	0	100.0	JARDIM BALNEÁRIO MEIA PONTE (1)			JARDIM BALNEÁRIO MEIA PONTE (1)
74590540	SEGURO	BALNEARIO MEIA PONTE	Jardim Balneário Meia Ponte	1	1	0	0	100.0	Jardim Balneário Meia Ponte (1)			Jardim Balneário Meia Ponte (1)
74590770	SEGURO	BALNEARIO MEIA PONTE	Jardim Balneário Meia Ponte	1	1	0	0	100.0	Jardim Balneário Meia Ponte (1)			Jardim Balneário Meia Ponte (1)
74591003	SEGURO	RESIDENCIAL BALNEARIO 2	Residencial Balneário 2	1	1	0	0	100.0	Residencial Balneário 2 (1)			Residencial Balneário 2 (1)
74593210	SEGURO	BALNEARIO MEIA PONTE	Jardim Balneário Meia Ponte	1	1	0	0	100.0	Jardim Balneário Meia Ponte (1)			Jardim Balneário Meia Ponte (1)
74593270	SEGURO	DAS NACOES	Parque das Nações	1	1	0	0	100.0	Parque das Nações (1)			Parque das Nações (1)
74594102	SEGURO	RESIDENCIAL BARRAVENTO	Residencial Barravento	1	1	0	0	100.0	Residencial Barravento (1)			Residencial Barravento (1)
74594124	SEGURO	RESIDENCIAL BARRAVENTO	Residencial Barravento	1	1	0	0	100.0	Residencial Barravento (1)			Residencial Barravento (1)
74594151	SEGURO	BELVEDERE	Jardim Belvedere	1	1	0	0	100.0	Jardim Belvedere (1)			Jardim Belvedere (1)
74594330	SEGURO	RESIDENCIAL JOSE VIANDELI	Residencial Jose Viandeli	1	1	0	0	100.0	Residencial Jose Viandeli (1)			Residencial Jose Viandeli (1)
74595110	SEGURO	RESIDENCIAL MARIA LOURENCA	Residencial Maria Lourença	1	1	0	0	100.0	Residencial Maria Lourença (1)			Residencial Maria Lourença (1)
74605020	SEGURO	LESTE UNIVERSITARIO	SETOR LESTE UNIVERSITÁRIO	1	1	0	0	100.0	SETOR LESTE UNIVERSITÁRIO (1)			SETOR LESTE UNIVERSITÁRIO (1)
74620050	SEGURO	MORAIS	VILA MORAIS	3	3	0	0	100.0	VILA MORAIS (3)			VILA MORAIS (3)
74620060	SEGURO	MORAIS	VILA MORAIS	4	4	0	0	100.0	VILA MORAIS (4)			VILA MORAIS (4)
74620170	SEGURO	MORAIS	Vila Morais	1	1	0	0	100.0	Vila Morais (1)			Vila Morais (1)
74620190	SEGURO	MORAIS	VILA MORAIS	2	2	0	0	100.0	VILA MORAIS (2)			VILA MORAIS (2)
74620220	SEGURO	MORAIS	VILA MORAIS	3	3	0	0	100.0	VILA MORAIS (3)			VILA MORAIS (3)
74620230	SEGURO	MORAIS	VILA MORAIS	7	7	0	0	100.0	VILA MORAIS (7)			VILA MORAIS (7)
74620250	SEGURO	MORAIS	VILA MORAIS	1	1	0	0	100.0	VILA MORAIS (1)			VILA MORAIS (1)
74620260	SEGURO	MORAIS	VILA MORAIS	1	1	0	0	100.0	VILA MORAIS (1)			VILA MORAIS (1)
74620270	SEGURO	MORAIS	VILA MORAIS	1	1	0	0	100.0	VILA MORAIS (1)			VILA MORAIS (1)
74620280	SEGURO	MORAIS	VILA MORAIS	3	3	0	0	66.67	VILA MORAIS (2) | Vila Morais (1)			VILA MORAIS (2) | Vila Morais (1)
74620300	SEGURO	MORAIS	VILA MORAIS	1	1	0	0	100.0	VILA MORAIS (1)			VILA MORAIS (1)
74620310	SEGURO	MORAIS	VILA MORAIS	1	1	0	0	100.0	VILA MORAIS (1)			VILA MORAIS (1)
74620320	SEGURO	MORAIS	VILA MORAIS	7	7	0	0	85.71	VILA MORAIS (6) | Vila Morais (1)			VILA MORAIS (6) | Vila Morais (1)
74620330	SEGURO	MORAIS	VILA MORAIS	4	4	0	0	100.0	VILA MORAIS (4)			VILA MORAIS (4)
74620365	SEGURO	MORAIS	VILA MORAIS	1	1	0	0	100.0	VILA MORAIS (1)			VILA MORAIS (1)
74620375	SEGURO	MORAIS	VILA MORAIS	6	6	0	0	100.0	VILA MORAIS (6)			VILA MORAIS (6)
74620400	SEGURO	MORAIS	VILA MORAIS	3	3	0	0	66.67	VILA MORAIS (2) | Vila Morais (1)			VILA MORAIS (2) | Vila Morais (1)
74620410	SEGURO	MORAIS	VILA MORAIS	1	1	0	0	100.0	VILA MORAIS (1)			VILA MORAIS (1)
74630134	SEGURO	NOVA ESPERANCA	JARDIM NOVA ESPERANÇA	1	1	0	0	100.0	JARDIM NOVA ESPERANÇA (1)			JARDIM NOVA ESPERANÇA (1)
74635100	SEGURO	NOVO MUNDO	JARDIM NOVO MUNDO	1	1	0	0	100.0	JARDIM NOVO MUNDO (1)			JARDIM NOVO MUNDO (1)
74645527	SEGURO	MARABA	SETOR MARABÁ	1	1	0	0	100.0	SETOR MARABÁ (1)			SETOR MARABÁ (1)
74655150	SEGURO	MONTICELLI	VILA MONTICELLI	1	1	0	0	100.0	VILA MONTICELLI (1)			VILA MONTICELLI (1)
74675380	SEGURO	RESIDENCIAL ANGLO	RESIDENCIAL ANGLO	1	1	0	0	100.0	RESIDENCIAL ANGLO (1)			RESIDENCIAL ANGLO (1)
74675400	SEGURO	NOVA ESPERANCA	JARDIM NOVA ESPERANÇA	1	1	0	0	100.0	JARDIM NOVA ESPERANÇA (1)			JARDIM NOVA ESPERANÇA (1)
74680130	SEGURO	COLORADO	JARDIM COLORADO	1	1	0	0	100.0	JARDIM COLORADO (1)			JARDIM COLORADO (1)
74700170	SEGURO	NOVO MUNDO	JARDIM NOVO MUNDO	1	1	0	0	100.0	JARDIM NOVO MUNDO (1)			JARDIM NOVO MUNDO (1)
74703010	SEGURO	NOVO MUNDO	JARDIM NOVO MUNDO	2	2	0	0	100.0	JARDIM NOVO MUNDO (2)			JARDIM NOVO MUNDO (2)
74703020	SEGURO	NOVO MUNDO	JARDIM NOVO MUNDO	12	12	0	0	91.67	JARDIM NOVO MUNDO (11) | Jardim Novo Mundo (1)			JARDIM NOVO MUNDO (11) | Jardim Novo Mundo (1)
74703030	SEGURO	NOVO MUNDO	JARDIM NOVO MUNDO	2	2	0	0	100.0	JARDIM NOVO MUNDO (2)			JARDIM NOVO MUNDO (2)
74703060	SEGURO	NOVO MUNDO	JARDIM NOVO MUNDO	4	4	0	0	100.0	JARDIM NOVO MUNDO (4)			JARDIM NOVO MUNDO (4)
74703070	SEGURO	NOVO MUNDO	JARDIM NOVO MUNDO	2	2	0	0	100.0	JARDIM NOVO MUNDO (2)			JARDIM NOVO MUNDO (2)
74703080	SEGURO	NOVO MUNDO	JARDIM NOVO MUNDO	4	4	0	0	100.0	JARDIM NOVO MUNDO (4)			JARDIM NOVO MUNDO (4)
74703100	SEGURO	NOVO MUNDO	JARDIM NOVO MUNDO	3	3	0	0	100.0	JARDIM NOVO MUNDO (3)			JARDIM NOVO MUNDO (3)
74703118	SEGURO	NOVO MUNDO	JARDIM NOVO MUNDO	1	1	0	0	100.0	JARDIM NOVO MUNDO (1)			JARDIM NOVO MUNDO (1)
74703140	SEGURO	NOVO MUNDO	JARDIM NOVO MUNDO	2	2	0	0	100.0	JARDIM NOVO MUNDO (2)			JARDIM NOVO MUNDO (2)
74703210	SEGURO	MARTINS	VILA MARTINS	1	1	0	0	100.0	VILA MARTINS (1)			VILA MARTINS (1)
74703220	SEGURO	MARTINS	VILA MARTINS	3	3	0	0	100.0	VILA MARTINS (3)			VILA MARTINS (3)
74703230	SEGURO	MARTINS	VILA MARTINS	1	1	0	0	100.0	VILA MARTINS (1)			VILA MARTINS (1)
74703300	SEGURO	CALIFORNIA PARQUE INDUSTRIAL	JARDIM CALIFÓRNIA PARQUE INDUSTRIAL	1	1	0	0	100.0	JARDIM CALIFÓRNIA PARQUE INDUSTRIAL (1)			JARDIM CALIFÓRNIA PARQUE INDUSTRIAL (1)
74705010	SEGURO	NOVO MUNDO	JARDIM NOVO MUNDO	7	7	0	0	57.14	JARDIM NOVO MUNDO (4) | Jardim Novo Mundo (3)			JARDIM NOVO MUNDO (4) | Jardim Novo Mundo (3)
74705015	SEGURO	NOVO MUNDO	JARDIM NOVO MUNDO	1	1	0	0	100.0	JARDIM NOVO MUNDO (1)			JARDIM NOVO MUNDO (1)
74705020	SEGURO	NOVO MUNDO	JARDIM NOVO MUNDO	9	9	0	0	66.67	JARDIM NOVO MUNDO (6) | Jardim Novo Mundo (3)			JARDIM NOVO MUNDO (6) | Jardim Novo Mundo (3)
74705040	SEGURO	NOVO MUNDO	Jardim Novo Mundo	3	3	0	0	66.67	Jardim Novo Mundo (2) | JARDIM NOVO MUNDO (1)			Jardim Novo Mundo (2) | JARDIM NOVO MUNDO (1)
74705050	SEGURO	NOVO MUNDO	JARDIM NOVO MUNDO	15	15	0	0	93.33	JARDIM NOVO MUNDO (14) | JARDIM  NOVO MUNDO (1)			JARDIM NOVO MUNDO (14) | JARDIM  NOVO MUNDO (1)
74705070	SEGURO	NOVO MUNDO	JARDIM NOVO MUNDO	5	5	0	0	100.0	JARDIM NOVO MUNDO (5)			JARDIM NOVO MUNDO (5)
74705080	SEGURO	NOVO MUNDO	JARDIM NOVO MUNDO	2	2	0	0	100.0	JARDIM NOVO MUNDO (2)			JARDIM NOVO MUNDO (2)
74705100	SEGURO	NOVO MUNDO	JARDIM NOVO MUNDO	7	7	0	0	100.0	JARDIM NOVO MUNDO (7)			JARDIM NOVO MUNDO (7)
74705110	SEGURO	NOVO MUNDO	JARDIM NOVO MUNDO	6	6	0	0	83.33	JARDIM NOVO MUNDO (5) | Jardim Novo Mundo (1)			JARDIM NOVO MUNDO (5) | Jardim Novo Mundo (1)
74705120	SEGURO	NOVO MUNDO	JARDIM NOVO MUNDO	4	4	0	0	50.0	JARDIM NOVO MUNDO (2) | Jardim Novo Mundo (2)			JARDIM NOVO MUNDO (2) | Jardim Novo Mundo (2)
74705130	SEGURO	NOVO MUNDO	JARDIM NOVO MUNDO	6	6	0	0	83.33	JARDIM NOVO MUNDO (5) | Jardim Novo Mundo (1)			JARDIM NOVO MUNDO (5) | Jardim Novo Mundo (1)
74705140	SEGURO	NOVO MUNDO	JARDIM NOVO MUNDO	14	14	0	0	71.43	JARDIM NOVO MUNDO (10) | Jardim Novo Mundo (4)			JARDIM NOVO MUNDO (10) | Jardim Novo Mundo (4)
74705150	SEGURO	NOVO MUNDO	JARDIM NOVO MUNDO	17	17	0	0	94.12	JARDIM NOVO MUNDO (16) | Jardim Novo Mundo (1)			JARDIM NOVO MUNDO (16) | Jardim Novo Mundo (1)
74705160	SEGURO	NOVO MUNDO	JARDIM NOVO MUNDO	4	4	0	0	75.0	JARDIM NOVO MUNDO (3) | Jardim Novo Mundo (1)			JARDIM NOVO MUNDO (3) | Jardim Novo Mundo (1)
74705170	SEGURO	NOVO MUNDO	JARDIM NOVO MUNDO	16	16	0	0	75.0	JARDIM NOVO MUNDO (12) | Jardim Novo Mundo (4)			JARDIM NOVO MUNDO (12) | Jardim Novo Mundo (4)
74705180	SEGURO	NOVO MUNDO	JARDIM NOVO MUNDO	5	5	0	0	80.0	JARDIM NOVO MUNDO (4) | Jardim Novo Mundo (1)			JARDIM NOVO MUNDO (4) | Jardim Novo Mundo (1)
74705190	SEGURO	NOVO MUNDO	JARDIM NOVO MUNDO	1	1	0	0	100.0	JARDIM NOVO MUNDO (1)			JARDIM NOVO MUNDO (1)
74705200	SEGURO	NOVO MUNDO	JARDIM NOVO MUNDO	3	3	0	0	100.0	JARDIM NOVO MUNDO (3)			JARDIM NOVO MUNDO (3)
74705210	SEGURO	NOVO MUNDO	JARDIM NOVO MUNDO	1	1	0	0	100.0	JARDIM NOVO MUNDO (1)			JARDIM NOVO MUNDO (1)
74705220	SEGURO	NOVO MUNDO	JARDIM NOVO MUNDO	9	9	0	0	88.89	JARDIM NOVO MUNDO (8) | Jardim Novo Mundo (1)			JARDIM NOVO MUNDO (8) | Jardim Novo Mundo (1)
74705230	SEGURO	NOVO MUNDO	Jardim Novo Mundo	3	3	0	0	66.67	Jardim Novo Mundo (2) | JARDIM NOVO MUNDO (1)			Jardim Novo Mundo (2) | JARDIM NOVO MUNDO (1)
74705240	BLOQUEADO	NOVO MUNDO	JARDIM NOVO MUNDO	7	6	0	1	57.14	JARDIM NOVO MUNDO (4) | Jardim Novo Mundo (2)		JD. NOVO MUNDO (1) [71.43%]	JARDIM NOVO MUNDO (4) | Jardim Novo Mundo (2) | JD. NOVO MUNDO (1)
74705250	SEGURO	NOVO MUNDO	JARDIM NOVO MUNDO	1	1	0	0	100.0	JARDIM NOVO MUNDO (1)			JARDIM NOVO MUNDO (1)
74705270	SEGURO	NOVO MUNDO	JARDIM NOVO MUNDO	1	1	0	0	100.0	JARDIM NOVO MUNDO (1)			JARDIM NOVO MUNDO (1)
74705280	SEGURO	NOVO MUNDO	JARDIM NOVO MUNDO	4	4	0	0	100.0	JARDIM NOVO MUNDO (4)			JARDIM NOVO MUNDO (4)
74705290	SEGURO	NOVO MUNDO	JARDIM NOVO MUNDO	3	3	0	0	100.0	JARDIM NOVO MUNDO (3)			JARDIM NOVO MUNDO (3)
74705300	SEGURO	NOVO MUNDO	JARDIM NOVO MUNDO	3	3	0	0	66.67	JARDIM NOVO MUNDO (2) | Jardim Novo Mundo (1)			JARDIM NOVO MUNDO (2) | Jardim Novo Mundo (1)
74705310	SEGURO	NOVO MUNDO	Jardim Novo Mundo	1	1	0	0	100.0	Jardim Novo Mundo (1)			Jardim Novo Mundo (1)
74705340	SEGURO	NOVO MUNDO	JARDIM NOVO MUNDO	3	3	0	0	100.0	JARDIM NOVO MUNDO (3)			JARDIM NOVO MUNDO (3)
74710010	SEGURO	NOVO MUNDO	JARDIM NOVO MUNDO	23	23	0	0	78.26	JARDIM NOVO MUNDO (18) | Jardim Novo Mundo (5)			JARDIM NOVO MUNDO (18) | Jardim Novo Mundo (5)
74710040	SEGURO	NOVO MUNDO	JARDIM NOVO MUNDO	3	3	0	0	100.0	JARDIM NOVO MUNDO (3)			JARDIM NOVO MUNDO (3)
74710050	SEGURO	NOVO MUNDO	JARDIM NOVO MUNDO	16	16	0	0	87.5	JARDIM NOVO MUNDO (14) | Jardim Novo Mundo (2)			JARDIM NOVO MUNDO (14) | Jardim Novo Mundo (2)
74710060	SEGURO	NOVO MUNDO	JARDIM NOVO MUNDO	13	13	0	0	76.92	JARDIM NOVO MUNDO (10) | Jardim Novo Mundo (3)			JARDIM NOVO MUNDO (10) | Jardim Novo Mundo (3)
74710070	SEGURO	NOVO MUNDO	JARDIM NOVO MUNDO	12	12	0	0	75.0	JARDIM NOVO MUNDO (9) | Jardim Novo Mundo (3)			JARDIM NOVO MUNDO (9) | Jardim Novo Mundo (3)
74710080	SEGURO	NOVO MUNDO	JARDIM NOVO MUNDO	8	8	0	0	87.5	JARDIM NOVO MUNDO (7) | Jardim Novo Mundo (1)			JARDIM NOVO MUNDO (7) | Jardim Novo Mundo (1)
74710090	SEGURO	NOVO MUNDO	JARDIM NOVO MUNDO	4	4	0	0	100.0	JARDIM NOVO MUNDO (4)			JARDIM NOVO MUNDO (4)
74710100	SEGURO	NOVO MUNDO	JARDIM NOVO MUNDO	4	4	0	0	75.0	JARDIM NOVO MUNDO (3) | Jardim Novo Mundo (1)			JARDIM NOVO MUNDO (3) | Jardim Novo Mundo (1)
74710110	REVISAR	NOVO MUNDO	JARDIM NOVO MUNDO	9	8	0	1	77.78	JARDIM NOVO MUNDO (7) | Jardim Novo Mundo (1)		JARDIM EMANUELE (1) [10.0%]	JARDIM NOVO MUNDO (7) | JARDIM EMANUELE (1) | Jardim Novo Mundo (1)
74710120	SEGURO	NOVO MUNDO	JARDIM NOVO MUNDO	4	4	0	0	75.0	JARDIM NOVO MUNDO (3) | Jardim Novo Mundo (1)			JARDIM NOVO MUNDO (3) | Jardim Novo Mundo (1)
74710130	SEGURO	NOVO MUNDO	JARDIM NOVO MUNDO	8	8	0	0	87.5	JARDIM NOVO MUNDO (7) | Jardim Novo Mundo (1)			JARDIM NOVO MUNDO (7) | Jardim Novo Mundo (1)
74710140	SEGURO	NOVO MUNDO	JARDIM NOVO MUNDO	3	3	0	0	66.67	JARDIM NOVO MUNDO (2) | Jardim Novo Mundo (1)			JARDIM NOVO MUNDO (2) | Jardim Novo Mundo (1)
74710160	REVISAR	NOVO MUNDO	JARDIM NOVO MUNDO	4	3	0	1	75.0	JARDIM NOVO MUNDO (3)		VILA MARIA LUIZA (1) [18.18%]	JARDIM NOVO MUNDO (3) | VILA MARIA LUIZA (1)
74710170	SEGURO	NOVO MUNDO	Jardim Novo Mundo	1	1	0	0	100.0	Jardim Novo Mundo (1)			Jardim Novo Mundo (1)
74710180	SEGURO	NOVO MUNDO	JARDIM NOVO MUNDO	1	1	0	0	100.0	JARDIM NOVO MUNDO (1)			JARDIM NOVO MUNDO (1)
74710200	SEGURO	NOVO MUNDO	JARDIM NOVO MUNDO	7	7	0	0	100.0	JARDIM NOVO MUNDO (7)			JARDIM NOVO MUNDO (7)
74710210	SEGURO	NOVO MUNDO	JARDIM NOVO MUNDO	2	2	0	0	100.0	JARDIM NOVO MUNDO (2)			JARDIM NOVO MUNDO (2)
74710220	SEGURO	NOVO MUNDO	JARDIM NOVO MUNDO	2	2	0	0	100.0	JARDIM NOVO MUNDO (2)			JARDIM NOVO MUNDO (2)
74710230	SEGURO	NOVO MUNDO	JARDIM NOVO MUNDO	2	2	0	0	100.0	JARDIM NOVO MUNDO (2)			JARDIM NOVO MUNDO (2)
74710240	SEGURO	NOVO MUNDO	JARDIM NOVO MUNDO	13	13	0	0	84.62	JARDIM NOVO MUNDO (11) | JARDIM  NOVO MUNDO (1) | Jardim Novo Mundo (1)			JARDIM NOVO MUNDO (11) | JARDIM  NOVO MUNDO (1) | Jardim Novo Mundo (1)
74710250	SEGURO	NOVO MUNDO	JARDIM NOVO MUNDO	2	2	0	0	100.0	JARDIM NOVO MUNDO (2)			JARDIM NOVO MUNDO (2)
74710260	REVISAR	NOVO MUNDO	JARDIM NOVO MUNDO	115	111	0	4	92.17	JARDIM NOVO MUNDO (106) | Jardim Novo Mundo (5)		JARDIM EMANUELI (1) [10.0%] | JARDIM NOVO MUNDO 3 (1) [83.33%] | JD. EMANUELLE / NOVO MUNDO (1) [40.0%] | RESID. EMANUELLI / JARDIM NOVO MUNDO (1) [33.33%]	JARDIM NOVO MUNDO (106) | Jardim Novo Mundo (5) | JARDIM EMANUELI (1) | JARDIM NOVO MUNDO 3 (1) | JD. EMANUELLE / NOVO MUNDO (1) | RESID. EMANUELLI / JARDIM NOVO MUNDO (1)
74710263	SEGURO	NOVO MUNDO	JARDIM NOVO MUNDO	1	1	0	0	100.0	JARDIM NOVO MUNDO (1)			JARDIM NOVO MUNDO (1)
74710264	SEGURO	NOVO MUNDO	JARDIM NOVO MUNDO	1	1	0	0	100.0	JARDIM NOVO MUNDO (1)			JARDIM NOVO MUNDO (1)
74710265	SEGURO	NOVO MUNDO	JARDIM NOVO MUNDO	1	1	0	0	100.0	JARDIM NOVO MUNDO (1)			JARDIM NOVO MUNDO (1)
74710267	SEGURO	NOVO MUNDO	JARDIM NOVO MUNDO	3	3	0	0	100.0	JARDIM NOVO MUNDO (3)			JARDIM NOVO MUNDO (3)
74710268	SEGURO	NOVO MUNDO	Jardim novo mundo	1	1	0	0	100.0	Jardim novo mundo (1)			Jardim novo mundo (1)
74710302	SEGURO	NOVO MUNDO	JARDIM NOVO MUNDO	1	1	0	0	100.0	JARDIM NOVO MUNDO (1)			JARDIM NOVO MUNDO (1)
74710304	SEGURO	NOVO MUNDO	JARDIM NOVO MUNDO	2	2	0	0	100.0	JARDIM NOVO MUNDO (2)			JARDIM NOVO MUNDO (2)
74710320	SEGURO	NOVO MUNDO	JARDIM NOVO MUNDO	4	4	0	0	100.0	JARDIM NOVO MUNDO (4)			JARDIM NOVO MUNDO (4)
74710360	SEGURO	NOVO MUNDO	JARDIM NOVO MUNDO	15	15	0	0	73.33	JARDIM NOVO MUNDO (11) | Jardim Novo Mundo (3) | JARDIM  NOVO MUNDO (1)			JARDIM NOVO MUNDO (11) | Jardim Novo Mundo (3) | JARDIM  NOVO MUNDO (1)
74710370	SEGURO	NOVO MUNDO	Jardim Novo Mundo	1	1	0	0	100.0	Jardim Novo Mundo (1)			Jardim Novo Mundo (1)
74710375	SEGURO	NOVO MUNDO	Jardim Novo Mundo	1	1	0	0	100.0	Jardim Novo Mundo (1)			Jardim Novo Mundo (1)
74710380	SEGURO	NOVO MUNDO	JARDIM NOVO MUNDO	6	6	0	0	100.0	JARDIM NOVO MUNDO (6)			JARDIM NOVO MUNDO (6)
74710400	SEGURO	NOVO MUNDO	JARDIM NOVO MUNDO	8	8	0	0	87.5	JARDIM NOVO MUNDO (7) | Jardim Novo Mundo (1)			JARDIM NOVO MUNDO (7) | Jardim Novo Mundo (1)
74710420	SEGURO	NOVO MUNDO	JARDIM NOVO MUNDO	1	1	0	0	100.0	JARDIM NOVO MUNDO (1)			JARDIM NOVO MUNDO (1)
74710430	SEGURO	NOVO MUNDO	Jardim Novo Mundo	1	1	0	0	100.0	Jardim Novo Mundo (1)			Jardim Novo Mundo (1)
74710450	SEGURO	NOVO MUNDO	JARDIM NOVO MUNDO	2	2	0	0	50.0	JARDIM NOVO MUNDO (1) | Jardim Novo Mundo (1)			JARDIM NOVO MUNDO (1) | Jardim Novo Mundo (1)
74710460	SEGURO	NOVO MUNDO	JARDIM NOVO MUNDO	1	1	0	0	100.0	JARDIM NOVO MUNDO (1)			JARDIM NOVO MUNDO (1)
74710470	SEGURO	NOVO MUNDO	JARDIM NOVO MUNDO	7	7	0	0	100.0	JARDIM NOVO MUNDO (7)			JARDIM NOVO MUNDO (7)
74711010	SEGURO	BANDEIRANTES	VILA BANDEIRANTES	2	2	0	0	100.0	VILA BANDEIRANTES (2)			VILA BANDEIRANTES (2)
74711020	BLOQUEADO	BANDEIRANTE	VILA BANDEIRANTE	3	2	0	1	66.67	VILA BANDEIRANTE (2)		JARDIM NOVO MUNDO (1) [9.09%]	VILA BANDEIRANTE (2) | JARDIM NOVO MUNDO (1)
74711040	SEGURO	NOVO MUNDO	JARDIM NOVO MUNDO	1	1	0	0	100.0	JARDIM NOVO MUNDO (1)			JARDIM NOVO MUNDO (1)
74711507	SEGURO	AGUA BRANCA	ÁGUA BRANCA	1	1	0	0	100.0	ÁGUA BRANCA (1)			ÁGUA BRANCA (1)
74713080	SEGURO	ROMANA	VILA ROMANA	1	1	0	0	100.0	VILA ROMANA (1)			VILA ROMANA (1)
74713110	SEGURO	NOVO MUNDO	JARDIM NOVO MUNDO	1	1	0	0	100.0	JARDIM NOVO MUNDO (1)			JARDIM NOVO MUNDO (1)
74713189	SEGURO	NOVO MUNDO	JARDIM NOVO MUNDO	1	1	0	0	100.0	JARDIM NOVO MUNDO (1)			JARDIM NOVO MUNDO (1)
74713190	SEGURO	NOVO MUNDO	JARDIM NOVO MUNDO	2	2	0	0	100.0	JARDIM NOVO MUNDO (2)			JARDIM NOVO MUNDO (2)
74713200	SEGURO	NOVO MUNDO	JARDIM NOVO MUNDO	8	8	0	0	100.0	JARDIM NOVO MUNDO (8)			JARDIM NOVO MUNDO (8)
74713210	SEGURO	NOVO MUNDO	JARDIM NOVO MUNDO	17	17	0	0	94.12	JARDIM NOVO MUNDO (16) | Jardim Novo Mundo (1)			JARDIM NOVO MUNDO (16) | Jardim Novo Mundo (1)
74713240	SEGURO	NOVO MUNDO	JARDIM NOVO MUNDO	5	5	0	0	80.0	JARDIM NOVO MUNDO (4) | Jardim Novo Mundo (1)			JARDIM NOVO MUNDO (4) | Jardim Novo Mundo (1)
74713250	SEGURO	NOVO MUNDO	JARDIM NOVO MUNDO	8	8	0	0	75.0	JARDIM NOVO MUNDO (6) | Jardim Novo Mundo (2)			JARDIM NOVO MUNDO (6) | Jardim Novo Mundo (2)
74713280	SEGURO	NOVO MUNDO	JARDIM NOVO MUNDO	6	6	0	0	100.0	JARDIM NOVO MUNDO (6)			JARDIM NOVO MUNDO (6)
74713290	SEGURO	NOVO MUNDO	JARDIM NOVO MUNDO	2	2	0	0	50.0	JARDIM NOVO MUNDO (1) | Jardim Novo Mundo (1)			JARDIM NOVO MUNDO (1) | Jardim Novo Mundo (1)
74713300	SEGURO	NOVO MUNDO	JARDIM NOVO MUNDO	1	1	0	0	100.0	JARDIM NOVO MUNDO (1)			JARDIM NOVO MUNDO (1)
74713330	SEGURO	NOVO MUNDO	JARDIM NOVO MUNDO	3	3	0	0	66.67	JARDIM NOVO MUNDO (2) | Jardim Novo Mundo (1)			JARDIM NOVO MUNDO (2) | Jardim Novo Mundo (1)
74713360	SEGURO	NOVO MUNDO	JARDIM NOVO MUNDO	1	1	0	0	100.0	JARDIM NOVO MUNDO (1)			JARDIM NOVO MUNDO (1)
74713380	SEGURO	NOVO MUNDO	JARDIM NOVO MUNDO	3	3	0	0	100.0	JARDIM NOVO MUNDO (3)			JARDIM NOVO MUNDO (3)
74713390	SEGURO	NOVO MUNDO	JARDIM NOVO MUNDO	1	1	0	0	100.0	JARDIM NOVO MUNDO (1)			JARDIM NOVO MUNDO (1)
74713420	SEGURO	NOVO MUNDO	JARDIM NOVO MUNDO	6	6	0	0	100.0	JARDIM NOVO MUNDO (6)			JARDIM NOVO MUNDO (6)
74713440	BLOQUEADO	NOVO MUNDO	JARDIM NOVO MUNDO	7	6	0	1	71.43	JARDIM NOVO MUNDO (5) | Jardim Novo Mundo (1)		RESIDENCIAL JARDIM EMANUELE (1) [14.81%]	JARDIM NOVO MUNDO (5) | Jardim Novo Mundo (1) | RESIDENCIAL JARDIM EMANUELE (1)
74715010	SEGURO	NOVO MUNDO	JARDIM NOVO MUNDO	5	5	0	0	100.0	JARDIM NOVO MUNDO (5)			JARDIM NOVO MUNDO (5)
74715020	SEGURO	NOVO MUNDO	JARDIM NOVO MUNDO	1	1	0	0	100.0	JARDIM NOVO MUNDO (1)			JARDIM NOVO MUNDO (1)
74715040	SEGURO	NOVO MUNDO	JARDIM NOVO MUNDO	7	7	0	0	71.43	JARDIM NOVO MUNDO (5) | Jardim Novo Mundo (2)			JARDIM NOVO MUNDO (5) | Jardim Novo Mundo (2)
74715060	SEGURO	NOVO MUNDO	JARDIM NOVO MUNDO	2	2	0	0	100.0	JARDIM NOVO MUNDO (2)			JARDIM NOVO MUNDO (2)
74715070	SEGURO	NOVO MUNDO	Jardim Novo Mundo	1	1	0	0	100.0	Jardim Novo Mundo (1)			Jardim Novo Mundo (1)
74715080	SEGURO	NOVO MUNDO	JARDIM NOVO MUNDO	5	5	0	0	80.0	JARDIM NOVO MUNDO (4) | Jardim Novo Mundo (1)			JARDIM NOVO MUNDO (4) | Jardim Novo Mundo (1)
74715100	SEGURO	NOVO MUNDO	JARDIM NOVO MUNDO	1	1	0	0	100.0	JARDIM NOVO MUNDO (1)			JARDIM NOVO MUNDO (1)
74715110	SEGURO	NOVO MUNDO	JARDIM NOVO MUNDO	1	1	0	0	100.0	JARDIM NOVO MUNDO (1)			JARDIM NOVO MUNDO (1)
74715120	SEGURO	NOVO MUNDO	JARDIM NOVO MUNDO	1	1	0	0	100.0	JARDIM NOVO MUNDO (1)			JARDIM NOVO MUNDO (1)
74715130	SEGURO	NOVO MUNDO	JARDIM NOVO MUNDO	1	1	0	0	100.0	JARDIM NOVO MUNDO (1)			JARDIM NOVO MUNDO (1)
74715140	SEGURO	NOVO MUNDO	JARDIM NOVO MUNDO	5	5	0	0	80.0	JARDIM NOVO MUNDO (4) | Jardim Novo Mundo (1)			JARDIM NOVO MUNDO (4) | Jardim Novo Mundo (1)
74715160	SEGURO	NOVO MUNDO	JARDIM NOVO MUNDO	10	10	0	0	70.0	JARDIM NOVO MUNDO (7) | Jardim Novo Mundo (3)			JARDIM NOVO MUNDO (7) | Jardim Novo Mundo (3)
74715170	SEGURO	NOVO MUNDO	JARDIM NOVO MUNDO	1	1	0	0	100.0	JARDIM NOVO MUNDO (1)			JARDIM NOVO MUNDO (1)
74715190	SEGURO	CALIFORNIA	JARDIM CALIFORNIA	1	1	0	0	100.0	JARDIM CALIFORNIA (1)			JARDIM CALIFORNIA (1)
74715200	SEGURO	NOVO MUNDO	Jardim Novo Mundo	1	1	0	0	100.0	Jardim Novo Mundo (1)			Jardim Novo Mundo (1)
74715210	SEGURO	NOVO MUNDO	JARDIM NOVO MUNDO	4	4	0	0	75.0	JARDIM NOVO MUNDO (3) | Jardim Novo Mundo (1)			JARDIM NOVO MUNDO (3) | Jardim Novo Mundo (1)
74715230	SEGURO	NOVO MUNDO	JARDIM NOVO MUNDO	3	3	0	0	66.67	JARDIM NOVO MUNDO (2) | Jardim Novo Mundo (1)			JARDIM NOVO MUNDO (2) | Jardim Novo Mundo (1)
74715240	SEGURO	NOVO MUNDO	JARDIM NOVO MUNDO	2	2	0	0	50.0	JARDIM NOVO MUNDO (1) | Jardim Novo Mundo (1)			JARDIM NOVO MUNDO (1) | Jardim Novo Mundo (1)
74715250	SEGURO	NOVO MUNDO	JARDIM NOVO MUNDO	2	2	0	0	100.0	JARDIM NOVO MUNDO (2)			JARDIM NOVO MUNDO (2)
74715260	SEGURO	NOVO MUNDO	JARDIM NOVO MUNDO	8	8	0	0	87.5	JARDIM NOVO MUNDO (7) | Jardim Novo Mundo (1)			JARDIM NOVO MUNDO (7) | Jardim Novo Mundo (1)
74715270	SEGURO	NOVO MUNDO	JARDIM NOVO MUNDO	4	4	0	0	50.0	JARDIM NOVO MUNDO (2) | Jardim Novo Mundo (2)			JARDIM NOVO MUNDO (2) | Jardim Novo Mundo (2)
74715280	SEGURO	NOVO MUNDO	JARDIM NOVO MUNDO	3	3	0	0	100.0	JARDIM NOVO MUNDO (3)			JARDIM NOVO MUNDO (3)
74715300	SEGURO	NOVO MUNDO	JARDIM NOVO MUNDO	1	1	0	0	100.0	JARDIM NOVO MUNDO (1)			JARDIM NOVO MUNDO (1)
74715310	SEGURO	NOVO MUNDO	Jardim Novo Mundo	1	1	0	0	100.0	Jardim Novo Mundo (1)			Jardim Novo Mundo (1)
74715320	SEGURO	NOVO MUNDO	JARDIM NOVO MUNDO	1	1	0	0	100.0	JARDIM NOVO MUNDO (1)			JARDIM NOVO MUNDO (1)
74715340	SEGURO	NOVO MUNDO	JARDIM NOVO MUNDO	2	2	0	0	100.0	JARDIM NOVO MUNDO (2)			JARDIM NOVO MUNDO (2)
74715370	SEGURO	NOVO MUNDO	JARDIM NOVO MUNDO	1	1	0	0	100.0	JARDIM NOVO MUNDO (1)			JARDIM NOVO MUNDO (1)
74715380	SEGURO	NOVO MUNDO	JARDIM NOVO MUNDO	6	6	0	0	100.0	JARDIM NOVO MUNDO (6)			JARDIM NOVO MUNDO (6)
74715400	SEGURO	NOVO MUNDO	JARDIM NOVO MUNDO	5	5	0	0	100.0	JARDIM NOVO MUNDO (5)			JARDIM NOVO MUNDO (5)
74715410	SEGURO	NOVO MUNDO	JARDIM NOVO MUNDO	1	1	0	0	100.0	JARDIM NOVO MUNDO (1)			JARDIM NOVO MUNDO (1)
74715415	SEGURO	NOVO MUNDO	JARDIM NOVO MUNDO	1	1	0	0	100.0	JARDIM NOVO MUNDO (1)			JARDIM NOVO MUNDO (1)
74715420	SEGURO	NOVO MUNDO	JARDIM NOVO MUNDO	1	1	0	0	100.0	JARDIM NOVO MUNDO (1)			JARDIM NOVO MUNDO (1)
74715430	SEGURO	NOVO MUNDO	JARDIM NOVO MUNDO	2	2	0	0	100.0	JARDIM NOVO MUNDO (2)			JARDIM NOVO MUNDO (2)
74715440	SEGURO	NOVO MUNDO	JARDIM NOVO MUNDO	2	2	0	0	50.0	JARDIM NOVO MUNDO (1) | Jardim Novo Mundo (1)			JARDIM NOVO MUNDO (1) | Jardim Novo Mundo (1)
74715450	SEGURO	NOVO MUNDO	Jardim Novo Mundo	1	1	0	0	100.0	Jardim Novo Mundo (1)			Jardim Novo Mundo (1)
74715470	SEGURO	NOVO MUNDO	JARDIM NOVO MUNDO	1	1	0	0	100.0	JARDIM NOVO MUNDO (1)			JARDIM NOVO MUNDO (1)
74715480	SEGURO	NOVO MUNDO	JARDIM NOVO MUNDO	2	2	0	0	100.0	JARDIM NOVO MUNDO (2)			JARDIM NOVO MUNDO (2)
74715490	SEGURO	NOVO MUNDO	JARDIM NOVO MUNDO	2	2	0	0	100.0	JARDIM NOVO MUNDO (2)			JARDIM NOVO MUNDO (2)
74715500	SEGURO	NOVO MUNDO	JARDIM NOVO MUNDO	1	1	0	0	100.0	JARDIM NOVO MUNDO (1)			JARDIM NOVO MUNDO (1)
74715550	SEGURO	NOVO MUNDO	JARDIM NOVO MUNDO	7	7	0	0	57.14	JARDIM NOVO MUNDO (4) | Jardim Novo Mundo (3)			JARDIM NOVO MUNDO (4) | Jardim Novo Mundo (3)
74715560	SEGURO	NOVO MUNDO	JARDIM NOVO MUNDO	1	1	0	0	100.0	JARDIM NOVO MUNDO (1)			JARDIM NOVO MUNDO (1)
74715580	SEGURO	NOVO MUNDO	JARDIM NOVO MUNDO	2	2	0	0	100.0	JARDIM NOVO MUNDO (2)			JARDIM NOVO MUNDO (2)
74715590	SEGURO	NOVO MUNDO	JARDIM NOVO MUNDO	9	9	0	0	66.67	JARDIM NOVO MUNDO (6) | Jardim Novo Mundo (3)			JARDIM NOVO MUNDO (6) | Jardim Novo Mundo (3)
74715640	SEGURO	NOVO MUNDO	Jardim Novo Mundo	1	1	0	0	100.0	Jardim Novo Mundo (1)			Jardim Novo Mundo (1)
74720140	SEGURO	MARIA LUIZA	VILA MARIA LUIZA	3	3	0	0	100.0	VILA MARIA LUIZA (3)			VILA MARIA LUIZA (3)
74720160	SEGURO	MARIA LUIZA	VILA MARIA LUIZA	2	2	0	0	100.0	VILA MARIA LUIZA (2)			VILA MARIA LUIZA (2)
74720170	SEGURO	MARIA LUIZ	VILA MARIA LUIZ	1	1	0	0	100.0	VILA MARIA LUIZ (1)			VILA MARIA LUIZ (1)
74720180	SEGURO	MARIA LUIZA	VILA MARIA LUIZA	2	2	0	0	100.0	VILA MARIA LUIZA (2)			VILA MARIA LUIZA (2)
74720200	SEGURO	MARIA LUIZA	VILA MARIA LUIZA	5	5	0	0	80.0	VILA MARIA LUIZA (4) | MARIA LUIZA (1)			VILA MARIA LUIZA (4) | MARIA LUIZA (1)
74720210	SEGURO	MARIA LUIZA	VILA MARIA LUIZA	4	4	0	0	75.0	VILA MARIA LUIZA (3) | Vila Maria Luiza (1)			VILA MARIA LUIZA (3) | Vila Maria Luiza (1)
74720220	SEGURO	MARIA LUIZA	VILA MARIA LUIZA	1	1	0	0	100.0	VILA MARIA LUIZA (1)			VILA MARIA LUIZA (1)
74720240	SEGURO	MARIA LUIZA	VILA MARIA LUIZA	2	2	0	0	100.0	VILA MARIA LUIZA (2)			VILA MARIA LUIZA (2)
74720250	SEGURO	MARIA LUIZA	VILA MARIA LUIZA	3	3	0	0	100.0	VILA MARIA LUIZA (3)			VILA MARIA LUIZA (3)
74720260	SEGURO	MARIA LUIZA	VILA MARIA LUIZA	5	5	0	0	80.0	VILA MARIA LUIZA (4) | Vila Maria Luiza (1)			VILA MARIA LUIZA (4) | Vila Maria Luiza (1)
74720280	SEGURO	MARIA LUIZA	VILA MARIA LUIZA	5	5	0	0	100.0	VILA MARIA LUIZA (5)			VILA MARIA LUIZA (5)
74723010	SEGURO	AGUA BRANCA	ÁGUA BRANCA	3	3	0	0	100.0	ÁGUA BRANCA (3)			ÁGUA BRANCA (3)
74723035	SEGURO	NOVO MUNDO	JARDIM NOVO MUNDO	1	1	0	0	100.0	JARDIM NOVO MUNDO (1)			JARDIM NOVO MUNDO (1)
74723060	SEGURO	AGUA BRANCA	AGUA BRANCA	1	1	0	0	100.0	AGUA BRANCA (1)			AGUA BRANCA (1)
74723100	BLOQUEADO	AGUA BRANCA	ÁGUA BRANCA	2	1	0	1	50.0	ÁGUA BRANCA (1)		JARDIM BRASIL (1) [27.27%]	ÁGUA BRANCA (1) | JARDIM BRASIL (1)
74723110	SEGURO	AGUA BRANCA	AGUA BRANCA	2	2	0	0	50.0	AGUA BRANCA (1) | ÁGUA BRANCA (1)			AGUA BRANCA (1) | ÁGUA BRANCA (1)
74723150	SEGURO	AGUA BRANCA	Água Branca	1	1	0	0	100.0	Água Branca (1)			Água Branca (1)
74723180	SEGURO	AGUA BRANCA	ÁGUA BRANCA	1	1	0	0	100.0	ÁGUA BRANCA (1)			ÁGUA BRANCA (1)
74723190	SEGURO	AGUA BRANCA	ÁGUA BRANCA	1	1	0	0	100.0	ÁGUA BRANCA (1)			ÁGUA BRANCA (1)
74723200	SEGURO	AGUA BRANCA	ÁGUA BRANCA	3	3	0	0	100.0	ÁGUA BRANCA (3)			ÁGUA BRANCA (3)
74723210	SEGURO	AGUA BRANCA	AGUA BRANCA	1	1	0	0	100.0	AGUA BRANCA (1)			AGUA BRANCA (1)
74723230	SEGURO	AGUA BRANCA	ÁGUA BRANCA	2	2	0	0	50.0	ÁGUA BRANCA (1) | Água Branca (1)			ÁGUA BRANCA (1) | Água Branca (1)
74723240	SEGURO	AGUA BRANCA	ÁGUA BRANCA	1	1	0	0	100.0	ÁGUA BRANCA (1)			ÁGUA BRANCA (1)
74723270	SEGURO	AGUA BRANCA	ÁGUA BRANCA	1	1	0	0	100.0	ÁGUA BRANCA (1)			ÁGUA BRANCA (1)
74723280	SEGURO	AGUA BRANCA	AGUA BRANCA	1	1	0	0	100.0	AGUA BRANCA (1)			AGUA BRANCA (1)
74723290	SEGURO	AGUA BRANCA	ÁGUA BRANCA	9	9	0	0	66.67	ÁGUA BRANCA (6) | AGUA BRANCA (2) | Água Branca (1)			ÁGUA BRANCA (6) | AGUA BRANCA (2) | Água Branca (1)
74723300	SEGURO	AGUA BRANCA	ÁGUA BRANCA	3	3	0	0	66.67	ÁGUA BRANCA (2) | AGUA BRANCA (1)			ÁGUA BRANCA (2) | AGUA BRANCA (1)
74723310	SEGURO	AGUA BRANCA	ÁGUA BRANCA	1	1	0	0	100.0	ÁGUA BRANCA (1)			ÁGUA BRANCA (1)
74723330	SEGURO	AGUA BRANCA	ÁGUA BRANCA	3	3	0	0	66.67	ÁGUA BRANCA (2) | AGUA BRANCA (1)			ÁGUA BRANCA (2) | AGUA BRANCA (1)
74723350	SEGURO	AGUA BRANCA	AGUA BRANCA	2	2	0	0	50.0	AGUA BRANCA (1) | ÁGUA BRANCA (1)			AGUA BRANCA (1) | ÁGUA BRANCA (1)
74730110	SEGURO	CONJUNTO RIVIERA	CONJUNTO RIVIERA	1	1	0	0	100.0	CONJUNTO RIVIERA (1)			CONJUNTO RIVIERA (1)
74730120	SEGURO	CONJUNTO RIVIERA	Conjunto Riviera	3	3	0	0	66.67	Conjunto Riviera (2) | CONJUNTO RIVIERA (1)			Conjunto Riviera (2) | CONJUNTO RIVIERA (1)
74730130	SEGURO	CONJUNTO RIVIERA	Conjunto Riviera	1	1	0	0	100.0	Conjunto Riviera (1)			Conjunto Riviera (1)
74730140	BLOQUEADO	CONJUNTO RIVIEIRA	CONJUNTO RIVIEIRA	2	1	1	0	50.0	CONJUNTO RIVIEIRA (1)	CONJUNTO RIVIERA (1) [94.12%]		CONJUNTO RIVIEIRA (1) | CONJUNTO RIVIERA (1)
74730150	SEGURO	CONJUNTO RIVIERA	CONJUNTO RIVIERA	1	1	0	0	100.0	CONJUNTO RIVIERA (1)			CONJUNTO RIVIERA (1)
74730200	SEGURO	CONJUNTO RIVIERA	CONJUNTO RIVIERA	1	1	0	0	100.0	CONJUNTO RIVIERA (1)			CONJUNTO RIVIERA (1)
74730210	SEGURO	CONJUNTO RIVIERA	Conjunto Riviera	1	1	0	0	100.0	Conjunto Riviera (1)			Conjunto Riviera (1)
74730250	SEGURO	CONJUNTO RIVIERA	CONJUNTO RIVIERA	2	2	0	0	50.0	CONJUNTO RIVIERA (1) | Conjunto Riviera (1)			CONJUNTO RIVIERA (1) | Conjunto Riviera (1)
74730270	SEGURO	CONJUNTO RIVIERA	CONJUNTO RIVIERA	2	2	0	0	100.0	CONJUNTO RIVIERA (2)			CONJUNTO RIVIERA (2)
74730280	SEGURO	CONJUNTO RIVIERA	CONJUNTO RIVIERA	1	1	0	0	100.0	CONJUNTO RIVIERA (1)			CONJUNTO RIVIERA (1)
74730290	SEGURO	CONJUNTO RIVIERA	CONJUNTO RIVIERA	1	1	0	0	100.0	CONJUNTO RIVIERA (1)			CONJUNTO RIVIERA (1)
74730320	SEGURO	BRASIL	Jardim Brasil	2	2	0	0	50.0	Jardim Brasil (1) | JARDIM BRASIL (1)			Jardim Brasil (1) | JARDIM BRASIL (1)
74730330	SEGURO	BRASIL	JARDIM BRASIL	1	1	0	0	100.0	JARDIM BRASIL (1)			JARDIM BRASIL (1)
74730350	SEGURO	BRASIL	JARDIM BRASIL	1	1	0	0	100.0	JARDIM BRASIL (1)			JARDIM BRASIL (1)
74730360	SEGURO	BRASIL	JARDIM BRASIL	2	2	0	0	50.0	JARDIM BRASIL (1) | Jardim Brasil (1)			JARDIM BRASIL (1) | Jardim Brasil (1)
74730370	SEGURO	BRASIL	JARDIM BRASIL	2	2	0	0	100.0	JARDIM BRASIL (2)			JARDIM BRASIL (2)
74730420	SEGURO	BRASIL	JARDIM BRASIL	1	1	0	0	100.0	JARDIM BRASIL (1)			JARDIM BRASIL (1)
74730435	SEGURO	BRASIL	JARDIM BRASIL	1	1	0	0	100.0	JARDIM BRASIL (1)			JARDIM BRASIL (1)
74730440	SEGURO	BRASIL	JARDIM BRASIL	3	3	0	0	66.67	JARDIM BRASIL (2) | Jardim Brasil (1)			JARDIM BRASIL (2) | Jardim Brasil (1)
74730460	SEGURO	BRASIL	JARDIM BRASIL	2	2	0	0	50.0	JARDIM BRASIL (1) | Jardim Brasil (1)			JARDIM BRASIL (1) | Jardim Brasil (1)
74730500	SEGURO	SONHO VERDE	SONHO VERDE	1	1	0	0	100.0	SONHO VERDE (1)			SONHO VERDE (1)
74730505	SEGURO	SONHO VERDE	SONHO VERDE	1	1	0	0	100.0	SONHO VERDE (1)			SONHO VERDE (1)
74730510	SEGURO	RESIDENCIAL SONHO VERDE	RESIDENCIAL SONHO VERDE	1	1	0	0	100.0	RESIDENCIAL SONHO VERDE (1)			RESIDENCIAL SONHO VERDE (1)
74730520	SEGURO	RESIDENCIAL SONHO VERDE	RESIDENCIAL SONHO VERDE	3	3	0	0	66.67	RESIDENCIAL SONHO VERDE (2) | Residencial Sonho Verde (1)			RESIDENCIAL SONHO VERDE (2) | Residencial Sonho Verde (1)
74730535	SEGURO	RESIDENCIAL SONHO VERDE	Residencial Sonho Verde	2	2	0	0	100.0	Residencial Sonho Verde (2)			Residencial Sonho Verde (2)
74730560	SEGURO	RESIDENCIAL SONHO VERDE	Residencial Sonho Verde	1	1	0	0	100.0	Residencial Sonho Verde (1)			Residencial Sonho Verde (1)
74734080	SEGURO	CALIFORNIA	JARDIM CALIFORNIA	1	1	0	0	100.0	JARDIM CALIFORNIA (1)			JARDIM CALIFORNIA (1)
74735010	SEGURO	CALIFORNIA	JARDIM CALIFÓRNIA	4	4	0	0	50.0	JARDIM CALIFÓRNIA (2) | JARDIM CALIFORNIA (1) | Jardim Califórnia (1)			JARDIM CALIFÓRNIA (2) | JARDIM CALIFORNIA (1) | Jardim Califórnia (1)
74735020	SEGURO	CALIFORNIA	Jardim Califórnia	1	1	0	0	100.0	Jardim Califórnia (1)			Jardim Califórnia (1)
74735060	SEGURO	CALIFORNIA	JARDIM CALIFÓRNIA	1	1	0	0	100.0	JARDIM CALIFÓRNIA (1)			JARDIM CALIFÓRNIA (1)
74735080	SEGURO	CALIFORNIA	JARDIM CALIFÓRNIA	6	6	0	0	66.67	JARDIM CALIFÓRNIA (4) | JARDIM CALIFORNIA (1) | Jardim Califórnia (1)			JARDIM CALIFÓRNIA (4) | JARDIM CALIFORNIA (1) | Jardim Califórnia (1)
74735100	SEGURO	CALIFORNIA	JARDIM CALIFÓRNIA	1	1	0	0	100.0	JARDIM CALIFÓRNIA (1)			JARDIM CALIFÓRNIA (1)
74735110	SEGURO	CALIFORNIA	JARDIM CALIFORNIA	2	2	0	0	50.0	JARDIM CALIFORNIA (1) | JARDIM CALIFÓRNIA (1)			JARDIM CALIFORNIA (1) | JARDIM CALIFÓRNIA (1)
74735130	SEGURO	CALIFORNIA	JARDIM CALIFÓRNIA	1	1	0	0	100.0	JARDIM CALIFÓRNIA (1)			JARDIM CALIFÓRNIA (1)
74735150	SEGURO	CALIFORNIA	JARDIM CALIFÓRNIA	4	4	0	0	75.0	JARDIM CALIFÓRNIA (3) | Jardim Califórnia (1)			JARDIM CALIFÓRNIA (3) | Jardim Califórnia (1)
74735170	SEGURO	CALIFORNIA	JARDIM CALIFÓRNIA	4	4	0	0	50.0	JARDIM CALIFÓRNIA (2) | Jardim Califórnia (2)			JARDIM CALIFÓRNIA (2) | Jardim Califórnia (2)
74735190	SEGURO	CALIFORNIA	Jardim Califórnia	1	1	0	0	100.0	Jardim Califórnia (1)			Jardim Califórnia (1)
74735320	SEGURO	RESIDENCIAL OLINDA	RESIDENCIAL OLINDA	1	1	0	0	100.0	RESIDENCIAL OLINDA (1)			RESIDENCIAL OLINDA (1)
74735340	SEGURO	RESIDENCIAL OLINDA	Residencial Olinda	1	1	0	0	100.0	Residencial Olinda (1)			Residencial Olinda (1)
74735360	SEGURO	RESIDENCIAL OLINDA	Residencial Olinda	1	1	0	0	100.0	Residencial Olinda (1)			Residencial Olinda (1)
74735370	SEGURO	RESIDENCIAL OLINDA	RESIDENCIAL OLINDA	2	2	0	0	100.0	RESIDENCIAL OLINDA (2)			RESIDENCIAL OLINDA (2)
74735400	SEGURO	RESIDENCIAL OLINDA	RESIDENCIAL OLINDA	4	4	0	0	100.0	RESIDENCIAL OLINDA (4)			RESIDENCIAL OLINDA (4)
74735410	SEGURO	RESIDENCIAL OLINDA	RESIDENCIAL OLINDA	1	1	0	0	100.0	RESIDENCIAL OLINDA (1)			RESIDENCIAL OLINDA (1)
74735440	SEGURO	RESIDENCIAL OLINDA	RESIDENCIAL OLINDA	1	1	0	0	100.0	RESIDENCIAL OLINDA (1)			RESIDENCIAL OLINDA (1)
74735465	SEGURO	RESIDENCIAL VALE DO ARAGUIA	RESIDENCIAL VALE DO ARAGUIA	1	1	0	0	100.0	RESIDENCIAL VALE DO ARAGUIA (1)			RESIDENCIAL VALE DO ARAGUIA (1)
74735500	SEGURO	RESIDENCIAL VALE DO ARAGUAIA	RESIDENCIAL VALE DO ARAGUAIA	2	2	0	0	100.0	RESIDENCIAL VALE DO ARAGUAIA (2)			RESIDENCIAL VALE DO ARAGUAIA (2)
74735525	SEGURO	RESIDENCIAL VALE DO ARAGUAIA	RESIDENCIAL VALE DO ARAGUAIA	1	1	0	0	100.0	RESIDENCIAL VALE DO ARAGUAIA (1)			RESIDENCIAL VALE DO ARAGUAIA (1)
74735545	SEGURO	RESIDENCIAL VALE DO ARAGUAIA	RESIDENCIAL VALE DO ARAGUAIA	1	1	0	0	100.0	RESIDENCIAL VALE DO ARAGUAIA (1)			RESIDENCIAL VALE DO ARAGUAIA (1)
74735560	SEGURO	RESIDENCIAL VALE DO ARAGUAIA	Residencial Vale do Araguaia	1	1	0	0	100.0	Residencial Vale do Araguaia (1)			Residencial Vale do Araguaia (1)
74735586	SEGURO	RESIDENCIAL VALE DO ARAGUAIA	Residencial Vale do Araguaia	1	1	0	0	100.0	Residencial Vale do Araguaia (1)			Residencial Vale do Araguaia (1)
74735590	SEGURO	RESIDENCIAL VALE DO ARAGUAIA	RESIDENCIAL VALE DO ARAGUAIA	1	1	0	0	100.0	RESIDENCIAL VALE DO ARAGUAIA (1)			RESIDENCIAL VALE DO ARAGUAIA (1)
74735651	SEGURO	MARTINS EXTENSAO	VILA MARTINS EXTENSÃO	1	1	0	0	100.0	VILA MARTINS EXTENSÃO (1)			VILA MARTINS EXTENSÃO (1)
74735658	SEGURO	MARTINS EXTENSAO	VILA MARTINS EXTENSÃO	1	1	0	0	100.0	VILA MARTINS EXTENSÃO (1)			VILA MARTINS EXTENSÃO (1)
74740100	SEGURO	CONJUNTO ARUANA I	CONJUNTO ARUANA I	1	1	0	0	100.0	CONJUNTO ARUANA I (1)			CONJUNTO ARUANA I (1)
74740180	BLOQUEADO	CONJUNTO ARUANA I	CONJUNTO ARUANA I	2	1	0	1	50.0	CONJUNTO ARUANA I (1)		CONJUNTO RESIDENCIAL ARUANÃ I (1) [75.0%]	CONJUNTO ARUANA I (1) | CONJUNTO RESIDENCIAL ARUANÃ I (1)
74740200	SEGURO	CONJUNTO RESIDENCIAL ARUANA I	CONJUNTO RESIDENCIAL ARUANÃ I	1	1	0	0	100.0	CONJUNTO RESIDENCIAL ARUANÃ I (1)			CONJUNTO RESIDENCIAL ARUANÃ I (1)
74740250	SEGURO	CONJUNTO ARUANA I	CONJUNTO ARUANA I	1	1	0	0	100.0	CONJUNTO ARUANA I (1)			CONJUNTO ARUANA I (1)
74740280	SEGURO	ARUANA PARK	ARUANÃ PARK	1	1	0	0	100.0	ARUANÃ PARK (1)			ARUANÃ PARK (1)
74740310	SEGURO	CONJUNTO RESIDENCIAL ARUANA II	Conjunto Residencial Aruanã II	1	1	0	0	100.0	Conjunto Residencial Aruanã II (1)			Conjunto Residencial Aruanã II (1)
74740350	SEGURO	VALE DO ARAGUAIA	VALE DO ARAGUAIA	1	1	0	0	100.0	VALE DO ARAGUAIA (1)			VALE DO ARAGUAIA (1)
74740440	BLOQUEADO	CONJUNTO RESIDENCIAL ARUANA III	CONJUNTO RESIDENCIAL ARUANÃ III	2	1	0	1	50.0	CONJUNTO RESIDENCIAL ARUANÃ III (1)		RESIDENCIAL ARUANÃ III (1) [75.0%]	CONJUNTO RESIDENCIAL ARUANÃ III (1) | RESIDENCIAL ARUANÃ III (1)
74740510	SEGURO	SANTA MARIA	PARQUE SANTA MARIA	4	4	0	0	75.0	PARQUE SANTA MARIA (3) | Parque Santa Maria (1)			PARQUE SANTA MARIA (3) | Parque Santa Maria (1)
74740520	SEGURO	BRASIL	JARDIM BRASIL	3	3	0	0	100.0	JARDIM BRASIL (3)			JARDIM BRASIL (3)
74740530	SEGURO	BRASIL	Jardim Brasil	2	2	0	0	100.0	Jardim Brasil (2)			Jardim Brasil (2)
74740545	SEGURO	BRASIL	JARDIM BRASIL	1	1	0	0	100.0	JARDIM BRASIL (1)			JARDIM BRASIL (1)
74740550	SEGURO	BRASIL	Jardim Brasil	1	1	0	0	100.0	Jardim Brasil (1)			Jardim Brasil (1)
74740570	SEGURO	BRASIL	JARDIM BRASIL	1	1	0	0	100.0	JARDIM BRASIL (1)			JARDIM BRASIL (1)
74740623	SEGURO	ARUANA PARK	ARUANÃ PARK	1	1	0	0	100.0	ARUANÃ PARK (1)			ARUANÃ PARK (1)
74740625	SEGURO	LOTEAMENTO ARUANA PARK	Loteamento Aruanã Park	1	1	0	0	100.0	Loteamento Aruanã Park (1)			Loteamento Aruanã Park (1)
74740740	SEGURO	SAO JOSE	SETOR SAO JOSE	1	1	0	0	100.0	SETOR SAO JOSE (1)			SETOR SAO JOSE (1)
74743530	SEGURO	MUTIRAO	VILA MUTIRÃO	2	2	0	0	100.0	VILA MUTIRÃO (2)			VILA MUTIRÃO (2)
74744004	SEGURO	COLORADO	JARDIM COLORADO	1	1	0	0	100.0	JARDIM COLORADO (1)			JARDIM COLORADO (1)
74744083	SEGURO	SAO CARLOS	SÃO CARLOS	1	1	0	0	100.0	SÃO CARLOS (1)			SÃO CARLOS (1)
74746455	SEGURO	COLORADO	JARDIM COLORADO	1	1	0	0	100.0	JARDIM COLORADO (1)			JARDIM COLORADO (1)
74747011	SEGURO	COLORADO	JARDIM COLORADO	1	1	0	0	100.0	JARDIM COLORADO (1)			JARDIM COLORADO (1)
74750490	SEGURO	CAPUAVA	CAPUAVA	1	1	0	0	100.0	CAPUAVA (1)			CAPUAVA (1)
74769765	SEGURO	NOVO MUNDO	JARDIM NOVO MUNDO	1	1	0	0	100.0	JARDIM NOVO MUNDO (1)			JARDIM NOVO MUNDO (1)
74770304	SEGURO	CONCORDIA	VILA CONCÓRDIA	1	1	0	0	100.0	VILA CONCÓRDIA (1)			VILA CONCÓRDIA (1)
74771514	SEGURO	NOVO MUNDO	JARDIM NOVO MUNDO	1	1	0	0	100.0	JARDIM NOVO MUNDO (1)			JARDIM NOVO MUNDO (1)
74785590	SEGURO	RECANTO DAS MINAS GERAIS	SETOR RECANTO DAS MINAS GERAIS	1	1	0	0	100.0	SETOR RECANTO DAS MINAS GERAIS (1)			SETOR RECANTO DAS MINAS GERAIS (1)
74805100	BLOQUEADO	NOVA ESPERANCA	JARDIM NOVA ESPERANÇA	12	3	0	9	25.0	JARDIM NOVA ESPERANÇA (3)		JARDIM NOVO MUNDO (3) [35.71%] | ALBINO BOAVENTURA (1) [17.65%] | CAPUAVA (1) [28.57%] | JARDIM CURITIBA IV (1) [7.14%] | RESIDENCIAL FORTALEZA (1) [19.05%] | VILA MUTIRÃO (1) [14.29%] | VILA MUTIRAO (1) [14.29%]	JARDIM NOVA ESPERANÇA (3) | JARDIM NOVO MUNDO (3) | ALBINO BOAVENTURA (1) | CAPUAVA (1) | JARDIM CURITIBA IV (1) | RESIDENCIAL FORTALEZA (1) | VILA MUTIRÃO (1) | VILA MUTIRAO (1)
74805180	BLOQUEADO	NOVO MUNDO	JARDIM NOVO MUNDO	2	1	0	1	50.0	JARDIM NOVO MUNDO (1)		JARDIM VISTA BELA (1) [0.0%]	JARDIM NOVO MUNDO (1) | JARDIM VISTA BELA (1)
74810030	SEGURO	GOIAS	JARDIM GOIÁS	1	1	0	0	100.0	JARDIM GOIÁS (1)			JARDIM GOIÁS (1)
74810150	SEGURO	AGUA BRANCA	AGUA BRANCA	1	1	0	0	100.0	AGUA BRANCA (1)			AGUA BRANCA (1)
74850580	BLOQUEADO	TREMENDAO	PARQUE TREMENDÃO	2	1	0	1	50.0	PARQUE TREMENDÃO (1)		VALE DOS CARAIBAS (1) [11.76%]	PARQUE TREMENDÃO (1) | VALE DOS CARAIBAS (1)
74860036	SEGURO	VISTA BELA	JARDIM VISTA BELA	1	1	0	0	100.0	JARDIM VISTA BELA (1)			JARDIM VISTA BELA (1)
74860470	SEGURO	VISTA BELA	JARDIM VISTA BELA	1	1	0	0	100.0	JARDIM VISTA BELA (1)			JARDIM VISTA BELA (1)
74885532	SEGURO	DA VITORIA	BAIRRO DA VITÓRIA	1	1	0	0	100.0	BAIRRO DA VITÓRIA (1)			BAIRRO DA VITÓRIA (1)
74885580	SEGURO	DA VITORIA	BAIRRO DA VITÓRIA	1	1	0	0	100.0	BAIRRO DA VITÓRIA (1)			BAIRRO DA VITÓRIA (1)
74911430	SEGURO	BRASILIA	Vila Brasília	1	1	0	0	100.0	Vila Brasília (1)			Vila Brasília (1)
74916040	SEGURO	NOVA ESPERANCA	JARDIM NOVA ESPERANÇA	1	1	0	0	100.0	JARDIM NOVA ESPERANÇA (1)			JARDIM NOVA ESPERANÇA (1)
74944540	SEGURO	BURITI SERENO	JARDIM BURITI SERENO	1	1	0	0	100.0	JARDIM BURITI SERENO (1)			JARDIM BURITI SERENO (1)
74980110	SEGURO	NOVA ESPERANCA	JARDIM NOVA ESPERANÇA	1	1	0	0	100.0	JARDIM NOVA ESPERANÇA (1)			JARDIM NOVA ESPERANÇA (1)
75000000	BLOQUEADO	NOVA ESPERANCA	JARDIM NOVA ESPERANÇA	6	3	0	3	50.0	JARDIM NOVA ESPERANÇA (3)		14 BIS (1) [7.14%] | JARDIM LIBERDADE (1) [14.29%] | SÃO CARLOS (1) [14.29%]	JARDIM NOVA ESPERANÇA (3) | 14 BIS (1) | JARDIM LIBERDADE (1) | SÃO CARLOS (1)
75255430	SEGURO	NOVO MUNDO	JARDIM NOVO MUNDO	1	1	0	0	100.0	JARDIM NOVO MUNDO (1)			JARDIM NOVO MUNDO (1)
75255830	SEGURO	LIBERDADE	JARDIM LIBERDADE	1	1	0	0	100.0	JARDIM LIBERDADE (1)			JARDIM LIBERDADE (1)
75475575	SEGURO	LIBERDADE	JARDIM LIBERDADE	1	1	0	0	100.0	JARDIM LIBERDADE (1)			JARDIM LIBERDADE (1)
75555554	SEGURO	ALBINO BOAVENTURA	ALBINO BOAVENTURA	1	1	0	0	100.0	ALBINO BOAVENTURA (1)			ALBINO BOAVENTURA (1)
75580800	SEGURO	RESIDENCIAL ITAMARACA	RESIDENCIAL ITAMARACA	1	1	0	0	100.0	RESIDENCIAL ITAMARACA (1)			RESIDENCIAL ITAMARACA (1)
75583100	SEGURO	MARIA DILCE	MARIA DILCE	1	1	0	0	100.0	MARIA DILCE (1)			MARIA DILCE (1)
75712460	SEGURO	SAO JOSE	SETOR SAO JOSE	2	2	0	0	50.0	SETOR SAO JOSE (1) | VILA SÃO JOSÉ (1)			SETOR SAO JOSE (1) | VILA SÃO JOSÉ (1)
76465300	SEGURO	NOVA ESPERANCA	JARDIM NOVA ESPERANCA	1	1	0	0	100.0	JARDIM NOVA ESPERANCA (1)			JARDIM NOVA ESPERANCA (1)
76630000	SEGURO	CABRAL	JARDIM CABRAL	1	1	0	0	100.0	JARDIM CABRAL (1)			JARDIM CABRAL (1)
77447702	SEGURO	DA VITORIA	BAIRRO DA VITORIA	1	1	0	0	100.0	BAIRRO DA VITORIA (1)			BAIRRO DA VITORIA (1)
77465170	SEGURO	NOVA ESPERANCA	JARDIM NOVA ESPERANÇA	1	1	0	0	100.0	JARDIM NOVA ESPERANÇA (1)			JARDIM NOVA ESPERANÇA (1)
77710200	SEGURO	NOVO MUNDO	JARDIM NOVO MUNDO	1	1	0	0	100.0	JARDIM NOVO MUNDO (1)			JARDIM NOVO MUNDO (1)
78805180	SEGURO	NOVA ESPERANCA	JARDIM NOVA ESPERANÇA	1	1	0	0	100.0	JARDIM NOVA ESPERANÇA (1)			JARDIM NOVA ESPERANÇA (1)
88370888	SEGURO	NAVEGANTES SC	NAVEGANTES SC	1	1	0	0	100.0	NAVEGANTES SC (1)			NAVEGANTES SC (1)
92265185	SEGURO	JOAO VAZ	VILA JOAO VAZ	1	1	0	0	100.0	VILA JOAO VAZ (1)			VILA JOAO VAZ (1)
92990000	SEGURO	INDUSTRIAL	INDUSTRIAL	1	1	0	0	100.0	INDUSTRIAL (1)			INDUSTRIAL (1)
