cep	clientes	status	bairro_padrao_gravacao	familias	motivo
03387020	1	SEGURO	JARDIM COLORADO	JARDIM COLORADO (1)	Todas as variantes pertencem à mesma família
12174465	1	SEGURO	JARDIM NOVA ESPERANÇA	JARDIM NOVA ESPERANÇA (1)	Todas as variantes pertencem à mesma família
12929662	1	SEGURO	VILA MARIA JOSÉ	VILA MARIA JOSÉ (1)	Todas as variantes pertencem à mesma família
14580535	1	SEGURO	SETOR PROGRESSO	SETOR PROGRESSO (1)	Todas as variantes pertencem à mesma família
47744120	1	SEGURO	JARDIM DAS HORTENCIAS	JARDIM DAS HORTENCIAS (1)	Todas as variantes pertencem à mesma família
49980000	1	SEGURO	CENTRO	CENTRO (1)	Todas as variantes pertencem à mesma família
53401010	1	SEGURO	Centro	Centro (1)	Todas as variantes pertencem à mesma família
55192110	2	SEGURO	CENTRO	CENTRO (1) | Centro (1)	Todas as variantes pertencem à mesma família
57200000	3	BLOQUEADO		CENTRO (1) | Centro (1) || DOM COSTANTINO (1)	CEP possui famílias de bairros estruturalmente distintas
62993713	1	SEGURO	JARDIM NOVA ESPERANÇA	JARDIM NOVA ESPERANÇA (1)	Todas as variantes pertencem à mesma família
66147446	1	SEGURO	SETOR NOROESTE	SETOR NOROESTE (1)	Todas as variantes pertencem à mesma família
69074660	1	SEGURO	JARDIM LIBERDADE	JARDIM LIBERDADE (1)	Todas as variantes pertencem à mesma família
70000000	12	BLOQUEADO		JARDIM COLORADO (2) || Vila São José (1) | VILA SÃO JOSE (1) || SETOR CANDIDA DE MORAIS (1) || JARDIM HELLOU (1) || VILA MUTIRÃO 1 (1) || JARDIM DAS HORTENCIAS (1) || VILA MARIA DILCE (1) || MORADA DO SOL (1) || SETOR PROGRESSO (1) || JARDIM NOVO MUNDO (1)	CEP possui famílias de bairros estruturalmente distintas
70470517	1	SEGURO	JARDIM NOVO MUNDO	JARDIM NOVO MUNDO (1)	Todas as variantes pertencem à mesma família
70713174	1	SEGURO	JARDIM NOVO MUNDO	JARDIM NOVO MUNDO (1)	Todas as variantes pertencem à mesma família
72460480	1	SEGURO	JARDIM CURITIBA IV	JARDIM CURITIBA IV (1)	Todas as variantes pertencem à mesma família
73463480	1	SEGURO	SANTOS DUMONT	SANTOS DUMONT (1)	Todas as variantes pertencem à mesma família
74000000	4180	BLOQUEADO		JARDIM NOVA ESPERANÇA (606) | JD NOVA ESPERANÇA (8) | JARDIM NOVA ESPERANCA (6) | NOVA ESPERANÇA (3) | JD. NOVA ESPERANÇA (1) || JARDIM NOVO MUNDO (401) | NOVO MUNDO (31) | Jardim Novo Mundo (3) | JD. NOVO MUNDO (3) | JARDIM  NOVO MUNDO (1) | JD NOVO MUNDO (1) || JARDIM COLORADO (341) | JD COLORADO (2) | COLORADO (1) || JARDIM LIBERDADE (282) | JD LIBERDADE (1) | Jardim Liberdade (1) || VILA MUTIRÃO (232) | Vila Mutirão (8) | VILA MUTIRAO (6) || NOVO PLANALTO (195) || JARDIM DAS HORTENCIAS (157) | JARDIM DAS HORTÊNCIAS (24) | JD DAS HORTENCIAS (3) || SANTOS DUMONT (165) || JARDIM CURITIBA IV (128) | CURITIBA IV (1) || MANSÕES PARAISO (80) | MANSÕES PARAÍSO (15) | MANSOES PARAISO (11) | MANSÓES PARAISO (1) | MANSOÊS PARAISO (1) | MANSÔES PARAISO (1) || JARDIM VISTA BELA (101) | VISTA BELA (5) | Jardim Vista Bela (1) | SETOR VISTA BELA (1) || CANDIDA DE MORAES (97) | CÂNDIDA DE MORAES (2) | CANDIDA DE MORAES. (1) || VILA SÃO JOSE (42) | VILA SÃO JOSÉ (24) | Vila São José (12) | Vila são José (9) | VILA SAO JOSE (2) | VILA  SÃO JOSÉ (1) || VILA JOÃO VAZ (66) | VILA JOAO VAZ (3) || SÃO CARLOS (66) | SETOR SAO CARLOS (1) || CAPUAVA (64) | Capuava (2) || BAIRRO DA VITORIA (30) | BAIRRO DA VITÓRIA (22) || PARQUE TREMENDÃO (50) || RESIDENCIAL FORTALEZA (43) || VILA FINSOCIAL (42) || JARDIM PETRÓPOLIS (27) | JARDIM PETROPOLIS (15) || SETOR NOROESTE (38) | NOROESTE (2) || SETOR AEROVIARIO (29) | SETOR AEROVIÁRIO (7) | AEROVIÁRIO (2) | AEROVIARIO (2) || SETOR MARABÁ (36) | SETOR MARABA (2) | MARABÁ (1) || RESIDENCIAL PRIVE NORTE (32) | RESIDENCIAL PRIVÊ NORTE (6) || RESIDENCIAL MARINGÁ (29) | RESIDENCIAL MARINGA (5) || VILA REGINA (23) | Vila Regina (11) || MORADA DO SOL (30) || RESIDENCIAL GREEN PARK (28) || ALBINO BOAVENTURA (27) || SETOR PROGRESSO (24) | SETOR  PROGRESSO (1) || SETOR PERIM (23) | PERIM (1) | Setor Perim (1) || JARDIM CLARISSA (22) || JARDIM HELLOU (20) || VILA CRISTINA (18) || JARDIM GRAMADO (17) || VILA MARIA DILCE (17) || BARRA DA TIJUCA (16) | SETOR BARRA DA TIJUCA (1) || VILA MORAIS (17) || VILA MARIA LUIZA (15) || JARDIM BONANZA (13) || CANDIDA DE MORAIS (11) | SETOR CÂNDIDA DE MORAIS (1) | Setor Cândida de Morais (1) || JARDIM CAMARGO (12) || RESIDENCIAL ITAMARACÁ (6) | RESIDENCIAL ITAMARACA (5) || RESIDENCIAL ANGLO (10) || AGUA BRANCA (4) | ÁGUA BRANCA (3) | AGUÁ BRANCA (2) || VILA MUTIRÃO II (8) || RESIDENCIAL HUGO DE MORAES (8) || ESPLANADA DO ANICUNS (8) || RESIDENCIAL 14 BIS (8) || VALE DOS CARAIBAS (5) | SETOR VALE DOS CARAIBAS (1) | VALE DOS CARAÍBAS (1) || SETOR SEVENE (7) || SÃO JOSÉ (5) | SÃO JOSE (1) || JARDIM BRASIL (6) || VILA MARTINS (5) || PQ TREMENDÃO (2) | SETOR PQ. TREMENDÃO (1) | PQ.TREMENDÃO (1) || RESIDENCIAL MANSÕES PARAISO (3) | RESIDENCIAL MANSÕES PARAÍSO (1) || PARQUE INDUSTRIAL PAULISTA (3) || SETOR EMPRESARIAL (3) || VILA MUTIRÃO I (3) || VILA ROMANA (3) || JARDIM CALIFORNIA (2) | JD. CALIFÓRNIA (1) || CONJUNTO RIVIERA (2) | Conjunto Riviera (1) || RESIDENCIAL VALE DO ARAGUAIA (3) || CHACARAS MANSOES ROSAS DE OURO (2) || JARDIM CURITIBA II (2) || VALE DAS CARAÍBAS (1) | VALE DAS CARAIBAS (1) || RECREIO SÃO JOAQUIM (2) || JARDIM HELOU (2) || JOÃO VAZ (2) || FINSOCIAL (2) || RESIDENCIAL ANGULO (2) || JARDIM CURITIBA 4 (2) || JARDIM NOVO PETROPOLIS (1) | JD NOVO PETROPOLIS (1) || MANSÕES ROSAS DE OURO (2) || CURITIBA I (1) | JARDIM CURITIBA I (1) || RESIDENCIAL ARUANA (1) | RESIDENCIAL ARUANÃ (1) || NOVO MUNDO II (1) | JARDIM NOVO MUNDO II (1) || CONDOMINIO PORTAL DAS HORTÊNCIAS (1) || JARDIM COLORADO EXTENSÃO (1) || JARDIM COLORADO EXTEÇÃO (1) || PARUE TREMENDÃO (1) || JARDIM CURITIBA 1 (1) || RESIDENCIAL FLORESTA (1) || NOVO PLALNALTO (1) || VILA CLEMENTE (1) || JARDIM NOVA ESPERANÇAA (1) || SETOR ESTRELA DALVA (1) || CAPUAVA RESIDENCIAL PRIVÊ (1) || CH RECREIO SÃO JOAQUIM (1) || BAIRRO SAO CARLOS (1) || JARDIM CURITIBA 04 (1) || MARIA LUIZA (1) || JARDIM LAGO AZUL (1) || BAIRRO PERIM (1) || PARQUE MARACANA (1) || RESIDENCIAL ARAGUAIA (1) || VILA MULTIRÃO (1) || JARDIM EMANUELE (1) || PARQUE INDUSTRIAL JOAO BRAZ (1) || VILA MARTINS - EXTENSÃO - NOVO MUNDO (1) || PQ INDUSTRIAL PAULISTA (1) || VALE DO ARAGUAIA (1) || SÃO MARCOS I (1) || PARQUE TREMEDÃO (1) || VILA MORAIS NOVO MUNDO (1) || RESIDENCIAL ALBINO BOAVENTURA (1) || BAIRRO CAPUAVA (1) || JARDIM CURITIBA III (1) || RESIDENCIAL EMANUELE (1) || CENTRO (1) || JD. CURITIBA (1) || CONDOMINIO RIO BRANCO (1) || JARDIM CALIFONIA (1) || JARDIM EMANUELY (1) || RESIDENCIAL BUENA VISTA 4 (1) || CRIMEIA OESTE (1) || JD. EMANUELLE - NOVO MUNDO (1)	CEP possui famílias de bairros estruturalmente distintas
74000197	1	SEGURO	JARDIM LIBERDADE	JARDIM LIBERDADE (1)	Todas as variantes pertencem à mesma família
74075120	1	SEGURO	SETOR AEROVIARIO	SETOR AEROVIARIO (1)	Todas as variantes pertencem à mesma família
74133090	1	SEGURO	BAIRRO DA VITORIA	BAIRRO DA VITORIA (1)	Todas as variantes pertencem à mesma família
74140000	4	BLOQUEADO		MORADA DO SOL (1) || JARDIM DAS HORTENCIAS (1) || MANSÕES PARAISO (1) || JARDIM COLORADO (1)	CEP possui famílias de bairros estruturalmente distintas
74160200	1	SEGURO	JARDIM NOVA ESPERANÇA	JARDIM NOVA ESPERANÇA (1)	Todas as variantes pertencem à mesma família
74175460	1	SEGURO	VILA MULTIDÃO LL	VILA MULTIDÃO LL (1)	Todas as variantes pertencem à mesma família
74215030	1	SEGURO	JARDIM DAS HORTÊNCIAS	JARDIM DAS HORTÊNCIAS (1)	Todas as variantes pertencem à mesma família
74230903	1	SEGURO	CANDIDA DE MORAES	CANDIDA DE MORAES (1)	Todas as variantes pertencem à mesma família
74320440	1	SEGURO	VILA JOAO VAZ	VILA JOAO VAZ (1)	Todas as variantes pertencem à mesma família
74323065	1	SEGURO	BAIRRO CAPUAVA	BAIRRO CAPUAVA (1)	Todas as variantes pertencem à mesma família
74340500	3	BLOQUEADO		JARDIM NOVA ESPERANÇA (2) || JARDIN NOVA ESPERANÇA (1)	CEP possui famílias de bairros estruturalmente distintas
74353550	1	SEGURO	PARQUE SANTA RITA	PARQUE SANTA RITA (1)	Todas as variantes pertencem à mesma família
74354608	1	SEGURO	JARDIM CARAVELAS	JARDIM CARAVELAS (1)	Todas as variantes pertencem à mesma família
74354612	1	SEGURO	JARDIM CARAVELAS	JARDIM CARAVELAS (1)	Todas as variantes pertencem à mesma família
74354616	1	SEGURO	JARDIM CARAVELAS	JARDIM CARAVELAS (1)	Todas as variantes pertencem à mesma família
74354618	1	SEGURO	JARDIM CARAVELA	JARDIM CARAVELA (1)	Todas as variantes pertencem à mesma família
74354632	2	BLOQUEADO		JARDIM CARAVELAS (1) || JARDIM CARAVELAS 1ª ETAPA (1)	CEP possui famílias de bairros estruturalmente distintas
74354636	2	BLOQUEADO		JARDM CARAVELAS (1) || JARDIM CRAVELAS (1)	CEP possui famílias de bairros estruturalmente distintas
74354640	2	SEGURO	JARDIM CARAVELAS	SETOR CARAVELAS (1) | JARDIM CARAVELAS (1)	Todas as variantes pertencem à mesma família
74354643	1	SEGURO	JARDIM CARAVELAS	JARDIM CARAVELAS (1)	Todas as variantes pertencem à mesma família
74354647	1	SEGURO	JARDIM CARAVELAS	JARDIM CARAVELAS (1)	Todas as variantes pertencem à mesma família
74354665	1	SEGURO	JARDIM CARAVELAS	JARDIM CARAVELAS (1)	Todas as variantes pertencem à mesma família
74354676	1	SEGURO	JARDIM CARAVELAS	JARDIM CARAVELAS (1)	Todas as variantes pertencem à mesma família
74354814	1	SEGURO	Vila são José	Vila são José (1)	Todas as variantes pertencem à mesma família
74356285	1	SEGURO	RESIDENCIAL SANTA FÉ	RESIDENCIAL SANTA FÉ (1)	Todas as variantes pertencem à mesma família
74370150	1	SEGURO	SETOR RIO FORMOSO	SETOR RIO FORMOSO (1)	Todas as variantes pertencem à mesma família
74370220	1	SEGURO	SETOR RIO FORMOSO	SETOR RIO FORMOSO (1)	Todas as variantes pertencem à mesma família
74370489	1	SEGURO	SETOR SANTA RITA VII	SETOR SANTA RITA VII (1)	Todas as variantes pertencem à mesma família
74370520	1	SEGURO	SETOR SANTA RITA VII	SETOR SANTA RITA VII (1)	Todas as variantes pertencem à mesma família
74370601	1	SEGURO	RESIDENCIAL CANADÁ	RESIDENCIAL CANADÁ (1)	Todas as variantes pertencem à mesma família
74370612	1	SEGURO	RESIDENCIAL CANADÁ	RESIDENCIAL CANADÁ (1)	Todas as variantes pertencem à mesma família
74370613	1	SEGURO	RESIDENCIAL CANÁDA	RESIDENCIAL CANÁDA (1)	Todas as variantes pertencem à mesma família
74370645	1	SEGURO	RESIDENCIAL VEREDAS DOS BURITIS	RESIDENCIAL VEREDAS DOS BURITIS (1)	Todas as variantes pertencem à mesma família
74370663	1	SEGURO	RESIDENCIAL VEREDA DOS BURITIS	RESIDENCIAL VEREDA DOS BURITIS (1)	Todas as variantes pertencem à mesma família
74370675	1	SEGURO	RESIDENCIAL VEREDA DOS BURITIS	RESIDENCIAL VEREDA DOS BURITIS (1)	Todas as variantes pertencem à mesma família
74370684	1	SEGURO	RESIDENCIAL VEREDA DOS BURITIS	RESIDENCIAL VEREDA DOS BURITIS (1)	Todas as variantes pertencem à mesma família
74370702	1	SEGURO	RESIDENCIAL FORTEVILLE	RESIDENCIAL FORTEVILLE (1)	Todas as variantes pertencem à mesma família
74370707	1	SEGURO	RESIDENCIAL FORTEVILLE	RESIDENCIAL FORTEVILLE (1)	Todas as variantes pertencem à mesma família
74370766	1	SEGURO	RESIDENCIAL SANTA RITA - 4ª ETAPA	RESIDENCIAL SANTA RITA - 4ª ETAPA (1)	Todas as variantes pertencem à mesma família
74371070	1	SEGURO	RESIDENCIAL ELI FORTE	RESIDENCIAL ELI FORTE (1)	Todas as variantes pertencem à mesma família
74371135	1	SEGURO	RESIDENCIAL TALISMA	RESIDENCIAL TALISMA (1)	Todas as variantes pertencem à mesma família
74371350	1	SEGURO	MOINHO DOS VENTOS	MOINHO DOS VENTOS (1)	Todas as variantes pertencem à mesma família
74371390	1	SEGURO	MOINHO DOS VENTOS	MOINHO DOS VENTOS (1)	Todas as variantes pertencem à mesma família
74371435	1	SEGURO	LOTEAMENTO MOINHO DOS VENTOS	LOTEAMENTO MOINHO DOS VENTOS (1)	Todas as variantes pertencem à mesma família
74371812	1	SEGURO	RESIDENCIAL RECANTO DAS EMAS	RESIDENCIAL RECANTO DAS EMAS (1)	Todas as variantes pertencem à mesma família
74372093	1	SEGURO	RESIDENCIAL FIDELIS	RESIDENCIAL FIDELIS (1)	Todas as variantes pertencem à mesma família
74373210	1	SEGURO	LOTEAMENTO CELINA PARK	LOTEAMENTO CELINA PARK (1)	Todas as variantes pertencem à mesma família
74375030	2	SEGURO	PARQUE OESTE INDUSTRIAL	PARQUE OESTE INDUSTRIAL (2)	Todas as variantes pertencem à mesma família
74375040	2	SEGURO	PARQUE OESTE INDUSTRIAL	PARQUE OESTE INDUSTRIAL (2)	Todas as variantes pertencem à mesma família
74375110	2	BLOQUEADO		BAIRRO GOIA (1) || PARQUE OESTE INDUSTRIAL (1)	CEP possui famílias de bairros estruturalmente distintas
74375150	1	SEGURO	PARQUE OESTE INDUSTRIAL	PARQUE OESTE INDUSTRIAL (1)	Todas as variantes pertencem à mesma família
74375180	2	SEGURO	PARQUE OESTE INDUSTRIAL	PARQUE OESTE INDUSTRIAL (2)	Todas as variantes pertencem à mesma família
74375280	1	SEGURO	PARQUE OESTE INDUSTRIAL	PARQUE OESTE INDUSTRIAL (1)	Todas as variantes pertencem à mesma família
74375300	1	SEGURO	PARQUE OESTE INDUSTRIAL	PARQUE OESTE INDUSTRIAL (1)	Todas as variantes pertencem à mesma família
74375495	2	SEGURO	PARQUE OESTE INDUSTRIAL	PARQUE OESTE INDUSTRIAL (2)	Todas as variantes pertencem à mesma família
74375629	2	SEGURO	RESIDENCIAL PARQUE OESTE	RESIDENCIAL PARQUE OESTE (2)	Todas as variantes pertencem à mesma família
74375740	1	SEGURO	PARQUE OESTE INDUSTRIAL	PARQUE OESTE INDUSTRIAL (1)	Todas as variantes pertencem à mesma família
74390086	1	SEGURO	JARDIM BOTÂNICO	JARDIM BOTÂNICO (1)	Todas as variantes pertencem à mesma família
74390090	1	SEGURO	JARDIM BOT NICO	JARDIM BOT NICO (1)	Todas as variantes pertencem à mesma família
74390100	1	SEGURO	JARDIM BOTÂNICO	JARDIM BOTÂNICO (1)	Todas as variantes pertencem à mesma família
74390150	1	SEGURO	JARDIM BOTÂNICO	JARDIM BOTÂNICO (1)	Todas as variantes pertencem à mesma família
74390220	2	SEGURO	JARDIM BOTANICO	JARDIM BOTANICO (1) | JARDIM BOTÂNICO (1)	Todas as variantes pertencem à mesma família
74390225	1	SEGURO	JARDIM BOTÂNICO	JARDIM BOTÂNICO (1)	Todas as variantes pertencem à mesma família
74390235	1	SEGURO	CONDOMINIO RIO BRANCO	CONDOMINIO RIO BRANCO (1)	Todas as variantes pertencem à mesma família
74390260	1	SEGURO	CONDOMÍNIO RIO BRANCO	CONDOMÍNIO RIO BRANCO (1)	Todas as variantes pertencem à mesma família
74390350	1	SEGURO	CONDOMÍNIO RIO BRANCO	CONDOMÍNIO RIO BRANCO (1)	Todas as variantes pertencem à mesma família
74390372	1	SEGURO	RESIDENCIAL DELLA PENNA	RESIDENCIAL DELLA PENNA (1)	Todas as variantes pertencem à mesma família
74390375	2	SEGURO	RESIDENCIAL DELLA PENNA	RESIDENCIAL DELLA PENNA (2)	Todas as variantes pertencem à mesma família
74390378	1	SEGURO	RESIDENCIAL DELLA PENNA	RESIDENCIAL DELLA PENNA (1)	Todas as variantes pertencem à mesma família
74390390	1	SEGURO	JARDIM BOTANICO	JARDIM BOTANICO (1)	Todas as variantes pertencem à mesma família
74390430	1	SEGURO	JARDIM BOT NICO	JARDIM BOT NICO (1)	Todas as variantes pertencem à mesma família
74390460	1	SEGURO	JARDIM BOTÂNICO	JARDIM BOTÂNICO (1)	Todas as variantes pertencem à mesma família
74390490	1	SEGURO	JARDIM BOTÂNICO	JARDIM BOTÂNICO (1)	Todas as variantes pertencem à mesma família
74390610	1	SEGURO	VILA RIZZO	VILA RIZZO (1)	Todas as variantes pertencem à mesma família
74390669	1	SEGURO	Vila Rizzo	Vila Rizzo (1)	Todas as variantes pertencem à mesma família
74391020	3	SEGURO	JARDIM MARQUES DE ABREU	JARDIM MARQUES DE ABREU (3)	Todas as variantes pertencem à mesma família
74391030	1	SEGURO	JARDIM MARQUES DE ABREU	JARDIM MARQUES DE ABREU (1)	Todas as variantes pertencem à mesma família
74391110	1	SEGURO	JARDIM MARQUES DE ABREU	JARDIM MARQUES DE ABREU (1)	Todas as variantes pertencem à mesma família
74391150	1	SEGURO	JARDIM MARQUES DE ABREU	JARDIM MARQUES DE ABREU (1)	Todas as variantes pertencem à mesma família
74391190	1	SEGURO	JARDIM MARQUES DE ABREU	JARDIM MARQUES DE ABREU (1)	Todas as variantes pertencem à mesma família
74391250	1	SEGURO	JARDIM ARITANA	JARDIM ARITANA (1)	Todas as variantes pertencem à mesma família
74391520	1	SEGURO	LORENA PARK	LORENA PARK (1)	Todas as variantes pertencem à mesma família
74392070	2	SEGURO	JARDIM ELI FORTE	JARDIM ELI FORTE (2)	Todas as variantes pertencem à mesma família
74392115	1	SEGURO	Chácaras Anhanguera	Chácaras Anhanguera (1)	Todas as variantes pertencem à mesma família
74393140	1	SEGURO	RECREIO DOS FUNCIONARIOS PUBLICOS	RECREIO DOS FUNCIONARIOS PUBLICOS (1)	Todas as variantes pertencem à mesma família
74393360	1	SEGURO	PARQUE SANTA RITA	PARQUE SANTA RITA (1)	Todas as variantes pertencem à mesma família
74393375	1	SEGURO	RESIDENCIAL SOLAR BOUGAINVILLE	RESIDENCIAL SOLAR BOUGAINVILLE (1)	Todas as variantes pertencem à mesma família
74393392	1	SEGURO	PARQUE SANTA RITA	PARQUE SANTA RITA (1)	Todas as variantes pertencem à mesma família
74393400	1	SEGURO	PARQUE SANTA RITA	PARQUE SANTA RITA (1)	Todas as variantes pertencem à mesma família
74393415	1	SEGURO	PARQUE SANTA RITA	PARQUE SANTA RITA (1)	Todas as variantes pertencem à mesma família
74393460	1	SEGURO	PARQUE SANTA RITA	PARQUE SANTA RITA (1)	Todas as variantes pertencem à mesma família
74393530	1	SEGURO	PARQUE SANTA RITA	PARQUE SANTA RITA (1)	Todas as variantes pertencem à mesma família
74393550	1	SEGURO	PARQUE SANTA RITA	PARQUE SANTA RITA (1)	Todas as variantes pertencem à mesma família
74393560	1	SEGURO	PARQUE SANTA RITA	PARQUE SANTA RITA (1)	Todas as variantes pertencem à mesma família
74393570	1	SEGURO	PARQUE SANTA RITA	PARQUE SANTA RITA (1)	Todas as variantes pertencem à mesma família
74393600	1	SEGURO	LOTEAMENTO ALPHAVILLE RESIDENCIAL	LOTEAMENTO ALPHAVILLE RESIDENCIAL (1)	Todas as variantes pertencem à mesma família
74393660	1	SEGURO	LOTEAMENTO ALPHAVILLE RESIDENCIAL	LOTEAMENTO ALPHAVILLE RESIDENCIAL (1)	Todas as variantes pertencem à mesma família
74393670	2	SEGURO	LOTEAMENTO ALPHAVILLE RESIDENCIAL	LOTEAMENTO ALPHAVILLE RESIDENCIAL (2)	Todas as variantes pertencem à mesma família
74393680	2	SEGURO	LOTEAMENTO ALPHAVILLE RESIDENCIAL	LOTEAMENTO ALPHAVILLE RESIDENCIAL (2)	Todas as variantes pertencem à mesma família
74393700	2	SEGURO	LOTEAMENTO ALPHAVILLE RESIDENCIAL	LOTEAMENTO ALPHAVILLE RESIDENCIAL (2)	Todas as variantes pertencem à mesma família
74393740	1	SEGURO	LOTEAMENTO ALPHAVILLE RESIDENCIAL	LOTEAMENTO ALPHAVILLE RESIDENCIAL (1)	Todas as variantes pertencem à mesma família
74393800	1	SEGURO	LOTEAMENTO ALPHAVILLE RESIDENCIAL	LOTEAMENTO ALPHAVILLE RESIDENCIAL (1)	Todas as variantes pertencem à mesma família
74393810	1	SEGURO	LOTEAMENTO ALPHAVILLE RESIDENCIAL	LOTEAMENTO ALPHAVILLE RESIDENCIAL (1)	Todas as variantes pertencem à mesma família
74393820	2	BLOQUEADO		LOTEAMENTO ALPHAVILLE RESIDENCIAL (1) || RESIDENCIAL ALPHAVILLE (1)	CEP possui famílias de bairros estruturalmente distintas
74394029	1	SEGURO	JARDIM ALPHAVILLE	JARDIM ALPHAVILLE (1)	Todas as variantes pertencem à mesma família
74394155	1	SEGURO	JARDIM ALPHAVILLE	JARDIM ALPHAVILLE (1)	Todas as variantes pertencem à mesma família
74394200	1	SEGURO	RESIDENCIAL BUENA VISTA I	RESIDENCIAL BUENA VISTA I (1)	Todas as variantes pertencem à mesma família
74394205	6	SEGURO	RESIDENCIAL BUENA VISTA I	RESIDENCIAL BUENA VISTA I (6)	Todas as variantes pertencem à mesma família
74394210	2	SEGURO	RESIDENCIAL BUENA VISTA I	RESIDENCIAL BUENA VISTA I (2)	Todas as variantes pertencem à mesma família
74394215	1	SEGURO	RESIDENCIAL BUENA VISTA I	RESIDENCIAL BUENA VISTA I (1)	Todas as variantes pertencem à mesma família
74394220	1	SEGURO	RESIDENCIAL BUENA VISTA I	RESIDENCIAL BUENA VISTA I (1)	Todas as variantes pertencem à mesma família
74394225	5	BLOQUEADO		RESIDENCIAL BUENA VISTA I (4) || RESIDENCIALBUENA VISTA I (1)	CEP possui famílias de bairros estruturalmente distintas
74394230	2	BLOQUEADO		Residencial Buena Vista I (1) || RESI8DENCIAL BUENA VISTA I (1)	CEP possui famílias de bairros estruturalmente distintas
74394235	4	SEGURO	RESIDENCIAL BUENA VISTA I	RESIDENCIAL BUENA VISTA I (4)	Todas as variantes pertencem à mesma família
74394240	2	BLOQUEADO		RESIDENCIAL BUENA VISTA I (1) || RESIENCIAL BUENA VISTA I (1)	CEP possui famílias de bairros estruturalmente distintas
74394245	2	SEGURO	RESIDENCIAL BUENA VISTA I	RESIDENCIAL BUENA VISTA I (1) | Residencial Buena Vista I (1)	Todas as variantes pertencem à mesma família
74394250	1	SEGURO	Residencial Buena Vista I	Residencial Buena Vista I (1)	Todas as variantes pertencem à mesma família
74394260	1	SEGURO	RESIDENCIAL BUENA VISTA I	RESIDENCIAL BUENA VISTA I (1)	Todas as variantes pertencem à mesma família
74394335	1	SEGURO	RESIDENCIAL BUENA VISTA II	RESIDENCIAL BUENA VISTA II (1)	Todas as variantes pertencem à mesma família
74394345	1	SEGURO	RESIDENCIAL BUENA VISTA II	RESIDENCIAL BUENA VISTA II (1)	Todas as variantes pertencem à mesma família
74394355	1	SEGURO	RESIDENCIAL BUENA VISTA III	RESIDENCIAL BUENA VISTA III (1)	Todas as variantes pertencem à mesma família
74394395	1	SEGURO	RESIDENCIAL BUENA VISTA III	RESIDENCIAL BUENA VISTA III (1)	Todas as variantes pertencem à mesma família
74394400	1	SEGURO	RESIDENCIAL BUENA VISTA III	RESIDENCIAL BUENA VISTA III (1)	Todas as variantes pertencem à mesma família
74394405	2	SEGURO	RESIDENCIAL BUENA VISTA III	RESIDENCIAL BUENA VISTA III (2)	Todas as variantes pertencem à mesma família
74394410	3	SEGURO	RESIDENCIAL BUENA VISTA III	RESIDENCIAL BUENA VISTA III (3)	Todas as variantes pertencem à mesma família
74394415	2	SEGURO	RESIDENCIAL BUENA VISTA III	RESIDENCIAL BUENA VISTA III (2)	Todas as variantes pertencem à mesma família
74394420	3	SEGURO	RESIDENCIAL BUENA VISTA III	RESIDENCIAL BUENA VISTA III (3)	Todas as variantes pertencem à mesma família
74394430	4	SEGURO	RESIDENCIAL BUENA VISTA III	RESIDENCIAL BUENA VISTA III (4)	Todas as variantes pertencem à mesma família
74394435	2	SEGURO	RESIDENCIAL BUENA VISTA III	RESIDENCIAL BUENA VISTA III (2)	Todas as variantes pertencem à mesma família
74394470	1	SEGURO	RESIDENCIAL BUENA VISTA III	RESIDENCIAL BUENA VISTA III (1)	Todas as variantes pertencem à mesma família
74394475	1	SEGURO	RESIDENCIAL BUENA VISTA III	RESIDENCIAL BUENA VISTA III (1)	Todas as variantes pertencem à mesma família
74394480	1	SEGURO	RESIDENCIAL BUENA VISTA III	RESIDENCIAL BUENA VISTA III (1)	Todas as variantes pertencem à mesma família
74394500	1	SEGURO	RESIDENCIAL BUENA VISTA IV	RESIDENCIAL BUENA VISTA IV (1)	Todas as variantes pertencem à mesma família
74394520	2	SEGURO	RESIDENCIAL BUENA VISTA IV	RESIDENCIAL BUENA VISTA IV (2)	Todas as variantes pertencem à mesma família
74394525	2	SEGURO	RESIDENCIAL BUENA VISTA IV	RESIDENCIAL BUENA VISTA IV (2)	Todas as variantes pertencem à mesma família
74394535	1	SEGURO	RESIDENCIAL BUENA VISTA IV	RESIDENCIAL BUENA VISTA IV (1)	Todas as variantes pertencem à mesma família
74394555	1	SEGURO	RESIDENCIAL BUENA VISTA IV	RESIDENCIAL BUENA VISTA IV (1)	Todas as variantes pertencem à mesma família
74394600	1	SEGURO	RESIDENCIAL BUENA VISTA IV	RESIDENCIAL BUENA VISTA IV (1)	Todas as variantes pertencem à mesma família
74394605	1	SEGURO	RESIDENCIAL BUENA VISTA IV	RESIDENCIAL BUENA VISTA IV (1)	Todas as variantes pertencem à mesma família
74394615	1	SEGURO	RESIDENCIAL BUENA VISTA IV	RESIDENCIAL BUENA VISTA IV (1)	Todas as variantes pertencem à mesma família
74394620	3	BLOQUEADO		RESIDENCIAL BUENA VISTA IV (2) || BUENA VISTA IV (1)	CEP possui famílias de bairros estruturalmente distintas
74394630	1	SEGURO	RESIDENCIAL BUENA VISTA IV	RESIDENCIAL BUENA VISTA IV (1)	Todas as variantes pertencem à mesma família
74394635	2	SEGURO	RESIDENCIAL BUENA VISTA IV	RESIDENCIAL BUENA VISTA IV (2)	Todas as variantes pertencem à mesma família
74394640	1	SEGURO	RESIDENCIAL BUENA VISTA IV	RESIDENCIAL BUENA VISTA IV (1)	Todas as variantes pertencem à mesma família
74394655	1	SEGURO	RESIDENCIAL BUENA VISTA IV	RESIDENCIAL BUENA VISTA IV (1)	Todas as variantes pertencem à mesma família
74394660	3	SEGURO	RESIDENCIAL BUENA VISTA IV	RESIDENCIAL BUENA VISTA IV (3)	Todas as variantes pertencem à mesma família
74394705	1	SEGURO	JARDIM GARDÊNIA	JARDIM GARDÊNIA (1)	Todas as variantes pertencem à mesma família
74395003	1	SEGURO	VILLAGE SANTA RITA	VILLAGE SANTA RITA (1)	Todas as variantes pertencem à mesma família
74395006	1	SEGURO	VILLAGE SANTA RITA	VILLAGE SANTA RITA (1)	Todas as variantes pertencem à mesma família
74395030	1	SEGURO	SETOR SOLAR SANTA RITA	SETOR SOLAR SANTA RITA (1)	Todas as variantes pertencem à mesma família
74395032	2	SEGURO	SETOR SOLAR SANTA RITA	SETOR SOLAR SANTA RITA (2)	Todas as variantes pertencem à mesma família
74395038	1	SEGURO	SETOR SOLAR SANTA RITA	SETOR SOLAR SANTA RITA (1)	Todas as variantes pertencem à mesma família
74395040	1	SEGURO	SETOR SOLAR SANTA RITA	SETOR SOLAR SANTA RITA (1)	Todas as variantes pertencem à mesma família
74395046	1	SEGURO	SETOR SOLAR SANTA RITA	SETOR SOLAR SANTA RITA (1)	Todas as variantes pertencem à mesma família
74395050	4	SEGURO	SETOR SOLAR SANTA RITA	SETOR SOLAR SANTA RITA (4)	Todas as variantes pertencem à mesma família
74395056	1	SEGURO	SETOR SOLAR SANTA RITA	SETOR SOLAR SANTA RITA (1)	Todas as variantes pertencem à mesma família
74395105	1	SEGURO	RESIDENCIAL VILLAGE SANTA RITA I	RESIDENCIAL VILLAGE SANTA RITA I (1)	Todas as variantes pertencem à mesma família
74395210	1	SEGURO	RESIDENCIAL VILLAGE SANTA RITA III	RESIDENCIAL VILLAGE SANTA RITA III (1)	Todas as variantes pertencem à mesma família
74395250	1	SEGURO	RESIDENCIAL KÁTIA	RESIDENCIAL KÁTIA (1)	Todas as variantes pertencem à mesma família
74395510	1	SEGURO	RESIDENCIAL SANTA FE I	RESIDENCIAL SANTA FE I (1)	Todas as variantes pertencem à mesma família
74395780	2	SEGURO	JARDIM EMANUELY	JARDIM EMANUELY (2)	Todas as variantes pertencem à mesma família
74400000	63	BLOQUEADO		JARDIM NOVO MUNDO (13) || JARDIM COLORADO (10) || JARDIM NOVA ESPERANÇA (6) || JARDIM DAS HORTENCIAS (3) || SETOR MANSOES PARAISO (1) | MANSOES PARAISO (1) || NOVO PLANALTO (2) || JARDIM CURITIBA IV (2) || VILA CRISTINA CONTINUAÇAO (2) || VILA JOAO VAZ (2) || JARDIM CURITIBA 4 (2) || JARDIM VISTA BELA (1) || MORADA DO SOL (1) || JARDIM LIBERDADE (1) || VILA MUTIRAO (1) || CONJUNTO RESIDENCIAL ARUANA III (1) || VILA REGINA (1) || SETOR NOROESTE (1) || JARDIM GRAMADO (1) || VILA ROMANA (1) || Residencial Fortaleza (1) || PARQUE INDUSTRIAL PAULISTA (1) || VILA MARTINS (1) || SETOR SANTOS DUMONT (1) || SETOR CAPUAVA (1) || JARDIM PETROPOLIS (1) || BAIRRO DA VITORIA (1) || JARDIM NOVO PETROPOLIS (1) || SETOR CANDIDA DE MORAIS (1) || ESTRELA DALVA (1)	CEP possui famílias de bairros estruturalmente distintas
74408098	1	SEGURO	JARDIM DAS HORTÊNCIAS	JARDIM DAS HORTÊNCIAS (1)	Todas as variantes pertencem à mesma família
74410010	1	SEGURO	NOVO MUNDO	NOVO MUNDO (1)	Todas as variantes pertencem à mesma família
74410090	1	SEGURO	JARDIM NOVO MUNDO	JARDIM NOVO MUNDO (1)	Todas as variantes pertencem à mesma família
74410400	1	SEGURO	JARDIM NOVO MUNDO	JARDIM NOVO MUNDO (1)	Todas as variantes pertencem à mesma família
74413630	1	SEGURO	VILA FINSOCIAL	VILA FINSOCIAL (1)	Todas as variantes pertencem à mesma família
74420010	3	SEGURO	VILA SANTA RITA	VILA SANTA RITA (3)	Todas as variantes pertencem à mesma família
74420455	1	SEGURO	SOLANGE PARK 1	SOLANGE PARK 1 (1)	Todas as variantes pertencem à mesma família
74423160	1	SEGURO	SANTOS DUMONT	SANTOS DUMONT (1)	Todas as variantes pertencem à mesma família
74423543	1	SEGURO	CIDADE JARDIM	CIDADE JARDIM (1)	Todas as variantes pertencem à mesma família
74425115	1	SEGURO	MORADA DO SOL	MORADA DO SOL (1)	Todas as variantes pertencem à mesma família
74425430	1	SEGURO	JARDIM NOVO MUNDO	JARDIM NOVO MUNDO (1)	Todas as variantes pertencem à mesma família
74430380	1	SEGURO	NOVO PLANALTO	NOVO PLANALTO (1)	Todas as variantes pertencem à mesma família
74433050	1	SEGURO	ESPLANADA DO ANICUNS	ESPLANADA DO ANICUNS (1)	Todas as variantes pertencem à mesma família
74433060	2	SEGURO	ESPLANADA DO ANICUNS	ESPLANADA DO ANICUNS (2)	Todas as variantes pertencem à mesma família
74433090	2	SEGURO	ESPLANADA DO ANICUNS	ESPLANADA DO ANICUNS (2)	Todas as variantes pertencem à mesma família
74433130	1	SEGURO	ESPLANADA DO ANICUNS	ESPLANADA DO ANICUNS (1)	Todas as variantes pertencem à mesma família
74433150	7	SEGURO	ESPLANADA DO ANICUNS	ESPLANADA DO ANICUNS (6) | Esplanada do Anicuns (1)	Todas as variantes pertencem à mesma família
74433180	4	SEGURO	ESPLANADA DO ANICUNS	ESPLANADA DO ANICUNS (3) | Esplanada do Anicuns (1)	Todas as variantes pertencem à mesma família
74433190	1	SEGURO	Esplanada do Anicuns	Esplanada do Anicuns (1)	Todas as variantes pertencem à mesma família
74433220	2	SEGURO	ESPLANADA DO ANICUNS	ESPLANADA DO ANICUNS (2)	Todas as variantes pertencem à mesma família
74433380	1	SEGURO	SETOR SANTOS DUMONT	SETOR SANTOS DUMONT (1)	Todas as variantes pertencem à mesma família
74435020	1	SEGURO	Aeroviário	Aeroviário (1)	Todas as variantes pertencem à mesma família
74435030	10	SEGURO	SETOR AEROVIARIO	SETOR AEROVIARIO (3) | Aeroviário (3) | SETOR AEROVIÁRIO (2) | AEROVIÁRIO (2)	Todas as variantes pertencem à mesma família
74435040	1	SEGURO	SETOR AEROVIARIO	SETOR AEROVIARIO (1)	Todas as variantes pertencem à mesma família
74435050	2	SEGURO	SETOR AEROVIARIO	SETOR AEROVIARIO (1) | AEROVIÁRIO (1)	Todas as variantes pertencem à mesma família
74435060	3	SEGURO	AEROVIÁRIO	AEROVIÁRIO (2) | SETOR AEROVIÁRIO (1)	Todas as variantes pertencem à mesma família
74435090	14	REVISAR	SETOR AEROVIARIO	SETOR AEROVIARIO (6) | AEROVIÁRIO (5) | Aeroviário (2) || AEOROVIARIO (1)	Família dominante identificada, mas existem famílias distintas no mesmo CEP
74435100	1	SEGURO	Aeroviário	Aeroviário (1)	Todas as variantes pertencem à mesma família
74435110	15	SEGURO	SETOR AEROVIARIO	SETOR AEROVIARIO (7) | AEROVIÁRIO (4) | SETOR AEROVIÁRIO (2) | AEROVIARIO (1) | Aeroviário (1)	Todas as variantes pertencem à mesma família
74435115	9	REVISAR	SETOR AEROVIARIO	SETOR AEROVIARIO (3) | AEROVIÁRIO (3) | Aeroviário (2) || VILA  SÃO JOSÉ (1)	Há família dominante, porém sem segurança suficiente para alteração automática
74435120	8	SEGURO	SETOR AEROVIARIO	SETOR AEROVIARIO (3) | Aeroviário (3) | AEROVIARIO (1) | AEROVIÁRIO (1)	Todas as variantes pertencem à mesma família
74435180	3	SEGURO	SETOR AEROVIARIO	SETOR AEROVIARIO (3)	Todas as variantes pertencem à mesma família
74435190	1	SEGURO	SETOR AEROVIÁRIO	SETOR AEROVIÁRIO (1)	Todas as variantes pertencem à mesma família
74435200	15	SEGURO	SETOR AEROVIARIO	SETOR AEROVIARIO (6) | Aeroviário (6) | AEROVIÁRIO (3)	Todas as variantes pertencem à mesma família
74435220	5	SEGURO	SETOR AEROVIARIO	SETOR AEROVIARIO (2) | Aeroviário (2) | SETOR AEROVIÁRIO (1)	Todas as variantes pertencem à mesma família
74435230	6	REVISAR	SETOR AEROVIARIO	SETOR AEROVIARIO (3) | AEROVIARIO (1) | AEROVIÁRIO (1) || AEOROVIÁRIO (1)	Há família dominante, porém sem segurança suficiente para alteração automática
74435240	2	SEGURO	SETOR AEROVIARIO	SETOR AEROVIARIO (1) | AEROVIÁRIO (1)	Todas as variantes pertencem à mesma família
74435250	3	SEGURO	SETOR AEROVIARIO	SETOR AEROVIARIO (1) | SETOR AEROVIÁRIO (1) | AEROVIARIO (1)	Todas as variantes pertencem à mesma família
74435260	4	BLOQUEADO		AEROVIÁRIO (2) | SETOR AEROVIARIO (1) || AEOROVIARIO (1)	CEP possui famílias de bairros estruturalmente distintas
74435265	2	SEGURO	SETOR AEROVIARIO	SETOR AEROVIARIO (1) | AEROVIÁRIO (1)	Todas as variantes pertencem à mesma família
74435270	1	SEGURO	AEROVIÁRIO	AEROVIÁRIO (1)	Todas as variantes pertencem à mesma família
74435280	7	REVISAR	SETOR AEROVIARIO	SETOR AEROVIARIO (3) | AEROVIÁRIO (2) | Aeroviário (1) || VILA SAO JOSE (1)	Há família dominante, porém sem segurança suficiente para alteração automática
74435290	8	SEGURO	SETOR AEROVIARIO	SETOR AEROVIARIO (4) | AEROVIÁRIO (3) | Aeroviário (1)	Todas as variantes pertencem à mesma família
74435299	1	SEGURO	SETOR AEROVIARIO	SETOR AEROVIARIO (1)	Todas as variantes pertencem à mesma família
74435320	2	SEGURO	SETOR AEROVIARIO	SETOR AEROVIARIO (2)	Todas as variantes pertencem à mesma família
74435970	1	SEGURO	MANSÕES PARAÍSO	MANSÕES PARAÍSO (1)	Todas as variantes pertencem à mesma família
74440000	1	SEGURO	VILA JOAO VAZ	VILA JOAO VAZ (1)	Todas as variantes pertencem à mesma família
74440010	1	SEGURO	VILA SÃO JOSÉ	VILA SÃO JOSÉ (1)	Todas as variantes pertencem à mesma família
74440030	2	BLOQUEADO		VILA SÃO JOSE (1) || Setor São José (1)	CEP possui famílias de bairros estruturalmente distintas
74440050	2	SEGURO	SETOR SÃO JOSÉ	SETOR SÃO JOSÉ (2)	Todas as variantes pertencem à mesma família
74440060	16	REVISAR	SETOR SÃO JOSÉ	SETOR SÃO JOSÉ (7) | Setor São José (4) | SÃO JOSÉ (1) || VILA SÃO JOSE (2) | VILA SÃO JOSÉ (1) | Vila são José (1)	Há família dominante, porém sem segurança suficiente para alteração automática
74440070	1	SEGURO	SETOR SÃO JOSÉ	SETOR SÃO JOSÉ (1)	Todas as variantes pertencem à mesma família
74440080	3	BLOQUEADO		VILA SÃO JOSE (2) || SETOR SÃO JOSÉ (1)	CEP possui famílias de bairros estruturalmente distintas
74440090	1	SEGURO	SETOR SÃO JOSE	SETOR SÃO JOSE (1)	Todas as variantes pertencem à mesma família
74440120	3	BLOQUEADO		SETOR SÃO JOSÉ (2) || SETOR AEROVIARIO (1)	CEP possui famílias de bairros estruturalmente distintas
74440130	4	BLOQUEADO		SETOR SÃO JOSÉ (3) || Vila São José (1)	CEP possui famílias de bairros estruturalmente distintas
74440140	4	BLOQUEADO		SETOR SÃO JOSÉ (1) | SÃO JOSE (1) | Setor São José (1) || Vila são José (1)	CEP possui famílias de bairros estruturalmente distintas
74440145	7	BLOQUEADO		SETOR SÃO JOSÉ (4) || Vila São José (1) | VILA SÃO JOSE (1) | VILA SAO JOSE (1)	CEP possui famílias de bairros estruturalmente distintas
74440150	1	SEGURO	Vila São José	Vila São José (1)	Todas as variantes pertencem à mesma família
74440160	1	SEGURO	SETOR SÃO JOSÉ	SETOR SÃO JOSÉ (1)	Todas as variantes pertencem à mesma família
74440180	1	SEGURO	SETOR SÃO JOSE	SETOR SÃO JOSE (1)	Todas as variantes pertencem à mesma família
74440185	1	SEGURO	Setor São José	Setor São José (1)	Todas as variantes pertencem à mesma família
74440220	2	SEGURO	SETOR SÃO JOSÉ	SETOR SÃO JOSÉ (2)	Todas as variantes pertencem à mesma família
74440240	7	REVISAR	SETOR SÃO JOSÉ	SETOR SÃO JOSÉ (4) | Setor São José (1) || VILA SÃO JOSÉ (2)	Há família dominante, porém sem segurança suficiente para alteração automática
74440245	5	BLOQUEADO		Vila São José (1) | VILA SÃO JOSÉ (1) | VILA SÃO JOSE (1) || SETOR SÃO JOSÉ (1) | Setor São José (1)	CEP possui famílias de bairros estruturalmente distintas
74440250	11	BLOQUEADO		SETOR SÃO JOSÉ (7) || Vila São José (3) | VILA SÃO JOSE (1)	CEP possui famílias de bairros estruturalmente distintas
74440280	2	SEGURO	SETOR SÃO JOSÉ	SAO JOSE (1) | SETOR SÃO JOSÉ (1)	Todas as variantes pertencem à mesma família
74440290	3	SEGURO	SETOR SÃO JOSÉ	SETOR SÃO JOSÉ (2) | SETOR SÃO JOSE (1)	Todas as variantes pertencem à mesma família
74440300	9	REVISAR	SETOR SÃO JOSÉ	SETOR SÃO JOSÉ (5) | Setor São José (1) || VILA SÃO JOSÉ (2) | VILA SÃO JOSE (1)	Há família dominante, porém sem segurança suficiente para alteração automática
74440310	7	REVISAR	SETOR SÃO JOSÉ	SETOR SÃO JOSÉ (5) | Setor São José (1) || VILA SAO JOSE (1)	Há família dominante, porém sem segurança suficiente para alteração automática
74440320	1	SEGURO	VILA SÃO JOSÉ	VILA SÃO JOSÉ (1)	Todas as variantes pertencem à mesma família
74440330	5	SEGURO	SETOR SÃO JOSÉ	SETOR SÃO JOSÉ (3) | Setor São José (2)	Todas as variantes pertencem à mesma família
74440340	7	BLOQUEADO		SETOR SÃO JOSÉ (3) | Setor São José (1) || VILA SÃO JOSE (2) | VILA SÃO JOSÉ (1)	CEP possui famílias de bairros estruturalmente distintas
74440350	6	SEGURO	SETOR SÃO JOSÉ	SETOR SÃO JOSÉ (4) | Setor São José (2)	Todas as variantes pertencem à mesma família
74440360	4	BLOQUEADO		VILA SÃO JOSE (2) || SETOR SAO JOSE (1) | SETOR SÃO JOSÉ (1)	CEP possui famílias de bairros estruturalmente distintas
74440370	4	SEGURO	SETOR SÃO JOSÉ	SETOR SÃO JOSÉ (3) | Setor São José (1)	Todas as variantes pertencem à mesma família
74440380	1	SEGURO	Vila São José	Vila São José (1)	Todas as variantes pertencem à mesma família
74440400	3	SEGURO	SETOR SÃO JOSÉ	SETOR SÃO JOSÉ (2) | Setor São José (1)	Todas as variantes pertencem à mesma família
74440410	2	BLOQUEADO		VILA SÃO JOSÉ (1) || SETOR SÃO JOSÉ (1)	CEP possui famílias de bairros estruturalmente distintas
74440420	6	SEGURO	Setor São José	Setor São José (3) | SETOR SÃO JOSÉ (2) | SÃO JOSÉ (1)	Todas as variantes pertencem à mesma família
74440425	2	SEGURO	VILA SÃO JOSE	VILA SÃO JOSE (2)	Todas as variantes pertencem à mesma família
74440440	1	SEGURO	SETOR SÃO JOSÉ	SETOR SÃO JOSÉ (1)	Todas as variantes pertencem à mesma família
74440460	3	BLOQUEADO		SETOR SAO JOSE (1) | Setor São José (1) || VILA SAO JOSE (1)	CEP possui famílias de bairros estruturalmente distintas
74440470	3	BLOQUEADO		VILA SÃO JOSE (1) | Vila São José (1) || SÃO JOSE (1)	CEP possui famílias de bairros estruturalmente distintas
74440480	8	REVISAR	Setor São José	Setor São José (3) | SETOR SÃO JOSÉ (3) | SAO JOSE (1) || VILA SÃO JOSE (1)	Há família dominante, porém sem segurança suficiente para alteração automática
74440485	3	SEGURO	Setor São José	Setor São José (2) | SETOR SÃO JOSÉ (1)	Todas as variantes pertencem à mesma família
74440500	3	BLOQUEADO		SETOR SÃO JOSÉ (1) | Setor São José (1) || VILA SÃO JOSÉ (1)	CEP possui famílias de bairros estruturalmente distintas
74440510	2	BLOQUEADO		VILA SÃO JOSÉ (1) || SETOR SÃO JOSÉ (1)	CEP possui famílias de bairros estruturalmente distintas
74440520	2	SEGURO	SETOR SÃO JOSÉ	SETOR SÃO JOSÉ (1) | Setor São José (1)	Todas as variantes pertencem à mesma família
74440530	7	REVISAR	SETOR SÃO JOSÉ	SETOR SÃO JOSÉ (3) | SÃO JOSE (1) | SÃO JOSÉ (1) | Setor São José (1) || VILA SAO JOSE (1)	Há família dominante, porém sem segurança suficiente para alteração automática
74440540	2	SEGURO	SETOR SÃO JOSÉ	SETOR SÃO JOSÉ (2)	Todas as variantes pertencem à mesma família
74440550	11	REVISAR	SETOR SÃO JOSÉ	SETOR SÃO JOSÉ (4) | Setor são José (1) | SÃO JOSE (1) | SAO JOSE (1) | Setor São José (1) || VILA SÃO JOSE (2) | Vila São José (1)	Há família dominante, porém sem segurança suficiente para alteração automática
74440560	7	REVISAR	Setor São José	Setor São José (3) | SETOR SÃO JOSÉ (2) | SAO JOSE (1) || Vila são José (1)	Há família dominante, porém sem segurança suficiente para alteração automática
74440590	6	REVISAR	Vila São José	Vila São José (2) | Vila são José (2) | VILA SÃO JOSE (1) || SETOR SÃO JOSÉ (1)	Há família dominante, porém sem segurança suficiente para alteração automática
74440600	4	SEGURO	SETOR SÃO JOSÉ	SETOR SÃO JOSÉ (4)	Todas as variantes pertencem à mesma família
74440610	6	SEGURO	SETOR SÃO JOSÉ	SETOR SÃO JOSÉ (4) | Setor São José (1) | SETOR SÃO JOSE (1)	Todas as variantes pertencem à mesma família
74440620	1	SEGURO	VILA SÃO JOSE	VILA SÃO JOSE (1)	Todas as variantes pertencem à mesma família
74440630	5	BLOQUEADO		VILA SÃO JOSE (1) | VILA SÃO JOSÉ (1) | Vila São José (1) || SETOR SÃO JOSÉ (2)	CEP possui famílias de bairros estruturalmente distintas
74440640	11	REVISAR	SETOR SÃO JOSÉ	SETOR SÃO JOSÉ (6) | Setor São José (2) | SETOR SÃO JOSE (1) || VILA SÃO JOSÉ (1) | VILA SÃO JOSE (1)	Há família dominante, porém sem segurança suficiente para alteração automática
74440650	2	SEGURO	SETOR SÃO JOSE	SETOR SÃO JOSE (1) | SETOR SÃO JOSÉ (1)	Todas as variantes pertencem à mesma família
74440660	1	SEGURO	VILA SÃO JOSÉ	VILA SÃO JOSÉ (1)	Todas as variantes pertencem à mesma família
74440670	5	BLOQUEADO		SETOR SÃO JOSÉ (4) || VILA SÃO JOSÉ (1)	CEP possui famílias de bairros estruturalmente distintas
74440690	1	SEGURO	SETOR SÃO JOSÉ	SETOR SÃO JOSÉ (1)	Todas as variantes pertencem à mesma família
74440700	3	BLOQUEADO		SETOR SÃO JOSÉ (1) | Setor São José (1) || VILA SÃO JOSÉ (1)	CEP possui famílias de bairros estruturalmente distintas
74440710	2	BLOQUEADO		VILA SÃO JOSE (1) || SETOR SÃO JOSÉ (1)	CEP possui famílias de bairros estruturalmente distintas
74440730	1	SEGURO	Setor São José	Setor São José (1)	Todas as variantes pertencem à mesma família
74440735	3	SEGURO	SETOR SÃO JOSÉ	SETOR SÃO JOSÉ (2) | Setor São José (1)	Todas as variantes pertencem à mesma família
74440740	1	SEGURO	VILA SÃO JOSÉ	VILA SÃO JOSÉ (1)	Todas as variantes pertencem à mesma família
74440810	2	SEGURO	VILA SÃO JOSÉ	VILA SÃO JOSÉ (1) | VILA SAO JOSE (1)	Todas as variantes pertencem à mesma família
74440820	1	SEGURO	Vila são José extensão	Vila são José extensão (1)	Todas as variantes pertencem à mesma família
74440840	1	SEGURO	Vila São José Extensão	Vila São José Extensão (1)	Todas as variantes pertencem à mesma família
74440920	1	SEGURO	VILA SÃO JOSE	VILA SÃO JOSE (1)	Todas as variantes pertencem à mesma família
74441010	2	BLOQUEADO		VILA SÃO JOSE (1) || SETOR SÃO JOSE (1)	CEP possui famílias de bairros estruturalmente distintas
74445010	15	SEGURO	VILA JOÃO VAZ	VILA JOÃO VAZ (11) | Vila João Vaz (3) | VILA JOAO VAZ (1)	Todas as variantes pertencem à mesma família
74445020	14	SEGURO	VILA JOÃO VAZ	VILA JOÃO VAZ (12) | VILA JOAO VAZ (1) | Vila João Vaz (1)	Todas as variantes pertencem à mesma família
74445040	13	SEGURO	VILA JOÃO VAZ	VILA JOÃO VAZ (10) | Vila João Vaz (2) | VILA JOAO VAZ (1)	Todas as variantes pertencem à mesma família
74445050	10	SEGURO	VILA JOÃO VAZ	VILA JOÃO VAZ (6) | Vila João Vaz (4)	Todas as variantes pertencem à mesma família
74445060	4	SEGURO	VILA JOÃO VAZ	VILA JOÃO VAZ (4)	Todas as variantes pertencem à mesma família
74445070	1	SEGURO	VILA JOAO VAZ	VILA JOAO VAZ (1)	Todas as variantes pertencem à mesma família
74445090	26	SEGURO	VILA JOÃO VAZ	VILA JOÃO VAZ (20) | Vila João Vaz (4) | VILA JOAO VAZ (2)	Todas as variantes pertencem à mesma família
74445100	2	SEGURO	VILA JOÃO VAZ	VILA JOÃO VAZ (2)	Todas as variantes pertencem à mesma família
74445110	23	SEGURO	VILA JOÃO VAZ	VILA JOÃO VAZ (18) | Vila João Vaz (5)	Todas as variantes pertencem à mesma família
74445120	2	SEGURO	SANTOS DUMONT	SANTOS DUMONT (2)	Todas as variantes pertencem à mesma família
74445130	3	SEGURO	VILA JOÃO VAZ	VILA JOÃO VAZ (3)	Todas as variantes pertencem à mesma família
74445140	6	SEGURO	VILA JOÃO VAZ	VILA JOÃO VAZ (4) | VILA JOAO VAZ (1) | Vila João Vaz (1)	Todas as variantes pertencem à mesma família
74445160	27	REVISAR	VILA JOÃO VAZ	VILA JOÃO VAZ (19) | Vila João Vaz (5) | VILA JOAO VAZ (2) || CAPUAVA (1)	Família dominante identificada, mas existem famílias distintas no mesmo CEP
74445170	7	SEGURO	VILA JOÃO VAZ	VILA JOÃO VAZ (4) | Vila João Vaz (2) | VILA JOAO VAZ (1)	Todas as variantes pertencem à mesma família
74445172	1	SEGURO	VILA JOÃO VAZ	VILA JOÃO VAZ (1)	Todas as variantes pertencem à mesma família
74445180	2	SEGURO	VILA JOÃO VAZ	VILA JOÃO VAZ (2)	Todas as variantes pertencem à mesma família
74445190	5	BLOQUEADO		VILA JOÃO VAZ (4) || SETOR NOROESTE (1)	CEP possui famílias de bairros estruturalmente distintas
74445200	3	SEGURO	VILA JOÃO VAZ	VILA JOÃO VAZ (3)	Todas as variantes pertencem à mesma família
74445210	7	SEGURO	VILA JOÃO VAZ	VILA JOÃO VAZ (4) | VILA JOAO VAZ (2) | Vila João Vaz (1)	Todas as variantes pertencem à mesma família
74445220	3	SEGURO	VILA JOÃO VAZ	VILA JOÃO VAZ (2) | VILA JOAO VAZ (1)	Todas as variantes pertencem à mesma família
74445230	18	REVISAR	VILA JOÃO VAZ	VILA JOÃO VAZ (15) | VILA JOAO VAZ (1) | Vila João Vaz (1) || JOÃO VAZ (1)	Família dominante identificada, mas existem famílias distintas no mesmo CEP
74445240	8	SEGURO	VILA JOÃO VAZ	VILA JOÃO VAZ (6) | Vila João Vaz (2)	Todas as variantes pertencem à mesma família
74445250	13	SEGURO	VILA JOÃO VAZ	VILA JOÃO VAZ (12) | VILA JOAO VAZ (1)	Todas as variantes pertencem à mesma família
74445260	12	REVISAR	VILA JOÃO VAZ	VILA JOÃO VAZ (7) | VILA JOAO VAZ (2) | Vila João Vaz (2) || CAPUAVA (1)	Família dominante identificada, mas existem famílias distintas no mesmo CEP
74445300	2	BLOQUEADO		RESIDENCIAL PRIVE NORTE (1) || CAPUAVA RESIDENCIAL PRIVE (1)	CEP possui famílias de bairros estruturalmente distintas
74445302	12	REVISAR	CAPUAVA RESIDENCIAL PRIVE	CAPUAVA RESIDENCIAL PRIVE (5) | CAPUAVA RESIDENCIAL PRIVÊ (3) | Capuava Residencial Privê (2) || CAPUAVA (2)	Família dominante identificada, mas existem famílias distintas no mesmo CEP
74445305	2	BLOQUEADO		RESIDENCIAL PRIVE NORTE (1) || CAPUAVA RESIDENCIAL PRIVÊ (1)	CEP possui famílias de bairros estruturalmente distintas
74445360	2	BLOQUEADO		FAZENDA CAVEIRA (1) || FAZENDA CAVEIRAS (1)	CEP possui famílias de bairros estruturalmente distintas
74445485	1	SEGURO	VILA MUTIRÃO	VILA MUTIRÃO (1)	Todas as variantes pertencem à mesma família
74446827	1	SEGURO	CANDIDA DE MORAIS	CANDIDA DE MORAIS (1)	Todas as variantes pertencem à mesma família
74447085	1	SEGURO	JARDIM CAMARGO	JARDIM CAMARGO (1)	Todas as variantes pertencem à mesma família
74447258	2	SEGURO	JARDIM COLORADO	JARDIM COLORADO (2)	Todas as variantes pertencem à mesma família
74450010	2	SEGURO	CAPUAVA	CAPUAVA (2)	Todas as variantes pertencem à mesma família
74450020	10	REVISAR	CAPUAVA	CAPUAVA (6) | Capuava (3) || BAIRRO CAPUAVA (1)	Há família dominante, porém sem segurança suficiente para alteração automática
74450030	3	SEGURO	Capuava	Capuava (3)	Todas as variantes pertencem à mesma família
74450040	2	SEGURO	Capuava	Capuava (1) | CAPUAVA (1)	Todas as variantes pertencem à mesma família
74450050	2	SEGURO	CAPUAVA	CAPUAVA (1) | Capuava (1)	Todas as variantes pertencem à mesma família
74450060	1	SEGURO	CAPUAVA	CAPUAVA (1)	Todas as variantes pertencem à mesma família
74450070	4	SEGURO	CAPUAVA	CAPUAVA (2) | Capuava (2)	Todas as variantes pertencem à mesma família
74450090	1	SEGURO	CAPUAVA	CAPUAVA (1)	Todas as variantes pertencem à mesma família
74450100	12	REVISAR	CAPUAVA	CAPUAVA (6) | Capuava (3) || BAIRRO CAPUAVA (3)	Há família dominante, porém sem segurança suficiente para alteração automática
74450110	8	SEGURO	CAPUAVA	CAPUAVA (6) | Capuava (2)	Todas as variantes pertencem à mesma família
74450120	1	SEGURO	BAIRRO CAPUAVA	BAIRRO CAPUAVA (1)	Todas as variantes pertencem à mesma família
74450130	1	SEGURO	CAPUAVA	CAPUAVA (1)	Todas as variantes pertencem à mesma família
74450150	4	SEGURO	CAPUAVA	CAPUAVA (4)	Todas as variantes pertencem à mesma família
74450170	19	REVISAR	CAPUAVA	CAPUAVA (14) | Capuava (4) || CANDIDA DE MORAES. (1)	Família dominante identificada, mas existem famílias distintas no mesmo CEP
74450180	15	REVISAR	CAPUAVA	CAPUAVA (9) | Capuava (5) || BAIRRO CAPUAVA (1)	Família dominante identificada, mas existem famílias distintas no mesmo CEP
74450200	2	SEGURO	CAPUAVA	CAPUAVA (1) | Capuava (1)	Todas as variantes pertencem à mesma família
74450210	4	SEGURO	CAPUAVA	CAPUAVA (2) | Capuava (2)	Todas as variantes pertencem à mesma família
74450230	5	SEGURO	CAPUAVA	CAPUAVA (5)	Todas as variantes pertencem à mesma família
74450240	1	SEGURO	CAPUAVA	CAPUAVA (1)	Todas as variantes pertencem à mesma família
74450260	4	SEGURO	CAPUAVA	CAPUAVA (3) | Capuava (1)	Todas as variantes pertencem à mesma família
74450290	1	SEGURO	Capuava	Capuava (1)	Todas as variantes pertencem à mesma família
74450300	4	BLOQUEADO		CAPUAVA (2) || JARDIM GRAMADO (1) || SETOR PERIM (1)	CEP possui famílias de bairros estruturalmente distintas
74450310	1	SEGURO	CAPUAVA	CAPUAVA (1)	Todas as variantes pertencem à mesma família
74450330	3	BLOQUEADO		CAPUAVA (1) | Capuava (1) || BAIRRO CAPUAVA (1)	CEP possui famílias de bairros estruturalmente distintas
74450340	4	SEGURO	CAPUAVA	CAPUAVA (3) | Capuava (1)	Todas as variantes pertencem à mesma família
74450360	1	SEGURO	Capuava	Capuava (1)	Todas as variantes pertencem à mesma família
74450370	1	SEGURO	CAPUAVA	CAPUAVA (1)	Todas as variantes pertencem à mesma família
74450380	2	SEGURO	CAPUAVA	CAPUAVA (1) | Capuava (1)	Todas as variantes pertencem à mesma família
74450390	20	REVISAR	CAPUAVA	CAPUAVA (14) | Capuava (4) || BAIRRO CAPUAVA (2)	Família dominante identificada, mas existem famílias distintas no mesmo CEP
74450400	31	REVISAR	CAPUAVA	CAPUAVA (23) | Capuava (4) || BAIRRO CAPUAVA (4)	Família dominante identificada, mas existem famílias distintas no mesmo CEP
74450420	3	SEGURO	CAPUAVA	CAPUAVA (2) | Capuava (1)	Todas as variantes pertencem à mesma família
74450440	6	BLOQUEADO		CAPUAVA (3) | Capuava (1) || BAIRRO CAPUAVA (2)	CEP possui famílias de bairros estruturalmente distintas
74450450	4	SEGURO	CAPUAVA	CAPUAVA (2) | Capuava (2)	Todas as variantes pertencem à mesma família
74450460	2	SEGURO	CAPUAVA	CAPUAVA (2)	Todas as variantes pertencem à mesma família
74450470	6	REVISAR	CAPUAVA	CAPUAVA (3) | Capuava (2) || MARABA (1)	Há família dominante, porém sem segurança suficiente para alteração automática
74450490	26	REVISAR	CAPUAVA	CAPUAVA (21) | Capuava (2) | SETOR CAPUAVA (1) || BAIRRO CAPUAVA (2)	Família dominante identificada, mas existem famílias distintas no mesmo CEP
74450550	1	SEGURO	JARDIM CURITIBA IV	JARDIM CURITIBA IV (1)	Todas as variantes pertencem à mesma família
74451150	1	SEGURO	RESIDENCIAL 14 BIS	RESIDENCIAL 14 BIS (1)	Todas as variantes pertencem à mesma família
74453170	1	SEGURO	VILA JOAO VAZ	VILA JOAO VAZ (1)	Todas as variantes pertencem à mesma família
74453460	2	SEGURO	VILA REGINA	VILA REGINA (2)	Todas as variantes pertencem à mesma família
74453470	4	SEGURO	VILA REGINA	VILA REGINA (3) | Vila Regina (1)	Todas as variantes pertencem à mesma família
74453490	1	SEGURO	VILA REGINA	VILA REGINA (1)	Todas as variantes pertencem à mesma família
74453500	4	SEGURO	VILA REGINA	VILA REGINA (3) | Vila Regina (1)	Todas as variantes pertencem à mesma família
74453540	17	SEGURO	VILA REGINA	VILA REGINA (12) | Vila Regina (4) | Vila regina (1)	Todas as variantes pertencem à mesma família
74453560	13	SEGURO	VILA REGINA	VILA REGINA (9) | Vila Regina (3) | SETOR VILA REGINA (1)	Todas as variantes pertencem à mesma família
74453570	8	SEGURO	Vila Regina	Vila Regina (4) | VILA REGINA (4)	Todas as variantes pertencem à mesma família
74453580	7	SEGURO	VILA REGINA	VILA REGINA (6) | Vila Regina (1)	Todas as variantes pertencem à mesma família
74453590	7	SEGURO	VILA REGINA	VILA REGINA (6) | Vila Regina (1)	Todas as variantes pertencem à mesma família
74453600	8	SEGURO	VILA REGINA	VILA REGINA (4) | Vila Regina (4)	Todas as variantes pertencem à mesma família
74453610	14	SEGURO	VILA REGINA	VILA REGINA (13) | Vila Regina (1)	Todas as variantes pertencem à mesma família
74453620	5	SEGURO	Vila Regina	Vila Regina (3) | VILA REGINA (2)	Todas as variantes pertencem à mesma família
74453625	2	SEGURO	VILA REGINA	VILA REGINA (2)	Todas as variantes pertencem à mesma família
74453650	8	SEGURO	VILA REGINA	VILA REGINA (5) | Vila Regina (3)	Todas as variantes pertencem à mesma família
74454250	1	SEGURO	NOVA ESPERANÇA	NOVA ESPERANÇA (1)	Todas as variantes pertencem à mesma família
74455070	6	SEGURO	JARDIM NOVA ESPERANÇA	JARDIM NOVA ESPERANÇA (5) | NOVA ESPERANÇA (1)	Todas as variantes pertencem à mesma família
74455130	1	SEGURO	VILA JOÃO VAZ	VILA JOÃO VAZ (1)	Todas as variantes pertencem à mesma família
74455530	1	SEGURO	JARDIM LIBERDADE	JARDIM LIBERDADE (1)	Todas as variantes pertencem à mesma família
74455535	1	SEGURO	NOVO MUNDO	NOVO MUNDO (1)	Todas as variantes pertencem à mesma família
74456290	1	SEGURO	JARDIM NOVA ESPERANÇA	JARDIM NOVA ESPERANÇA (1)	Todas as variantes pertencem à mesma família
74460010	7	SEGURO	JARDIM PETRÓPOLIS	JARDIM PETRÓPOLIS (3) | JARDIM PETROPOLIS (3) | Jardim Petrópolis (1)	Todas as variantes pertencem à mesma família
74460020	23	REVISAR	JARDIM PETRÓPOLIS	JARDIM PETRÓPOLIS (12) | JARDIM PETROPOLIS (7) | Jardim Petrópolis (3) || JARDIM PETROPLIS (1)	Família dominante identificada, mas existem famílias distintas no mesmo CEP
74460030	2	SEGURO	Jardim Petrópolis	Jardim Petrópolis (2)	Todas as variantes pertencem à mesma família
74460035	1	SEGURO	Jardim Petrópolis	Jardim Petrópolis (1)	Todas as variantes pertencem à mesma família
74460040	3	SEGURO	JARDIM PETRÓPOLIS	JARDIM PETRÓPOLIS (3)	Todas as variantes pertencem à mesma família
74460050	10	SEGURO	JARDIM PETRÓPOLIS	JARDIM PETRÓPOLIS (6) | JARDIM PETROPOLIS (2) | Jardim Petrópolis (2)	Todas as variantes pertencem à mesma família
74460060	8	SEGURO	JARDIM PETRÓPOLIS	JARDIM PETRÓPOLIS (4) | JARDIM PETROPOLIS (3) | Jardim Petrópolis (1)	Todas as variantes pertencem à mesma família
74460070	3	SEGURO	JARDIM PETRÓPOLIS	JARDIM PETRÓPOLIS (2) | JARDIM PETROPOLIS (1)	Todas as variantes pertencem à mesma família
74460080	3	SEGURO	JARDIM PETRÓPOLIS	JARDIM PETRÓPOLIS (2) | Jardim Petrópolis (1)	Todas as variantes pertencem à mesma família
74460090	1	SEGURO	JARDIM PETROPOLIS	JARDIM PETROPOLIS (1)	Todas as variantes pertencem à mesma família
74460100	1	SEGURO	JARDIM PETRÓPOLIS	JARDIM PETRÓPOLIS (1)	Todas as variantes pertencem à mesma família
74460110	2	BLOQUEADO		JARDIM LIBERDADE (1) || Jardim Petrópolis (1)	CEP possui famílias de bairros estruturalmente distintas
74460120	3	SEGURO	JARDIM PETROPOLIS	JARDIM PETROPOLIS (1) | JARDIM PETRÓPOLIS (1) | Jardim Petrópolis (1)	Todas as variantes pertencem à mesma família
74460130	3	SEGURO	JARDIM PETRÓPOLIS	JARDIM PETRÓPOLIS (2) | Jardim Petrópolis (1)	Todas as variantes pertencem à mesma família
74460170	1	SEGURO	JARDIM NOVO MUNDO	JARDIM NOVO MUNDO (1)	Todas as variantes pertencem à mesma família
74460180	1	SEGURO	VILA MUTIRAO	VILA MUTIRAO (1)	Todas as variantes pertencem à mesma família
74460390	1	SEGURO	JARDIM PETRÓPOLIS	JARDIM PETRÓPOLIS (1)	Todas as variantes pertencem à mesma família
74460440	2	SEGURO	JARDIM PETRÓPOLIS	JARDIM PETRÓPOLIS (1) | Jardim Petrópolis (1)	Todas as variantes pertencem à mesma família
74460445	1	SEGURO	JARDIM PETRÓPOLIS	JARDIM PETRÓPOLIS (1)	Todas as variantes pertencem à mesma família
74460450	2	SEGURO	JARDIM PETRÓPOLIS	JARDIM PETRÓPOLIS (1) | Jardim Petrópolis (1)	Todas as variantes pertencem à mesma família
74460460	1	SEGURO	JARDIM PETRÓPOLIS	JARDIM PETRÓPOLIS (1)	Todas as variantes pertencem à mesma família
74460470	1	SEGURO	JARDIM PETROPOLIS	JARDIM PETROPOLIS (1)	Todas as variantes pertencem à mesma família
74460500	7	REVISAR	JARDIM PETRÓPOLIS	JARDIM PETRÓPOLIS (3) | JARDIM PETROPOLIS (1) | Jardim Petrópolis (1) || Vila Regina (1) | VILA REGINA (1)	Há família dominante, porém sem segurança suficiente para alteração automática
74460570	1	SEGURO	JARDIM CURITIBA IV	JARDIM CURITIBA IV (1)	Todas as variantes pertencem à mesma família
74460630	3	SEGURO	JARDIM PETROPOLIS	JARDIM PETROPOLIS (2) | JARDIM PETRÓPOLIS (1)	Todas as variantes pertencem à mesma família
74460780	1	SEGURO	Residencial Petrópolis	Residencial Petrópolis (1)	Todas as variantes pertencem à mesma família
74460970	3	BLOQUEADO		VILA FINSOCIAL (1) || VALE DOS CARAIBAS (1) || SETOR MORADA DO SOL (1)	CEP possui famílias de bairros estruturalmente distintas
74461120	1	SEGURO	CONDOMÍNIO DO LAGO	CONDOMÍNIO DO LAGO (1)	Todas as variantes pertencem à mesma família
74461200	1	SEGURO	JARDIM CLARISSA	JARDIM CLARISSA (1)	Todas as variantes pertencem à mesma família
74461205	2	SEGURO	JARDIM CLARISSA	JARDIM CLARISSA (2)	Todas as variantes pertencem à mesma família
74461210	1	SEGURO	JARDIM CLARISSA	JARDIM CLARISSA (1)	Todas as variantes pertencem à mesma família
74461215	4	SEGURO	JARDIM CLARISSA	JARDIM CLARISSA (3) | Jardim Clarissa (1)	Todas as variantes pertencem à mesma família
74461220	4	SEGURO	JARDIM CLARISSA	JARDIM CLARISSA (3) | Jardim Clarissa (1)	Todas as variantes pertencem à mesma família
74461225	4	SEGURO	JARDIM CLARISSA	JARDIM CLARISSA (4)	Todas as variantes pertencem à mesma família
74461230	5	SEGURO	Jardim Clarissa	Jardim Clarissa (3) | JARDIM CLARISSA (2)	Todas as variantes pertencem à mesma família
74461240	1	SEGURO	JARDIM CLARISSA	JARDIM CLARISSA (1)	Todas as variantes pertencem à mesma família
74461245	2	SEGURO	JARDIM CLARISSA	JARDIM CLARISSA (2)	Todas as variantes pertencem à mesma família
74461250	7	SEGURO	JARDIM CLARISSA	JARDIM CLARISSA (6) | Jardim Clarissa (1)	Todas as variantes pertencem à mesma família
74461265	9	SEGURO	JARDIM CLARISSA	JARDIM CLARISSA (6) | Jardim Clarissa (3)	Todas as variantes pertencem à mesma família
74461290	3	SEGURO	JARDIM CLARISSA	JARDIM CLARISSA (2) | Jardim Clarissa (1)	Todas as variantes pertencem à mesma família
74461295	5	SEGURO	JARDIM CLARISSA	JARDIM CLARISSA (3) | Jardim Clarissa (2)	Todas as variantes pertencem à mesma família
74461310	4	SEGURO	JARDIM CLARISSA	JARDIM CLARISSA (3) | Jardim Clarissa (1)	Todas as variantes pertencem à mesma família
74461315	2	SEGURO	JARDIM CLARISSA	JARDIM CLARISSA (1) | Jardim Clarissa (1)	Todas as variantes pertencem à mesma família
74461650	1	SEGURO	SANTOS DUMONT	SANTOS DUMONT (1)	Todas as variantes pertencem à mesma família
74461715	1	SEGURO	MANSÕES PARAISO	MANSÕES PARAISO (1)	Todas as variantes pertencem à mesma família
74462060	1	SEGURO	JARDIM PETROPOLIS	JARDIM PETROPOLIS (1)	Todas as variantes pertencem à mesma família
74462760	1	SEGURO	SANTOS DUMONT	SANTOS DUMONT (1)	Todas as variantes pertencem à mesma família
74463015	2	SEGURO	SETOR SANTOS DUMONT	SETOR SANTOS DUMONT (1) | SANTOS DUMONT (1)	Todas as variantes pertencem à mesma família
74463023	3	SEGURO	PARQUE INDUSTRIAL PAULISTA	PARQUE INDUSTRIAL PAULISTA (3)	Todas as variantes pertencem à mesma família
74463025	1	SEGURO	CAPUAVA	CAPUAVA (1)	Todas as variantes pertencem à mesma família
74463030	2	BLOQUEADO		PARQUE INDUSTRIAL PAULISTA (1) || SANTOS DUMONT (1)	CEP possui famílias de bairros estruturalmente distintas
74463060	1	SEGURO	PARQUE INDUSTRIAL PAULISTA	PARQUE INDUSTRIAL PAULISTA (1)	Todas as variantes pertencem à mesma família
74463065	1	SEGURO	VILA REGINA	VILA REGINA (1)	Todas as variantes pertencem à mesma família
74463075	1	SEGURO	Parque Industrial Paulista	Parque Industrial Paulista (1)	Todas as variantes pertencem à mesma família
74463080	1	SEGURO	SANTOS DUMONT	SANTOS DUMONT (1)	Todas as variantes pertencem à mesma família
74463100	8	REVISAR	PARQUE INDUSTRIAL PAULISTA	PARQUE INDUSTRIAL PAULISTA (5) | Parque Industrial Paulista (2) || PARQUE INDUSTRIAL (1)	Há família dominante, porém sem segurança suficiente para alteração automática
74463150	11	BLOQUEADO		SETOR CÂNDIDA DE MORAIS (7) || CANDIDA DE MORAES (3) || CONDOMÍNIO MARESIA , RESIDENCIAL ITAMARACÁ (1)	CEP possui famílias de bairros estruturalmente distintas
74463160	6	BLOQUEADO		SETOR CÂNDIDA DE MORAIS (4) || CANDIDA DE MORAES (2)	CEP possui famílias de bairros estruturalmente distintas
74463165	19	BLOQUEADO		SETOR CÂNDIDA DE MORAIS (8) | Setor Cândida de Morais (4) || CANDIDA DE MORAES (3) | CÂNDIDA DE MORAES (1) || SETOR SANTOS DUMONT (2) || CÂNDIDAS DE MORAIS (1)	CEP possui famílias de bairros estruturalmente distintas
74463170	18	BLOQUEADO		CANDIDA DE MORAES (10) || SETOR CÂNDIDA DE MORAIS (6) | CÂNDIDA DE MORAIS (1) | Setor Cândida de Morais (1)	CEP possui famílias de bairros estruturalmente distintas
74463180	7	SEGURO	SETOR CÂNDIDA DE MORAIS	SETOR CÂNDIDA DE MORAIS (7)	Todas as variantes pertencem à mesma família
74463190	14	REVISAR	SETOR CÂNDIDA DE MORAIS	SETOR CÂNDIDA DE MORAIS (7) | Setor Cândida de Morais (4) | CANDIDA DE MORAIS (1) || CANDIDA DE MORAES (2)	Família dominante identificada, mas existem famílias distintas no mesmo CEP
74463200	44	REVISAR	SETOR CÂNDIDA DE MORAIS	SETOR CÂNDIDA DE MORAIS (21) | Setor Cândida de Morais (8) | CANDIDA DE MORAIS (1) | SETOR CANDIDA DE MORAIS (1) || CANDIDA DE MORAES (11) || SETOR CANDIDADE MORAES (1) || JARDIM NOVA ESPERANÇA (1)	Há família dominante, porém sem segurança suficiente para alteração automática
74463210	22	BLOQUEADO		SETOR CÂNDIDA DE MORAIS (11) | Setor Cândida de Morais (3) || CANDIDA DE MORAES (7) || CENTRO (1)	CEP possui famílias de bairros estruturalmente distintas
74463220	29	BLOQUEADO		SETOR CÂNDIDA DE MORAIS (11) | Setor Cândida de Morais (5) || CANDIDA DE MORAES (13)	CEP possui famílias de bairros estruturalmente distintas
74463230	20	REVISAR	SETOR CÂNDIDA DE MORAIS	SETOR CÂNDIDA DE MORAIS (10) | Setor Cândida de Morais (3) || CANDIDA DE MORAES (7)	Há família dominante, porém sem segurança suficiente para alteração automática
74463240	22	BLOQUEADO		CANDIDA DE MORAES (11) || SETOR CÂNDIDA DE MORAIS (6) | Setor Cândida de Morais (4) || JARDIM NOVA ESPERANÇA (1)	CEP possui famílias de bairros estruturalmente distintas
74463250	8	BLOQUEADO		SETOR CÂNDIDA DE MORAIS (5) || CANDIDA DE MORAES (3)	CEP possui famílias de bairros estruturalmente distintas
74463260	23	REVISAR	SETOR CÂNDIDA DE MORAIS	SETOR CÂNDIDA DE MORAIS (14) | CANDIDA DE MORAIS (1) | Setor Cândida de Morais (1) || CANDIDA DE MORAES (7)	Há família dominante, porém sem segurança suficiente para alteração automática
74463270	6	BLOQUEADO		SETOR CÂNDIDA DE MORAIS (3) || CANDIDA DE MORAES (2) || SANTOS DUMONT (1)	CEP possui famílias de bairros estruturalmente distintas
74463280	292	REVISAR	CANDIDA DE MORAES	CANDIDA DE MORAES (265) | SETOR CANDIDA DE MORAES (1) || SETOR CÂNDIDA DE MORAIS (17) | Setor Cândida de Morais (5) || JARDIM NOVA ESPERANÇA (3) || CANDIDO DE MORAES (1)	Família dominante identificada, mas existem famílias distintas no mesmo CEP
74463290	4	BLOQUEADO		SETOR CÂNDIDA DE MORAIS (2) || CAPUAVA (1) || CANDIDA DE MORAES (1)	CEP possui famílias de bairros estruturalmente distintas
74463310	1	SEGURO	SETOR CÂNDIDA DE MORAIS	SETOR CÂNDIDA DE MORAIS (1)	Todas as variantes pertencem à mesma família
74463317	2	BLOQUEADO		CAPUAVA (1) || Setor Cândida de Morais (1)	CEP possui famílias de bairros estruturalmente distintas
74463320	15	REVISAR	SETOR CÂNDIDA DE MORAIS	SETOR CÂNDIDA DE MORAIS (11) | Setor Cândida de Morais (2) || CANDIDA DE MORAES (2)	Família dominante identificada, mas existem famílias distintas no mesmo CEP
74463330	16	BLOQUEADO		SETOR CÂNDIDA DE MORAIS (8) | CÂNDIDA DE MORAIS (1) | Setor Cândida de Morais (1) || CANDIDA DE MORAES (5) | SETOR CANDIDA DE MORAES (1)	CEP possui famílias de bairros estruturalmente distintas
74463335	1	SEGURO	SETOR CÂNDIDA DE MORAIS	SETOR CÂNDIDA DE MORAIS (1)	Todas as variantes pertencem à mesma família
74463338	1	SEGURO	CANDIDA DE MORAES	CANDIDA DE MORAES (1)	Todas as variantes pertencem à mesma família
74463340	16	REVISAR	SETOR SANTOS DUMONT	SETOR SANTOS DUMONT (6) | SANTOS DUMONT (5) | Setor Santos Dumont (1) || CANDIDA DE MORAES (4)	Há família dominante, porém sem segurança suficiente para alteração automática
74463348	1	SEGURO	SETOR SANTOS DUMONT	SETOR SANTOS DUMONT (1)	Todas as variantes pertencem à mesma família
74463350	2	SEGURO	SETOR SANTOS DUMONT	SANTOS DUMONT (1) | SETOR SANTOS DUMONT (1)	Todas as variantes pertencem à mesma família
74463360	5	SEGURO	SETOR SANTOS DUMONT	SANTOS DUMONT (2) | SETOR SANTOS DUMONT (2) | Setor Santos Dumont (1)	Todas as variantes pertencem à mesma família
74463370	4	SEGURO	SETOR SANTOS DUMONT	SANTOS DUMONT (2) | SETOR SANTOS DUMONT (2)	Todas as variantes pertencem à mesma família
74463375	2	BLOQUEADO		CANDIDA DE MORAES (1) || SETOR SANTOS DUMONT (1)	CEP possui famílias de bairros estruturalmente distintas
74463380	24	REVISAR	SANTOS DUMONT	SANTOS DUMONT (11) | SETOR SANTOS DUMONT (8) | Setor Santos Dumont (4) || JARDIM NOVA ESPERANCA (1)	Família dominante identificada, mas existem famílias distintas no mesmo CEP
74463400	9	SEGURO	SETOR SANTOS DUMONT	SETOR SANTOS DUMONT (6) | Setor Santos Dumont (2) | SANTOS DUMONT (1)	Todas as variantes pertencem à mesma família
74463410	2	SEGURO	SETOR SANTOS DUMONT	SETOR SANTOS DUMONT (2)	Todas as variantes pertencem à mesma família
74463414	1	SEGURO	CANDIDA DE MORAES	CANDIDA DE MORAES (1)	Todas as variantes pertencem à mesma família
74463430	6	SEGURO	SETOR SANTOS DUMONT	SETOR SANTOS DUMONT (3) | Setor Santos Dumont (2) | SANTOS DUMONT (1)	Todas as variantes pertencem à mesma família
74463440	3	SEGURO	SETOR SANTOS DUMONT	SETOR SANTOS DUMONT (3)	Todas as variantes pertencem à mesma família
74463445	5	SEGURO	SETOR SANTOS DUMONT	SANTOS DUMONT (2) | SETOR SANTOS DUMONT (2) | Setor Santos Dumont (1)	Todas as variantes pertencem à mesma família
74463450	2	SEGURO	SETOR SANTOS DUMONT	SETOR SANTOS DUMONT (1) | Setor Santos Dumont (1)	Todas as variantes pertencem à mesma família
74463460	2	SEGURO	Setor Santos Dumont	SANTOS DUMONT (1) | Setor Santos Dumont (1)	Todas as variantes pertencem à mesma família
74463470	4	SEGURO	SETOR SANTOS DUMONT	SETOR SANTOS DUMONT (3) | SANTOS DUMONT (1)	Todas as variantes pertencem à mesma família
74463480	6	SEGURO	Setor Santos Dumont	Setor Santos Dumont (3) | SETOR SANTOS DUMONT (2) | SANTOS DUMONT (1)	Todas as variantes pertencem à mesma família
74463490	13	SEGURO	SETOR SANTOS DUMONT	SETOR SANTOS DUMONT (7) | SANTOS DUMONT (4) | Setor Santos Dumont (2)	Todas as variantes pertencem à mesma família
74463500	7	SEGURO	SETOR SANTOS DUMONT	SETOR SANTOS DUMONT (5) | SANTOS DUMONT (1) | Setor Santos Dumont (1)	Todas as variantes pertencem à mesma família
74463510	7	SEGURO	SETOR SANTOS DUMONT	SETOR SANTOS DUMONT (6) | Setor Santos Dumont (1)	Todas as variantes pertencem à mesma família
74463520	5	SEGURO	SETOR SANTOS DUMONT	SETOR SANTOS DUMONT (2) | Setor Santos Dumont (2) | SANTOS DUMONT (1)	Todas as variantes pertencem à mesma família
74463550	4	SEGURO	SANTOS DUMONT	SANTOS DUMONT (2) | SETOR SANTOS DUMONT (1) | Setor Santos Dumont (1)	Todas as variantes pertencem à mesma família
74463560	5	SEGURO	SETOR SANTOS DUMONT	SETOR SANTOS DUMONT (4) | Setor Santos Dumont (1)	Todas as variantes pertencem à mesma família
74463570	4	SEGURO	SETOR SANTOS DUMONT	SETOR SANTOS DUMONT (3) | Setor Santos Dumont (1)	Todas as variantes pertencem à mesma família
74463580	4	SEGURO	SETOR SANTOS DUMONT	SETOR SANTOS DUMONT (2) | SANTOS DUMONT (1) | Setor Santos Dumont (1)	Todas as variantes pertencem à mesma família
74463590	2	SEGURO	SETOR SANTOS DUMONT	SETOR SANTOS DUMONT (1) | Setor Santos Dumont (1)	Todas as variantes pertencem à mesma família
74463600	5	SEGURO	SETOR SANTOS DUMONT	SETOR SANTOS DUMONT (4) | Setor Santos Dumont (1)	Todas as variantes pertencem à mesma família
74463610	6	SEGURO	SANTOS DUMONT	SANTOS DUMONT (4) | SETOR SANTOS DUMONT (2)	Todas as variantes pertencem à mesma família
74463615	5	BLOQUEADO		SETOR SANTOS DUMONT (2) | Setor Santos Dumont (1) || SETOR CÂNDIDA DE MORAIS (1) || Jardim nova esperança (1)	CEP possui famílias de bairros estruturalmente distintas
74463620	3	SEGURO	SETOR SANTOS DUMONT	SETOR SANTOS DUMONT (2) | SANTOS DUMONT (1)	Todas as variantes pertencem à mesma família
74463630	3	SEGURO	SETOR SANTOS DUMONT	SETOR SANTOS DUMONT (2) | SANTOS DUMONT (1)	Todas as variantes pertencem à mesma família
74463640	7	SEGURO	SETOR SANTOS DUMONT	SETOR SANTOS DUMONT (3) | SANTOS DUMONT (2) | Setor Santos Dumont (2)	Todas as variantes pertencem à mesma família
74463650	2	SEGURO	SETOR SANTOS DUMONT	SETOR SANTOS DUMONT (1) | Setor Santos Dumont (1)	Todas as variantes pertencem à mesma família
74463660	24	SEGURO	Setor Santos Dumont	Setor Santos Dumont (8) | SANTOS DUMONT (8) | SETOR SANTOS DUMONT (8)	Todas as variantes pertencem à mesma família
74463670	12	SEGURO	SANTOS DUMONT	SANTOS DUMONT (7) | SETOR SANTOS DUMONT (3) | Setor Santos Dumont (2)	Todas as variantes pertencem à mesma família
74463680	5	SEGURO	SANTOS DUMONT	SANTOS DUMONT (3) | Setor Santos Dumont (1) | SETOR SANTOS DUMONT (1)	Todas as variantes pertencem à mesma família
74463690	13	SEGURO	SETOR SANTOS DUMONT	SETOR SANTOS DUMONT (10) | SANTOS DUMONT (2) | Setor Santos Dumont (1)	Todas as variantes pertencem à mesma família
74463710	2	SEGURO	Setor Santos Dumont	SANTOS DUMONT (1) | Setor Santos Dumont (1)	Todas as variantes pertencem à mesma família
74463720	2	SEGURO	SANTOS DUMONT	SANTOS DUMONT (2)	Todas as variantes pertencem à mesma família
74463730	2	SEGURO	SETOR SANTOS DUMONT	SETOR SANTOS DUMONT (1) | Setor Santos Dumont (1)	Todas as variantes pertencem à mesma família
74463740	3	SEGURO	SETOR SANTOS DUMONT	SETOR SANTOS DUMONT (1) | Setor Santos Dumont (1) | SANTOS DUMONT (1)	Todas as variantes pertencem à mesma família
74463750	8	SEGURO	SETOR SANTOS DUMONT	SETOR SANTOS DUMONT (4) | SANTOS DUMONT (3) | Setor Santos Dumont (1)	Todas as variantes pertencem à mesma família
74463760	33	SEGURO	SANTOS DUMONT	SANTOS DUMONT (16) | SETOR SANTOS DUMONT (14) | Setor Santos Dumont (3)	Todas as variantes pertencem à mesma família
74463770	26	SEGURO	SANTOS DUMONT	SANTOS DUMONT (13) | SETOR SANTOS DUMONT (10) | Setor Santos Dumont (3)	Todas as variantes pertencem à mesma família
74463780	15	SEGURO	SETOR SANTOS DUMONT	SETOR SANTOS DUMONT (9) | SANTOS DUMONT (4) | Setor Santos Dumont (2)	Todas as variantes pertencem à mesma família
74463790	7	SEGURO	SANTOS DUMONT	SANTOS DUMONT (4) | SETOR SANTOS DUMONT (3)	Todas as variantes pertencem à mesma família
74463800	8	SEGURO	SETOR SANTOS DUMONT	SETOR SANTOS DUMONT (5) | Setor Santos Dumont (3)	Todas as variantes pertencem à mesma família
74463810	18	SEGURO	SETOR SANTOS DUMONT	SETOR SANTOS DUMONT (11) | SANTOS DUMONT (7)	Todas as variantes pertencem à mesma família
74463820	10	SEGURO	SETOR SANTOS DUMONT	SETOR SANTOS DUMONT (6) | Setor Santos Dumont (3) | SANTOS DUMONT (1)	Todas as variantes pertencem à mesma família
74463830	14	SEGURO	SETOR SANTOS DUMONT	SETOR SANTOS DUMONT (7) | SANTOS DUMONT (6) | Setor Santos Dumont (1)	Todas as variantes pertencem à mesma família
74463831	1	SEGURO	RESIDENCIAL 14 BIS	RESIDENCIAL 14 BIS (1)	Todas as variantes pertencem à mesma família
74463833	2	SEGURO	RESIDENCIAL 14 BIS	RESIDENCIAL 14 BIS (2)	Todas as variantes pertencem à mesma família
74463835	8	SEGURO	RESIDENCIAL 14 BIS	RESIDENCIAL 14 BIS (4) | Residencial 14 Bis (4)	Todas as variantes pertencem à mesma família
74463836	9	SEGURO	RESIDENCIAL 14 BIS	RESIDENCIAL 14 BIS (5) | Residencial 14 Bis (4)	Todas as variantes pertencem à mesma família
74463837	2	SEGURO	RESIDENCIAL 14 BIS	RESIDENCIAL 14 BIS (1) | Residencial 14 Bis (1)	Todas as variantes pertencem à mesma família
74463838	2	SEGURO	RESIDENCIAL 14 BIS	RESIDENCIAL 14 BIS (2)	Todas as variantes pertencem à mesma família
74463840	3	SEGURO	Jardim Bonanza	Jardim Bonanza (3)	Todas as variantes pertencem à mesma família
74463846	2	SEGURO	JARDIM BONANZA	JARDIM BONANZA (1) | Jardim Bonanza (1)	Todas as variantes pertencem à mesma família
74463848	4	SEGURO	JARDIM BONANZA	JARDIM BONANZA (3) | Jardim Bonanza (1)	Todas as variantes pertencem à mesma família
74463850	6	REVISAR	JARDIM BONANZA	JARDIM BONANZA (3) | Jardim Bonanza (2) || SANTOS DUMONT (1)	Há família dominante, porém sem segurança suficiente para alteração automática
74463852	3	SEGURO	JARDIM BONANZA	JARDIM BONANZA (3)	Todas as variantes pertencem à mesma família
74463856	3	SEGURO	JARDIM BONANZA	JARDIM BONANZA (2) | Jardim Bonanza (1)	Todas as variantes pertencem à mesma família
74463860	2	SEGURO	JARDIM BONANZA	JARDIM BONANZA (2)	Todas as variantes pertencem à mesma família
74463862	7	SEGURO	JARDIM BONANZA	JARDIM BONANZA (5) | Jardim Bonanza (2)	Todas as variantes pertencem à mesma família
74463868	6	SEGURO	JARDIM BONANZA	JARDIM BONANZA (4) | Jardim Bonanza (2)	Todas as variantes pertencem à mesma família
74463870	1	SEGURO	JARDIM BONANZA	JARDIM BONANZA (1)	Todas as variantes pertencem à mesma família
74463872	2	SEGURO	JARDIM BONANZA	JARDIM BONANZA (2)	Todas as variantes pertencem à mesma família
74463874	1	SEGURO	Jardim Bonanza	Jardim Bonanza (1)	Todas as variantes pertencem à mesma família
74463875	7	SEGURO	JARDIM BONANZA	JARDIM BONANZA (7)	Todas as variantes pertencem à mesma família
74464000	4	SEGURO	SETOR BARRA DA TIJUCA	SETOR BARRA DA TIJUCA (2) | BARRA DA TIJUCA (1) | Setor Barra da Tijuca (1)	Todas as variantes pertencem à mesma família
74464010	13	SEGURO	BARRA DA TIJUCA	BARRA DA TIJUCA (6) | SETOR BARRA DA TIJUCA (5) | Setor Barra da Tijuca (2)	Todas as variantes pertencem à mesma família
74464016	1	SEGURO	BAIRRO DA TIJUCA	BAIRRO DA TIJUCA (1)	Todas as variantes pertencem à mesma família
74464020	1	SEGURO	SETOR BARRA DA TIJUCA	SETOR BARRA DA TIJUCA (1)	Todas as variantes pertencem à mesma família
74464025	5	SEGURO	SETOR BARRA DA TIJUCA	SETOR BARRA DA TIJUCA (4) | BARRA DA TIJUCA (1)	Todas as variantes pertencem à mesma família
74464030	5	SEGURO	SETOR BARRA DA TIJUCA	BARRA DA TIJUCA (2) | SETOR BARRA DA TIJUCA (2) | Setor Barra da Tijuca (1)	Todas as variantes pertencem à mesma família
74464040	3	SEGURO	SETOR BARRA DA TIJUCA	BARRA DA TIJUCA (1) | SETOR BARRA DA TIJUCA (1) | Setor Barra da Tijuca (1)	Todas as variantes pertencem à mesma família
74464045	2	SEGURO	SETOR BARRA DA TIJUCA	SETOR BARRA DA TIJUCA (2)	Todas as variantes pertencem à mesma família
74464055	1	SEGURO	BARRA DA TIJUCA	BARRA DA TIJUCA (1)	Todas as variantes pertencem à mesma família
74464060	1	SEGURO	SETOR BARRA DA TIJUCA	SETOR BARRA DA TIJUCA (1)	Todas as variantes pertencem à mesma família
74464065	1	SEGURO	Setor Barra da Tijuca	Setor Barra da Tijuca (1)	Todas as variantes pertencem à mesma família
74464070	5	SEGURO	SETOR BARRA DA TIJUCA	SETOR BARRA DA TIJUCA (3) | BARRA DA TIJUCA (1) | Setor Barra da Tijuca (1)	Todas as variantes pertencem à mesma família
74464075	4	SEGURO	SETOR BARRA DA TIJUCA	SETOR BARRA DA TIJUCA (2) | BARRA DA TIJUCA (1) | Setor Barra da Tijuca (1)	Todas as variantes pertencem à mesma família
74464110	1	SEGURO	Jardim Novo Petrópolis	Jardim Novo Petrópolis (1)	Todas as variantes pertencem à mesma família
74464120	2	BLOQUEADO		JARDIM NOVO PETRÓPOLIS (1) || JARDIM PETROPOLIS (1)	CEP possui famílias de bairros estruturalmente distintas
74464130	4	BLOQUEADO		JARDIM NOVO PETRÓPOLIS (2) || JARDIM PETROPOLIS (1) | JARDIM PETRÓPOLIS (1)	CEP possui famílias de bairros estruturalmente distintas
74464135	11	REVISAR	Jardim Novo Petrópolis	Jardim Novo Petrópolis (5) | JARDIM NOVO PETRÓPOLIS (4) || JARDIM PETROPOLIS (1) | JARDIM PETRÓPOLIS (1)	Há família dominante, porém sem segurança suficiente para alteração automática
74464145	4	SEGURO	JARDIM NOVO PETRÓPOLIS	JARDIM NOVO PETRÓPOLIS (3) | Jardim Novo Petrópolis (1)	Todas as variantes pertencem à mesma família
74464149	2	SEGURO	Jardim Novo Petrópolis	Jardim Novo Petrópolis (1) | JARDIM NOVO PETRÓPOLIS (1)	Todas as variantes pertencem à mesma família
74464150	2	SEGURO	RESIDENCIAL 14 BIS EXTENSÃO	RESIDENCIAL 14 BIS EXTENSÃO (2)	Todas as variantes pertencem à mesma família
74464155	4	BLOQUEADO		RESIDENCIAL 14 BIS EXTENSÃO (2) | Residencial 14 Bis Extensão (1) || RESIDENCIAL 14 BIS (1)	CEP possui famílias de bairros estruturalmente distintas
74464165	1	SEGURO	RESIDENCIAL 14 BIS EXTENSÃO	RESIDENCIAL 14 BIS EXTENSÃO (1)	Todas as variantes pertencem à mesma família
74464534	1	SEGURO	SETOR MARABÁ	SETOR MARABÁ (1)	Todas as variantes pertencem à mesma família
74465010	33	REVISAR	JARDIM NOVA ESPERANÇA	JARDIM NOVA ESPERANÇA (27) | Jardim Nova Esperança (5) || JARDIM NOVA ESPERANÇAA (1)	Família dominante identificada, mas existem famílias distintas no mesmo CEP
74465020	36	SEGURO	JARDIM NOVA ESPERANÇA	JARDIM NOVA ESPERANÇA (33) | Jardim Nova Esperança (3)	Todas as variantes pertencem à mesma família
74465025	15	REVISAR	JARDIM NOVA ESPERANÇA	JARDIM NOVA ESPERANÇA (11) | Jardim Nova Esperança (2) || CANDIDA DE MORAIS (1) || CANDIDA DE MORAES (1)	Família dominante identificada, mas existem famílias distintas no mesmo CEP
74465030	4	SEGURO	JARDIM NOVA ESPERANÇA	JARDIM NOVA ESPERANÇA (4)	Todas as variantes pertencem à mesma família
74465040	6	SEGURO	JARDIM NOVA ESPERANÇA	JARDIM NOVA ESPERANÇA (6)	Todas as variantes pertencem à mesma família
74465050	46	SEGURO	JARDIM NOVA ESPERANÇA	JARDIM NOVA ESPERANÇA (39) | Jardim Nova Esperança (6) | NOVA ESPERANÇA (1)	Todas as variantes pertencem à mesma família
74465060	3	SEGURO	JARDIM NOVA ESPERANÇA	JARDIM NOVA ESPERANÇA (3)	Todas as variantes pertencem à mesma família
74465070	45	SEGURO	JARDIM NOVA ESPERANÇA	JARDIM NOVA ESPERANÇA (35) | Jardim Nova Esperança (8) | JARDIM NOVA ESPERANCA (1) | Jardim Nova esperança (1)	Todas as variantes pertencem à mesma família
74465080	2	BLOQUEADO		PARQUE TREMENDÃO (1) || JARDIM NOVA ESPERANÇA (1)	CEP possui famílias de bairros estruturalmente distintas
74465090	4	BLOQUEADO		JARDIM NOVA ESPERANÇA (2) | Jardim Nova Esperança (1) || PARQUE DAS FLORES (1)	CEP possui famílias de bairros estruturalmente distintas
74465100	81	REVISAR	JARDIM NOVA ESPERANÇA	JARDIM NOVA ESPERANÇA (63) | Jardim Nova Esperança (16) | NOVA ESPERANÇA (1) || JARDIM GRAMADO (1)	Família dominante identificada, mas existem famílias distintas no mesmo CEP
74465110	1	SEGURO	JARDIM NOVA ESPERANÇA	JARDIM NOVA ESPERANÇA (1)	Todas as variantes pertencem à mesma família
74465120	47	SEGURO	JARDIM NOVA ESPERANÇA	JARDIM NOVA ESPERANÇA (36) | Jardim Nova Esperança (11)	Todas as variantes pertencem à mesma família
74465140	130	REVISAR	JARDIM NOVA ESPERANÇA	JARDIM NOVA ESPERANÇA (69) | Jardim Nova Esperança (12) | JARDIM NOVA ESPERANCA (2) | NOVA ESPERANÇA (2) || JARDIM COLORADO (13) || JARDIM DAS HORTÊNCIAS (6) | JARDIM DAS HORTENCIAS (2) || NOVO PLANALTO (5) || SETOR MARABÁ (4) || CANDIDA DE MORAES (3) || JARDIM LIBERDADE (2) || MANSÕES PARAÍSO (2) || SETOR NOROESTE (2) || ALBINO BOAVENTURA (1) || MORADA DO SOL (1) || VILA FINSOCIAL (1) || JARDIM HELLOU (1) || PARQUE TREMENDÃO (1) || RESIDENCIAL MANSOES PARAISO (1)	Há família dominante, porém sem segurança suficiente para alteração automática
74465150	34	SEGURO	JARDIM NOVA ESPERANÇA	JARDIM NOVA ESPERANÇA (28) | Jardim Nova Esperança (6)	Todas as variantes pertencem à mesma família
74465160	48	SEGURO	JARDIM NOVA ESPERANÇA	JARDIM NOVA ESPERANÇA (41) | Jardim Nova Esperança (7)	Todas as variantes pertencem à mesma família
74465170	17	SEGURO	JARDIM NOVA ESPERANÇA	JARDIM NOVA ESPERANÇA (15) | Jardim Nova Esperança (2)	Todas as variantes pertencem à mesma família
74465180	2	SEGURO	JARDIM NOVA ESPERANÇA	JARDIM NOVA ESPERANÇA (2)	Todas as variantes pertencem à mesma família
74465190	57	SEGURO	JARDIM NOVA ESPERANÇA	JARDIM NOVA ESPERANÇA (42) | Jardim Nova Esperança (14) | NOVA ESPERANÇA (1)	Todas as variantes pertencem à mesma família
74465200	21	SEGURO	JARDIM NOVA ESPERANÇA	JARDIM NOVA ESPERANÇA (21)	Todas as variantes pertencem à mesma família
74465210	52	SEGURO	JARDIM NOVA ESPERANÇA	JARDIM NOVA ESPERANÇA (43) | Jardim Nova Esperança (8) | JARDIM NOVA ESPERANCA (1)	Todas as variantes pertencem à mesma família
74465215	18	REVISAR	JARDIM NOVA ESPERANÇA	JARDIM NOVA ESPERANÇA (12) | Jardim Nova Esperança (5) || PARQUE TREMENDAO (1)	Família dominante identificada, mas existem famílias distintas no mesmo CEP
74465220	4	SEGURO	Jardim Nova Esperança	Jardim Nova Esperança (2) | JARDIM NOVA ESPERANCA (1) | JARDIM NOVA ESPERANÇA (1)	Todas as variantes pertencem à mesma família
74465230	3	SEGURO	JARDIM NOVA ESPERANÇA	JARDIM NOVA ESPERANÇA (2) | Jardim Nova Esperança (1)	Todas as variantes pertencem à mesma família
74465240	2	SEGURO	JARDIM NOVA ESPERANÇA	JARDIM NOVA ESPERANÇA (2)	Todas as variantes pertencem à mesma família
74465250	13	SEGURO	JARDIM NOVA ESPERANÇA	JARDIM NOVA ESPERANÇA (8) | Jardim Nova Esperança (5)	Todas as variantes pertencem à mesma família
74465260	7	SEGURO	JARDIM NOVA ESPERANÇA	JARDIM NOVA ESPERANÇA (6) | Jardim Nova Esperança (1)	Todas as variantes pertencem à mesma família
74465270	59	SEGURO	JARDIM NOVA ESPERANÇA	JARDIM NOVA ESPERANÇA (45) | Jardim Nova Esperança (13) | JARDIM NOVA ESPERANCA (1)	Todas as variantes pertencem à mesma família
74465280	60	REVISAR	JARDIM NOVA ESPERANÇA	JARDIM NOVA ESPERANÇA (53) | Jardim Nova Esperança (4) | NOVA ESPERANÇA (1) || CANDIDA DE MORAES (1) || SANTOS DUMONT (1)	Família dominante identificada, mas existem famílias distintas no mesmo CEP
74465290	62	SEGURO	JARDIM NOVA ESPERANÇA	JARDIM NOVA ESPERANÇA (55) | Jardim Nova Esperança (7)	Todas as variantes pertencem à mesma família
74465299	1	SEGURO	JARDIM NOVA ESPERANÇA	JARDIM NOVA ESPERANÇA (1)	Todas as variantes pertencem à mesma família
74465300	10	SEGURO	JARDIM NOVA ESPERANÇA	JARDIM NOVA ESPERANÇA (6) | Jardim Nova Esperança (3) | JARDIM NOVA ESPERANCA (1)	Todas as variantes pertencem à mesma família
74465310	24	REVISAR	JARDIM NOVA ESPERANÇA	JARDIM NOVA ESPERANÇA (12) | Jardim Nova Esperança (9) || JARDIM NOVO MUNDO (2) || BARRA DA TIJUCA (1)	Família dominante identificada, mas existem famílias distintas no mesmo CEP
74465320	3	SEGURO	JARDIM NOVA ESPERANÇA	JARDIM NOVA ESPERANÇA (3)	Todas as variantes pertencem à mesma família
74465330	1	SEGURO	JARDIM NOVA ESPERANÇA	JARDIM NOVA ESPERANÇA (1)	Todas as variantes pertencem à mesma família
74465340	14	SEGURO	JARDIM NOVA ESPERANÇA	JARDIM NOVA ESPERANÇA (13) | Jardim Nova Esperança (1)	Todas as variantes pertencem à mesma família
74465350	34	SEGURO	JARDIM NOVA ESPERANÇA	JARDIM NOVA ESPERANÇA (28) | Jardim Nova Esperança (6)	Todas as variantes pertencem à mesma família
74465360	6	SEGURO	JARDIM NOVA ESPERANÇA	JARDIM NOVA ESPERANÇA (4) | NOVA ESPERANÇA (1) | Jardim Nova Esperança (1)	Todas as variantes pertencem à mesma família
74465370	20	SEGURO	JARDIM NOVA ESPERANÇA	JARDIM NOVA ESPERANÇA (16) | Jardim Nova Esperança (4)	Todas as variantes pertencem à mesma família
74465380	8	SEGURO	JARDIM NOVA ESPERANÇA	JARDIM NOVA ESPERANÇA (8)	Todas as variantes pertencem à mesma família
74465390	46	SEGURO	JARDIM NOVA ESPERANÇA	JARDIM NOVA ESPERANÇA (37) | Jardim Nova Esperança (6) | NOVA ESPERANÇA (2) | JARDIM NOVA ESPERANCA (1)	Todas as variantes pertencem à mesma família
74465400	4	SEGURO	JARDIM NOVA ESPERANÇA	JARDIM NOVA ESPERANÇA (4)	Todas as variantes pertencem à mesma família
74465410	3	SEGURO	JARDIM NOVA ESPERANÇA	JARDIM NOVA ESPERANÇA (2) | Jardim Nova Esperança (1)	Todas as variantes pertencem à mesma família
74465420	60	SEGURO	JARDIM NOVA ESPERANÇA	JARDIM NOVA ESPERANÇA (47) | Jardim Nova Esperança (13)	Todas as variantes pertencem à mesma família
74465440	48	SEGURO	JARDIM NOVA ESPERANÇA	JARDIM NOVA ESPERANÇA (39) | Jardim Nova Esperança (8) | JARDIM NOVA ESPERANCA (1)	Todas as variantes pertencem à mesma família
74465445	306	REVISAR	JARDIM NOVA ESPERANÇA	JARDIM NOVA ESPERANÇA (273) | Jardim Nova Esperança (6) || CANDIDA DE MORAES (26) || JARDIM COLORADO (1)	Família dominante identificada, mas existem famílias distintas no mesmo CEP
74465450	7	SEGURO	JARDIM NOVA ESPERANÇA	JARDIM NOVA ESPERANÇA (5) | JARDIM NOVA ESPERANCA (1) | Jardim Nova Esperança (1)	Todas as variantes pertencem à mesma família
74465460	23	SEGURO	JARDIM NOVA ESPERANÇA	JARDIM NOVA ESPERANÇA (20) | Jardim Nova Esperança (2) | JARDIM NOVA  ESPERANÇA (1)	Todas as variantes pertencem à mesma família
74465470	1	SEGURO	JARDIM NOVA ESPERANÇA	JARDIM NOVA ESPERANÇA (1)	Todas as variantes pertencem à mesma família
74465490	14	SEGURO	JARDIM NOVA ESPERANÇA	JARDIM NOVA ESPERANÇA (11) | Jardim Nova Esperança (3)	Todas as variantes pertencem à mesma família
74465500	1	SEGURO	SANTOS DUMONT	SANTOS DUMONT (1)	Todas as variantes pertencem à mesma família
74465510	3	SEGURO	JARDIM NOVA ESPERANÇA	JARDIM NOVA ESPERANÇA (3)	Todas as variantes pertencem à mesma família
74465520	7	SEGURO	JARDIM NOVA ESPERANÇA	JARDIM NOVA ESPERANÇA (6) | Jardim Nova Esperança (1)	Todas as variantes pertencem à mesma família
74465521	7	SEGURO	SETOR MARABÁ	SETOR MARABÁ (5) | Setor Marabá (2)	Todas as variantes pertencem à mesma família
74465523	2	SEGURO	SETOR MARABÁ	SETOR MARABÁ (2)	Todas as variantes pertencem à mesma família
74465524	19	REVISAR	SETOR MARABÁ	SETOR MARABÁ (14) | Setor Marabá (2) | SETOR MARABA (1) || SETOR NOROESTE (2)	Família dominante identificada, mas existem famílias distintas no mesmo CEP
74465526	1	SEGURO	SETOR MARABÁ	SETOR MARABÁ (1)	Todas as variantes pertencem à mesma família
74465527	6	REVISAR	SETOR MARABÁ	SETOR MARABÁ (4) | Setor Marabá (1) || RESIDENCIAL SAO MARCOS (1)	Há família dominante, porém sem segurança suficiente para alteração automática
74465528	2	SEGURO	SETOR MARABA	SETOR MARABA (1) | SETOR MARABÁ (1)	Todas as variantes pertencem à mesma família
74465529	1	SEGURO	SETOR MARABÁ	SETOR MARABÁ (1)	Todas as variantes pertencem à mesma família
74465530	2	SEGURO	SETOR MARABÁ	SETOR MARABÁ (2)	Todas as variantes pertencem à mesma família
74465531	6	SEGURO	SETOR MARABÁ	SETOR MARABÁ (6)	Todas as variantes pertencem à mesma família
74465532	5	SEGURO	SETOR MARABÁ	SETOR MARABÁ (5)	Todas as variantes pertencem à mesma família
74465534	2	SEGURO	SETOR MARABÁ	SETOR MARABÁ (1) | SETOR MARABA (1)	Todas as variantes pertencem à mesma família
74465535	3	SEGURO	SETOR MARABÁ	SETOR MARABÁ (3)	Todas as variantes pertencem à mesma família
74465536	1	SEGURO	SETOR MARABÁ	SETOR MARABÁ (1)	Todas as variantes pertencem à mesma família
74465537	6	SEGURO	SETOR MARABÁ	SETOR MARABÁ (4) | SETOR MARABA (1) | Setor Marabá (1)	Todas as variantes pertencem à mesma família
74465538	1	SEGURO	Setor Marabá	Setor Marabá (1)	Todas as variantes pertencem à mesma família
74465539	1	SEGURO	SETOR MARABÁ	SETOR MARABÁ (1)	Todas as variantes pertencem à mesma família
74465541	14	SEGURO	SETOR NOROESTE	SETOR NOROESTE (10) | Setor Noroeste (4)	Todas as variantes pertencem à mesma família
74465543	10	SEGURO	SETOR NOROESTE	SETOR NOROESTE (9) | Setor Noroeste (1)	Todas as variantes pertencem à mesma família
74465544	11	SEGURO	SETOR NOROESTE	SETOR NOROESTE (11)	Todas as variantes pertencem à mesma família
74465547	1	SEGURO	SETOR NOROESTE	SETOR NOROESTE (1)	Todas as variantes pertencem à mesma família
74465549	1	SEGURO	SETOR NOROESTE	SETOR NOROESTE (1)	Todas as variantes pertencem à mesma família
74465550	6	SEGURO	SETOR NOROESTE	SETOR NOROESTE (5) | Setor Noroeste (1)	Todas as variantes pertencem à mesma família
74465553	2	BLOQUEADO		SETOR NOROESTE (1) || SETOR MARABA (1)	CEP possui famílias de bairros estruturalmente distintas
74465600	1	SEGURO	JARDIM LIBERDADE	JARDIM LIBERDADE (1)	Todas as variantes pertencem à mesma família
74465604	1	SEGURO	Setor Marabá Extensão	Setor Marabá Extensão (1)	Todas as variantes pertencem à mesma família
74465640	1	SEGURO	JARDIM LIBERDADE	JARDIM LIBERDADE (1)	Todas as variantes pertencem à mesma família
74465970	2	SEGURO	JARDIM NOVA ESPERANÇA	JARDIM NOVA ESPERANÇA (2)	Todas as variantes pertencem à mesma família
74466770	1	SEGURO	SANTOS DUMONT	SANTOS DUMONT (1)	Todas as variantes pertencem à mesma família
74468830	1	SEGURO	SANTOS DUMONT	SANTOS DUMONT (1)	Todas as variantes pertencem à mesma família
74470010	11	SEGURO	CHACARAS MANSOES ROSAS DE OURO	CHACARAS MANSOES ROSAS DE OURO (4) | Chácaras Mansões Rosas de Ouro (4) | CHÁCARAS MANSÕES ROSAS DE OURO (3)	Todas as variantes pertencem à mesma família
74470015	5	BLOQUEADO		CHACARAS MANSOES ROSAS DE OURO (1) | Chácaras Mansões Rosas de Ouro (1) || FAZENDA CAVEIRA (2) || RESIDENCIAL ANGLO (1)	CEP possui famílias de bairros estruturalmente distintas
74470019	1	SEGURO	BAIRRO DA VITÓRIA	BAIRRO DA VITÓRIA (1)	Todas as variantes pertencem à mesma família
74470025	1	SEGURO	JARDIM COLORADO	JARDIM COLORADO (1)	Todas as variantes pertencem à mesma família
74470060	10	SEGURO	CHÁCARAS MANSÕES ROSAS DE OURO	CHÁCARAS MANSÕES ROSAS DE OURO (8) | Chácaras Mansões Rosas de Ouro (2)	Todas as variantes pertencem à mesma família
74470065	2	BLOQUEADO		RECREIO SÃO JOAQUIM (1) || CHÁCARAS DE RECREIO SÃO JOAQUIM (1)	CEP possui famílias de bairros estruturalmente distintas
74470071	3	BLOQUEADO		CHACARAS MANSOES ROSAS DE OURO (1) | CHÁCARAS MANSÕES ROSAS DE OURO (1) || SETOR MANSÕES ROSAS DE OURO (1)	CEP possui famílias de bairros estruturalmente distintas
74470230	1	SEGURO	RECREIO SÃO JOAQUIM	RECREIO SÃO JOAQUIM (1)	Todas as variantes pertencem à mesma família
74470245	1	SEGURO	SETOR SÃO JOSÉ	SETOR SÃO JOSÉ (1)	Todas as variantes pertencem à mesma família
74470275	3	BLOQUEADO		RECREIO SÃO JOAQUIM (1) || Chácaras de Recreio São Joaquim (1) || santos dumont (1)	CEP possui famílias de bairros estruturalmente distintas
74470290	1	SEGURO	CHACARAS MANSOES ROSAS DE OURO	CHACARAS MANSOES ROSAS DE OURO (1)	Todas as variantes pertencem à mesma família
74470300	1	SEGURO	CHÁCARAS DE RECREIO SÃO JOAQUIM	CHÁCARAS DE RECREIO SÃO JOAQUIM (1)	Todas as variantes pertencem à mesma família
74470312	1	SEGURO	SANTOS DUMONT	SANTOS DUMONT (1)	Todas as variantes pertencem à mesma família
74470360	1	SEGURO	CHACARAS MANSOES ROSAS DE OURO	CHACARAS MANSOES ROSAS DE OURO (1)	Todas as variantes pertencem à mesma família
74470390	1	SEGURO	NOVO PLANALTO	NOVO PLANALTO (1)	Todas as variantes pertencem à mesma família
74470440	1	SEGURO	FAZENDA CAVEIRA	FAZENDA CAVEIRA (1)	Todas as variantes pertencem à mesma família
74470700	10	REVISAR	RESIDENCIAL JARDIM HELOU	RESIDENCIAL JARDIM HELOU (6) | Residencial Jardim Helou (1) || JARDIM HELLOU (3)	Há família dominante, porém sem segurança suficiente para alteração automática
74470705	23	BLOQUEADO		JARDIM HELLOU (13) || RESIDENCIAL JARDIM HELOU (4) | Residencial Jardim Helou (3) || JARDIM VISTA BELA (2) || JARDIM NOVA ESPERANÇA (1)	CEP possui famílias de bairros estruturalmente distintas
74470710	17	BLOQUEADO		JARDIM HELLOU (10) || RESIDENCIAL JARDIM HELOU (1) | Residencial Jardim Helou (1) || JARDIM VISTA BELA (1) || JARDIM DAS HORTENCIAS (1) || CHACARAS MANSOES ROSAS DE OURO (1) || JARDIM CAMARGO (1) || JARDIM HELOU (1)	CEP possui famílias de bairros estruturalmente distintas
74470720	2	SEGURO	JARDIM HELLOU	JARDIM HELLOU (2)	Todas as variantes pertencem à mesma família
74470730	1	SEGURO	JARDIM HELLOU	JARDIM HELLOU (1)	Todas as variantes pertencem à mesma família
74470740	1	SEGURO	JARDIM HELLOU	JARDIM HELLOU (1)	Todas as variantes pertencem à mesma família
74470750	3	BLOQUEADO		RESIDENCIAL JARDIM HELOU (2) || JARDIM HELLOU (1)	CEP possui famílias de bairros estruturalmente distintas
74470760	3	BLOQUEADO		JARDIM COLORADO (1) || JARDIM HELLOU (1) || RESIDENCIAL JARDIM HELOU (1)	CEP possui famílias de bairros estruturalmente distintas
74470820	1	SEGURO	RESIDENCIAL JARDIM CAMARGO	RESIDENCIAL JARDIM CAMARGO (1)	Todas as variantes pertencem à mesma família
74470825	11	BLOQUEADO		JARDIM CAMARGO (7) || RESIDENCIAL JARDIM CAMARGO (3) || JARDIM COLORADO (1)	CEP possui famílias de bairros estruturalmente distintas
74470828	1	SEGURO	RESIDENCIAL JARDIM CAMARGO	RESIDENCIAL JARDIM CAMARGO (1)	Todas as variantes pertencem à mesma família
74470850	17	BLOQUEADO		JARDIM CAMARGO (11) || Residencial Jardim Camargo (3) | RESIDENCIAL JARDIM CAMARGO (3)	CEP possui famílias de bairros estruturalmente distintas
74470855	5	BLOQUEADO		JARDIM CAMARGO (2) || JARDIM HELLOU (2) || RESIDENCIAL JARDIM CAMARGO (1)	CEP possui famílias de bairros estruturalmente distintas
74471110	1	SEGURO	RESIDENCIAL LONDON PARK	RESIDENCIAL LONDON PARK (1)	Todas as variantes pertencem à mesma família
74472041	1	SEGURO	JARDIM COLORADO	JARDIM COLORADO (1)	Todas as variantes pertencem à mesma família
74473170	1	SEGURO	VILA FINSOCIAL	VILA FINSOCIAL (1)	Todas as variantes pertencem à mesma família
74473175	2	SEGURO	CANDIDA DE MORAES	CANDIDA DE MORAES (2)	Todas as variantes pertencem à mesma família
74473210	1	SEGURO	VILA FINSOCIAL	VILA FINSOCIAL (1)	Todas as variantes pertencem à mesma família
74473320	1	SEGURO	VILA FINSOCIAL	VILA FINSOCIAL (1)	Todas as variantes pertencem à mesma família
74473370	1	SEGURO	VILA FINSOCIAL	VILA FINSOCIAL (1)	Todas as variantes pertencem à mesma família
74473401	1	SEGURO	HUGO DE MORAES	HUGO DE MORAES (1)	Todas as variantes pertencem à mesma família
74473490	1	SEGURO	VILA FINSOCIAL	VILA FINSOCIAL (1)	Todas as variantes pertencem à mesma família
74473510	7	SEGURO	VILA FINSOCIAL	VILA FINSOCIAL (6) | Vila Finsocial (1)	Todas as variantes pertencem à mesma família
74473516	2	SEGURO	VILA FINSOCIAL	VILA FINSOCIAL (2)	Todas as variantes pertencem à mesma família
74473525	1	SEGURO	FINSOCIAL	FINSOCIAL (1)	Todas as variantes pertencem à mesma família
74473530	4	BLOQUEADO		VILA FINSOCIAL (3) || FINSOCIAL (1)	CEP possui famílias de bairros estruturalmente distintas
74473545	1	SEGURO	VILA FINSOCIAL	VILA FINSOCIAL (1)	Todas as variantes pertencem à mesma família
74473550	3	SEGURO	VILA FINSOCIAL	VILA FINSOCIAL (3)	Todas as variantes pertencem à mesma família
74473560	6	SEGURO	VILA FINSOCIAL	VILA FINSOCIAL (5) | Vila Finsocial (1)	Todas as variantes pertencem à mesma família
74473565	2	SEGURO	VILA FINSOCIAL	VILA FINSOCIAL (2)	Todas as variantes pertencem à mesma família
74473570	7	SEGURO	VILA FINSOCIAL	VILA FINSOCIAL (4) | Vila Finsocial (3)	Todas as variantes pertencem à mesma família
74473590	13	SEGURO	VILA FINSOCIAL	VILA FINSOCIAL (12) | Vila Finsocial (1)	Todas as variantes pertencem à mesma família
74473630	3	SEGURO	VILA FINSOCIAL	VILA FINSOCIAL (2) | Vila Finsocial (1)	Todas as variantes pertencem à mesma família
74473650	6	SEGURO	VILA FINSOCIAL	VILA FINSOCIAL (6)	Todas as variantes pertencem à mesma família
74473690	1	SEGURO	VILA FINSOCIAL	VILA FINSOCIAL (1)	Todas as variantes pertencem à mesma família
74473710	1	SEGURO	VILA FINSOCIAL	VILA FINSOCIAL (1)	Todas as variantes pertencem à mesma família
74473720	1	SEGURO	VILA FINSOCIAL	VILA FINSOCIAL (1)	Todas as variantes pertencem à mesma família
74473730	7	SEGURO	VILA FINSOCIAL	VILA FINSOCIAL (7)	Todas as variantes pertencem à mesma família
74473735	3	SEGURO	VILA FINSOCIAL	VILA FINSOCIAL (2) | Vila Finsocial (1)	Todas as variantes pertencem à mesma família
74473740	3	SEGURO	VILA FINSOCIAL	VILA FINSOCIAL (3)	Todas as variantes pertencem à mesma família
74473750	5	SEGURO	VILA FINSOCIAL	VILA FINSOCIAL (5)	Todas as variantes pertencem à mesma família
74473760	6	SEGURO	VILA FINSOCIAL	VILA FINSOCIAL (6)	Todas as variantes pertencem à mesma família
74473770	1	SEGURO	VILA FINSOCIAL	VILA FINSOCIAL (1)	Todas as variantes pertencem à mesma família
74473780	4	SEGURO	VILA FINSOCIAL	VILA FINSOCIAL (4)	Todas as variantes pertencem à mesma família
74473782	3	BLOQUEADO		VILA FINSOCIAL (2) || FINSOCIAL (1)	CEP possui famílias de bairros estruturalmente distintas
74473784	1	SEGURO	VILA FINSOCIAL	VILA FINSOCIAL (1)	Todas as variantes pertencem à mesma família
74473786	1	SEGURO	VILA FINSOCIAL	VILA FINSOCIAL (1)	Todas as variantes pertencem à mesma família
74473788	5	SEGURO	VILA FINSOCIAL	VILA FINSOCIAL (4) | Vila Finsocial (1)	Todas as variantes pertencem à mesma família
74473790	3	SEGURO	VILA FINSOCIAL	VILA FINSOCIAL (3)	Todas as variantes pertencem à mesma família
74473792	6	REVISAR	VILA FINSOCIAL	VILA FINSOCIAL (3) | Vila Finsocial (2) || FINSOCIAL (1)	Há família dominante, porém sem segurança suficiente para alteração automática
74473793	1	SEGURO	VILA FINSOCIAL	VILA FINSOCIAL (1)	Todas as variantes pertencem à mesma família
74473796	1	SEGURO	Setor Morada do Sol	Setor Morada do Sol (1)	Todas as variantes pertencem à mesma família
74473806	1	SEGURO	SETOR MORADA DO SOL	SETOR MORADA DO SOL (1)	Todas as variantes pertencem à mesma família
74473830	2	SEGURO	SETOR MORADA DO SOL	MORADA DO SOL (1) | SETOR MORADA DO SOL (1)	Todas as variantes pertencem à mesma família
74473831	4	SEGURO	RESIDENCIAL MARINGÁ	RESIDENCIAL MARINGÁ (4)	Todas as variantes pertencem à mesma família
74473832	4	SEGURO	RESIDENCIAL MARINGÁ	RESIDENCIAL MARINGÁ (2) | Residencial Maringá (2)	Todas as variantes pertencem à mesma família
74473833	1	SEGURO	RESIDENCIAL MARINGÁ	RESIDENCIAL MARINGÁ (1)	Todas as variantes pertencem à mesma família
74473834	11	SEGURO	RESIDENCIAL MARINGÁ	RESIDENCIAL MARINGÁ (9) | Residencial Maringá (2)	Todas as variantes pertencem à mesma família
74473835	32	SEGURO	RESIDENCIAL MARINGÁ	RESIDENCIAL MARINGÁ (23) | RESIDENCIAL MARINGA (5) | Residencial Maringá (4)	Todas as variantes pertencem à mesma família
74473836	16	SEGURO	RESIDENCIAL MARINGÁ	RESIDENCIAL MARINGÁ (14) | Residencial Maringá (2)	Todas as variantes pertencem à mesma família
74473838	12	REVISAR	RESIDENCIAL MARINGÁ	RESIDENCIAL MARINGÁ (10) || JARDIM COLORADO (2)	Família dominante identificada, mas existem famílias distintas no mesmo CEP
74473839	1	SEGURO	JARDIM DAS HORTENCIAS	JARDIM DAS HORTENCIAS (1)	Todas as variantes pertencem à mesma família
74474000	6	REVISAR	JARDIM COLORADO	JARDIM COLORADO (5) || PARQUE TREMENDÃO (1)	Há família dominante, porém sem segurança suficiente para alteração automática
74474001	20	REVISAR	JARDIM COLORADO	JARDIM COLORADO (16) | Jardim Colorado (2) || JARDIM VISTA BELA (1) || JARDIM DAS HORTENCIAS (1)	Família dominante identificada, mas existem famílias distintas no mesmo CEP
74474003	15	REVISAR	JARDIM COLORADO	JARDIM COLORADO (10) | Jardim Colorado (4) || JARDIM HELLOU (1)	Família dominante identificada, mas existem famílias distintas no mesmo CEP
74474004	4	SEGURO	JARDIM COLORADO	JARDIM COLORADO (4)	Todas as variantes pertencem à mesma família
74474006	85	REVISAR	JARDIM COLORADO	JARDIM COLORADO (78) | Jardim Colorado (5) || SAO CARLOS (1) || JARDIM COLORADO QD- 12 LT- 11 (1)	Família dominante identificada, mas existem famílias distintas no mesmo CEP
74474008	7	REVISAR	JARDIM COLORADO	JARDIM COLORADO (5) || JARDIM VISTA BELA (1) || PARQUE TREMENDÃO (1)	Há família dominante, porém sem segurança suficiente para alteração automática
74474009	60	REVISAR	JARDIM COLORADO	JARDIM COLORADO (55) | Jardim Colorado (4) || JARDIM DAS HORTENCIAS (1)	Família dominante identificada, mas existem famílias distintas no mesmo CEP
74474010	12	REVISAR	JARDIM COLORADO	JARDIM COLORADO (8) || JARDIM DAS HORTENCIAS (3) | JARDIM DAS HORTÊNCIAS (1)	Há família dominante, porém sem segurança suficiente para alteração automática
74474011	59	REVISAR	JARDIM COLORADO	JARDIM COLORADO (46) | Jardim Colorado (11) || JARDIM DAS HORTENCIAS (1) || RESIDENCIAL JARDIM COLORADO (1)	Família dominante identificada, mas existem famílias distintas no mesmo CEP
74474012	5	SEGURO	JARDIM COLORADO	JARDIM COLORADO (4) | Jardim Colorado (1)	Todas as variantes pertencem à mesma família
74474014	34	SEGURO	JARDIM COLORADO	JARDIM COLORADO (28) | Jardim Colorado (6)	Todas as variantes pertencem à mesma família
74474015	10	REVISAR	JARDIM COLORADO	JARDIM COLORADO (9) || MANSÕES PARAISO (1)	Há família dominante, porém sem segurança suficiente para alteração automática
74474016	16	SEGURO	JARDIM COLORADO	JARDIM COLORADO (15) | Jardim Colorado (1)	Todas as variantes pertencem à mesma família
74474017	14	REVISAR	JARDIM COLORADO	JARDIM COLORADO (12) | Jardim Colorado (1) || NOVO PLANALTO (1)	Família dominante identificada, mas existem famílias distintas no mesmo CEP
74474018	33	REVISAR	JARDIM COLORADO	JARDIM COLORADO (29) | Jardim Colorado (3) || JARDIM COLORADO 1 (1)	Família dominante identificada, mas existem famílias distintas no mesmo CEP
74474020	11	SEGURO	JARDIM COLORADO	JARDIM COLORADO (11)	Todas as variantes pertencem à mesma família
74474021	31	SEGURO	JARDIM COLORADO	JARDIM COLORADO (30) | Jardim Colorado (1)	Todas as variantes pertencem à mesma família
74474022	9	REVISAR	JARDIM COLORADO	JARDIM COLORADO (8) || JARDIM VISTA BELA (1)	Há família dominante, porém sem segurança suficiente para alteração automática
74474023	33	REVISAR	JARDIM COLORADO	JARDIM COLORADO (30) | Jardim Colorado (2) || PARQUE TREMENDÃO (1)	Família dominante identificada, mas existem famílias distintas no mesmo CEP
74474024	11	BLOQUEADO		JARDIM COLORADO (6) || JARDIM HELLOU (2) || JARDIM VISTA BELA (2) || JARDIM CAMARGO (1)	CEP possui famílias de bairros estruturalmente distintas
74474026	26	SEGURO	JARDIM COLORADO	JARDIM COLORADO (23) | Jardim Colorado (3)	Todas as variantes pertencem à mesma família
74474027	6	SEGURO	JARDIM COLORADO	JARDIM COLORADO (5) | Jardim Colorado (1)	Todas as variantes pertencem à mesma família
74474028	5	SEGURO	JARDIM COLORADO	JARDIM COLORADO (4) | Jardim Colorado (1)	Todas as variantes pertencem à mesma família
74474029	5	SEGURO	JARDIM COLORADO	JARDIM COLORADO (5)	Todas as variantes pertencem à mesma família
74474030	3	SEGURO	JARDIM VISTA BELA	JARDIM VISTA BELA (1) | VISTA BELA (1) | SETOR VISTA BELA (1)	Todas as variantes pertencem à mesma família
74474031	6	REVISAR	JARDIM COLORADO	JARDIM COLORADO (4) | Jardim Colorado (1) || RESIDENCIAL FORTALEZA (1)	Há família dominante, porém sem segurança suficiente para alteração automática
74474032	4	SEGURO	JARDIM COLORADO	JARDIM COLORADO (4)	Todas as variantes pertencem à mesma família
74474033	8	SEGURO	JARDIM COLORADO	JARDIM COLORADO (6) | Jardim Colorado (2)	Todas as variantes pertencem à mesma família
74474034	7	SEGURO	JARDIM COLORADO	JARDIM COLORADO (7)	Todas as variantes pertencem à mesma família
74474038	4	BLOQUEADO		JARDIM COLORADO (2) || JARDIM DAS HORTENCIAS (2)	CEP possui famílias de bairros estruturalmente distintas
74474039	3	SEGURO	JARDIM COLORADO	JARDIM COLORADO (3)	Todas as variantes pertencem à mesma família
74474040	3	BLOQUEADO		JARDIM COLORADO (2) || JARDIM DAS HORTENCIAS (1)	CEP possui famílias de bairros estruturalmente distintas
74474041	9	REVISAR	JARDIM COLORADO	JARDIM COLORADO (6) | Jardim Colorado (2) || NOVO PLANALTO (1)	Há família dominante, porém sem segurança suficiente para alteração automática
74474044	2	SEGURO	JARDIM COLORADO	JARDIM COLORADO (2)	Todas as variantes pertencem à mesma família
74474045	3	SEGURO	JARDIM COLORADO	JARDIM COLORADO (3)	Todas as variantes pertencem à mesma família
74474046	2	SEGURO	JARDIM COLORADO	JARDIM COLORADO (2)	Todas as variantes pertencem à mesma família
74474047	52	REVISAR	JARDIM COLORADO	JARDIM COLORADO (47) | Jardim Colorado (4) || VILA MUTIRAO (1)	Família dominante identificada, mas existem famílias distintas no mesmo CEP
74474048	45	REVISAR	JARDIM COLORADO	JARDIM COLORADO (39) | Jardim Colorado (4) || JARDIM VISTA BELA (1) || JARDIM DAS HORTENCIAS (1)	Família dominante identificada, mas existem famílias distintas no mesmo CEP
74474049	18	SEGURO	JARDIM COLORADO	JARDIM COLORADO (17) | Jardim Colorado (1)	Todas as variantes pertencem à mesma família
74474080	1	SEGURO	JARDIM COLORADO	JARDIM COLORADO (1)	Todas as variantes pertencem à mesma família
74474100	26	SEGURO	JARDIM DAS HORTENCIAS	JARDIM DAS HORTENCIAS (16) | JARDIM DAS HORTÊNCIAS (7) | Jardim das Hortências (3)	Todas as variantes pertencem à mesma família
74474101	62	REVISAR	JARDIM DAS HORTÊNCIAS	JARDIM DAS HORTÊNCIAS (32) | JARDIM DAS HORTENCIAS (22) | Jardim das Hortências (4) || JARDIM DAS HORTENSIAS (2) | JARDIM DAS HORTÊNSIAS (1) || JARDIM  DAS HORTENCIA (1)	Família dominante identificada, mas existem famílias distintas no mesmo CEP
74474102	33	SEGURO	JARDIM DAS HORTENCIAS	JARDIM DAS HORTENCIAS (18) | JARDIM DAS HORTÊNCIAS (12) | Jardim das Hortências (3)	Todas as variantes pertencem à mesma família
74474103	34	REVISAR	JARDIM DAS HORTENCIAS	JARDIM DAS HORTENCIAS (19) | JARDIM DAS HORTÊNCIAS (10) | Jardim das Hortências (4) || PARQUE TREMENDAO (1)	Família dominante identificada, mas existem famílias distintas no mesmo CEP
74474104	17	SEGURO	JARDIM DAS HORTÊNCIAS	JARDIM DAS HORTÊNCIAS (9) | JARDIM DAS HORTENCIAS (8)	Todas as variantes pertencem à mesma família
74474105	29	SEGURO	JARDIM DAS HORTENCIAS	JARDIM DAS HORTENCIAS (14) | JARDIM DAS HORTÊNCIAS (9) | Jardim das Hortências (6)	Todas as variantes pertencem à mesma família
74474106	7	SEGURO	JARDIM DAS HORTÊNCIAS	JARDIM DAS HORTÊNCIAS (4) | JARDIM DAS HORTENCIAS (2) | Jardim das Hortências (1)	Todas as variantes pertencem à mesma família
74474107	1	SEGURO	JARDIM DAS HORTENCIAS	JARDIM DAS HORTENCIAS (1)	Todas as variantes pertencem à mesma família
74474108	3	BLOQUEADO		JARDIM DAS HORTÊNCIAS (2) || JARDIM COLORADO (1)	CEP possui famílias de bairros estruturalmente distintas
74474109	1	SEGURO	JARDIM DAS HORTENCIAS	JARDIM DAS HORTENCIAS (1)	Todas as variantes pertencem à mesma família
74474110	4	BLOQUEADO		JARDIM DAS HORTENCIAS (2) | JARDIM DAS HORTÊNCIAS (1) || JARDIM CURITIBA IV (1)	CEP possui famílias de bairros estruturalmente distintas
74474113	2	SEGURO	JARDIM DAS HORTENCIAS	JARDIM DAS HORTENCIAS (2)	Todas as variantes pertencem à mesma família
74474114	3	BLOQUEADO		JARDIM DAS HORTENCIAS (2) || JARDIM VISTA BELA (1)	CEP possui famílias de bairros estruturalmente distintas
74474115	10	REVISAR	JARDIM DAS HORTÊNCIAS	JARDIM DAS HORTÊNCIAS (6) | JARDIM DAS HORTENCIAS (3) || RESIDENCIAL MARINGÁ (1)	Há família dominante, porém sem segurança suficiente para alteração automática
74474116	24	REVISAR	JARDIM DAS HORTÊNCIAS	JARDIM DAS HORTÊNCIAS (13) | JARDIM DAS HORTENCIAS (9) | Jardim das Hortências (1) || JARDIM DAS HORTENCIA (1)	Família dominante identificada, mas existem famílias distintas no mesmo CEP
74474117	8	SEGURO	JARDIM DAS HORTENCIAS	JARDIM DAS HORTENCIAS (5) | JARDIM DAS HORTÊNCIAS (2) | Jardim das Hortências (1)	Todas as variantes pertencem à mesma família
74474118	10	SEGURO	JARDIM DAS HORTÊNCIAS	JARDIM DAS HORTÊNCIAS (7) | JARDIM DAS HORTENCIAS (3)	Todas as variantes pertencem à mesma família
74474119	2	BLOQUEADO		JARDIM DAS HORTÊNCIAS (1) || JARDIM COLORADO (1)	CEP possui famílias de bairros estruturalmente distintas
74474120	2	BLOQUEADO		JARDIM DAS HORTENSIAS (1) || JARDIM DAS HORTENCIAS (1)	CEP possui famílias de bairros estruturalmente distintas
74474121	14	SEGURO	JARDIM DAS HORTENCIAS	JARDIM DAS HORTENCIAS (9) | JARDIM DAS HORTÊNCIAS (5)	Todas as variantes pertencem à mesma família
74474122	8	SEGURO	JARDIM DAS HORTÊNCIAS	JARDIM DAS HORTÊNCIAS (5) | JARDIM DAS HORTENCIAS (3)	Todas as variantes pertencem à mesma família
74474123	17	REVISAR	JARDIM DAS HORTENCIAS	JARDIM DAS HORTENCIAS (10) | JARDIM DAS HORTÊNCIAS (4) | Jardim das Hortências (2) || JARDIM COLORADO (1)	Família dominante identificada, mas existem famílias distintas no mesmo CEP
74474125	8	SEGURO	JARDIM DAS HORTÊNCIAS	JARDIM DAS HORTÊNCIAS (5) | JARDIM DAS HORTENCIAS (3)	Todas as variantes pertencem à mesma família
74474126	2	SEGURO	JARDIM DAS HORTÊNCIAS	JARDIM DAS HORTÊNCIAS (1) | Jardim das Hortências (1)	Todas as variantes pertencem à mesma família
74474127	11	REVISAR	JARDIM DAS HORTENCIAS	JARDIM DAS HORTENCIAS (5) | JARDIM DAS HORTÊNCIAS (4) | Jardim das Hortências (1) || JARDIM DAS HORTÊNSIAS (1)	Família dominante identificada, mas existem famílias distintas no mesmo CEP
74474128	22	SEGURO	JARDIM DAS HORTENCIAS	JARDIM DAS HORTENCIAS (12) | JARDIM DAS HORTÊNCIAS (10)	Todas as variantes pertencem à mesma família
74474129	12	REVISAR	JARDIM DAS HORTENCIAS	JARDIM DAS HORTENCIAS (8) | JARDIM DAS HORTÊNCIAS (2) | Jardim das Hortências (1) || JARDIM COLORADO (1)	Família dominante identificada, mas existem famílias distintas no mesmo CEP
74474130	10	SEGURO	JARDIM DAS HORTENCIAS	JARDIM DAS HORTENCIAS (6) | JARDIM DAS HORTÊNCIAS (4)	Todas as variantes pertencem à mesma família
74474131	9	REVISAR	JARDIM DAS HORTENCIAS	JARDIM DAS HORTENCIAS (4) | JARDIM DAS HORTÊNCIAS (3) | Jardim das Hortências (1) || JARDIM DAS HORTENCIA (1)	Há família dominante, porém sem segurança suficiente para alteração automática
74474133	6	SEGURO	JARDIM DAS HORTENCIAS	JARDIM DAS HORTENCIAS (3) | JARDIM DAS HORTÊNCIAS (3)	Todas as variantes pertencem à mesma família
74474134	3	SEGURO	JARDIM DAS HORTÊNCIAS	JARDIM DAS HORTÊNCIAS (2) | JARDIM DAS HORTENCIAS (1)	Todas as variantes pertencem à mesma família
74474136	12	REVISAR	JARDIM DAS HORTENCIAS	JARDIM DAS HORTENCIAS (6) | JARDIM DAS HORTÊNCIAS (5) || PARQUE TREMENDÃO (1)	Família dominante identificada, mas existem famílias distintas no mesmo CEP
74474137	7	REVISAR	JARDIM DAS HORTÊNCIAS	JARDIM DAS HORTÊNCIAS (4) | JARDIM DAS HORTENCIAS (1) || JARDIN DAS HORTENCIAS (1) || JARDIM DAS HORTÊNCIA (1)	Há família dominante, porém sem segurança suficiente para alteração automática
74474138	5	SEGURO	JARDIM DAS HORTENCIAS	JARDIM DAS HORTENCIAS (3) | JARDIM DAS HORTÊNCIAS (2)	Todas as variantes pertencem à mesma família
74474139	4	SEGURO	JARDIM DAS HORTÊNCIAS	JARDIM DAS HORTÊNCIAS (3) | JARDIM DAS HORTENCIAS (1)	Todas as variantes pertencem à mesma família
74474140	25	BLOQUEADO		JARDIM DAS HORTENCIAS (10) | JARDIM DAS HORTÊNCIAS (5) | Jardim das Hortências (1) || PARQUE TREMENDÃO (1) | Parque Tremendão (1) || JARDIM CURITIBA IV (2) || PORTAL DAS HORTENCIAS (1) || CANDIDA DE MORAES (1) || JARDIM COLORADO (1) || RESIDENCIAL GREEN PARK (1) || NOVO PLANALTO (1)	CEP possui famílias de bairros estruturalmente distintas
74474141	3	SEGURO	JARDIM DAS HORTÊNCIAS	JARDIM DAS HORTÊNCIAS (2) | JARDIM DAS HORTENCIAS (1)	Todas as variantes pertencem à mesma família
74474142	16	REVISAR	JARDIM DAS HORTENCIAS	JARDIM DAS HORTENCIAS (11) | JARDIM DAS HORTÊNCIAS (4) || JARDIM DAS HORTENCIA (1)	Família dominante identificada, mas existem famílias distintas no mesmo CEP
74474143	1	SEGURO	JARDIM DAS HORTÊNCIAS	JARDIM DAS HORTÊNCIAS (1)	Todas as variantes pertencem à mesma família
74474144	8	SEGURO	JARDIM DAS HORTENCIAS	JARDIM DAS HORTENCIAS (5) | JARDIM DAS HORTÊNCIAS (3)	Todas as variantes pertencem à mesma família
74474145	2	SEGURO	JARDIM DAS HORTÊNCIAS	JARDIM DAS HORTÊNCIAS (2)	Todas as variantes pertencem à mesma família
74474146	3	SEGURO	JARDIM DAS HORTENCIAS	JARDIM DAS HORTENCIAS (2) | JARDIM DAS HORTÊNCIAS (1)	Todas as variantes pertencem à mesma família
74474148	1	SEGURO	JARDIM DAS HORTÊNCIAS	JARDIM DAS HORTÊNCIAS (1)	Todas as variantes pertencem à mesma família
74474200	42	REVISAR	JARDIM VISTA BELA	JARDIM VISTA BELA (36) | Jardim Vista Bela (1) || JARDIM COLORADO (5)	Família dominante identificada, mas existem famílias distintas no mesmo CEP
74474201	8	SEGURO	JARDIM VISTA BELA	JARDIM VISTA BELA (8)	Todas as variantes pertencem à mesma família
74474202	17	SEGURO	JARDIM VISTA BELA	JARDIM VISTA BELA (15) | Jardim Vista Bela (2)	Todas as variantes pertencem à mesma família
74474203	60	REVISAR	JARDIM VISTA BELA	JARDIM VISTA BELA (49) | Jardim Vista Bela (5) | VISTA BELA (1) || JARDIM LIBERDADE (1) || PARQUE TREMENDÃO (1) || NOVO PLANALTO (1) || MANSÕES PARAÍSO (1) || JARDIM DAS HORTENCIAS (1)	Família dominante identificada, mas existem famílias distintas no mesmo CEP
74474204	10	REVISAR	JARDIM VISTA BELA	JARDIM VISTA BELA (8) | Jardim Vista Bela (1) || ST MARABÁ (1)	Há família dominante, porém sem segurança suficiente para alteração automática
74474205	11	SEGURO	JARDIM VISTA BELA	JARDIM VISTA BELA (9) | Jardim Vista Bela (2)	Todas as variantes pertencem à mesma família
74474206	27	SEGURO	JARDIM VISTA BELA	JARDIM VISTA BELA (25) | Jardim Vista Bela (2)	Todas as variantes pertencem à mesma família
74474208	9	REVISAR	JARDIM VISTA BELA	JARDIM VISTA BELA (8) || JARDIM COLORADO (1)	Há família dominante, porém sem segurança suficiente para alteração automática
74474209	23	SEGURO	JARDIM VISTA BELA	JARDIM VISTA BELA (18) | Jardim Vista Bela (5)	Todas as variantes pertencem à mesma família
74474210	9	SEGURO	JARDIM VISTA BELA	JARDIM VISTA BELA (9)	Todas as variantes pertencem à mesma família
74474211	11	SEGURO	JARDIM VISTA BELA	JARDIM VISTA BELA (10) | Jardim Vista Bela (1)	Todas as variantes pertencem à mesma família
74474212	14	REVISAR	JARDIM VISTA BELA	JARDIM VISTA BELA (12) | Jardim Vista Bela (1) || JARDIM COLORADO (1)	Família dominante identificada, mas existem famílias distintas no mesmo CEP
74474250	23	REVISAR	RESIDENCIAL ANGLO	RESIDENCIAL ANGLO (18) | Residencial Anglo (4) || JARDIM COLORADO (1)	Família dominante identificada, mas existem famílias distintas no mesmo CEP
74474251	5	SEGURO	RESIDENCIAL ANGLO	RESIDENCIAL ANGLO (4) | Residencial Anglo (1)	Todas as variantes pertencem à mesma família
74474252	2	SEGURO	RESIDENCIAL ANGLO	RESIDENCIAL ANGLO (2)	Todas as variantes pertencem à mesma família
74474253	15	SEGURO	RESIDENCIAL ANGLO	RESIDENCIAL ANGLO (15)	Todas as variantes pertencem à mesma família
74474257	4	BLOQUEADO		RESIDENCIAL ANGLO (1) || JARDIM COLORADO SUL (1) || RESIDENCIAL JARDIM COLORADO (1) || JARDIM COLORADO (1)	CEP possui famílias de bairros estruturalmente distintas
74474258	2	BLOQUEADO		JARDIM COLORADO (1) || RESIDENCIAL ANGLO (1)	CEP possui famílias de bairros estruturalmente distintas
74474275	1	SEGURO	JARDIM NOVA ESPERANÇA	JARDIM NOVA ESPERANÇA (1)	Todas as variantes pertencem à mesma família
74474309	1	SEGURO	RECANTO DO BOSQUE	RECANTO DO BOSQUE (1)	Todas as variantes pertencem à mesma família
74474310	1	SEGURO	Residencial Recanto do Bosque	Residencial Recanto do Bosque (1)	Todas as variantes pertencem à mesma família
74474315	1	SEGURO	Residencial Recanto do Bosque	Residencial Recanto do Bosque (1)	Todas as variantes pertencem à mesma família
74474367	1	SEGURO	Residencial Recanto do Bosque	Residencial Recanto do Bosque (1)	Todas as variantes pertencem à mesma família
74474396	1	SEGURO	Residencial Recanto do Bosque	Residencial Recanto do Bosque (1)	Todas as variantes pertencem à mesma família
74474400	1	SEGURO	VILA MUTIRÃO	VILA MUTIRÃO (1)	Todas as variantes pertencem à mesma família
74474401	1	SEGURO	Residencial Recanto do Bosque	Residencial Recanto do Bosque (1)	Todas as variantes pertencem à mesma família
74474410	29	BLOQUEADO		RESIDENCIAL PRIVÊ NORTE (9) | Residencial Privê Norte (5) | RESIDENCIAL PRIVE NORTE (3) || DOM CONSTANTINO (11) || JARDIM DAS HORTENCIAS (1)	CEP possui famílias de bairros estruturalmente distintas
74474411	1	SEGURO	NOVO PLANALTO	NOVO PLANALTO (1)	Todas as variantes pertencem à mesma família
74474412	5	SEGURO	RESIDENCIAL PRIVE NORTE	RESIDENCIAL PRIVE NORTE (3) | RESIDENCIAL PRIVÊ NORTE (2)	Todas as variantes pertencem à mesma família
74474413	11	SEGURO	RESIDENCIAL PRIVÊ NORTE	RESIDENCIAL PRIVÊ NORTE (7) | RESIDENCIAL PRIVE NORTE (3) | Residencial Privê Norte (1)	Todas as variantes pertencem à mesma família
74474414	5	SEGURO	RESIDENCIAL PRIVÊ NORTE	RESIDENCIAL PRIVÊ NORTE (3) | RESIDENCIAL PRIVE NORTE (2)	Todas as variantes pertencem à mesma família
74474415	18	REVISAR	RESIDENCIAL PRIVÊ NORTE	RESIDENCIAL PRIVÊ NORTE (11) | RESIDENCIAL PRIVE NORTE (3) | Residencial Privê Norte (3) || JARDIM COLORADO (1)	Família dominante identificada, mas existem famílias distintas no mesmo CEP
74474416	3	SEGURO	RESIDENCIAL PRIVÊ NORTE	RESIDENCIAL PRIVÊ NORTE (3)	Todas as variantes pertencem à mesma família
74474418	7	SEGURO	RESIDENCIAL PRIVE NORTE	RESIDENCIAL PRIVE NORTE (5) | RESIDENCIAL PRIVÊ NORTE (1) | Residencial Privê Norte (1)	Todas as variantes pertencem à mesma família
74474420	18	SEGURO	RESIDENCIAL PRIVÊ NORTE	RESIDENCIAL PRIVÊ NORTE (10) | RESIDENCIAL PRIVE NORTE (8)	Todas as variantes pertencem à mesma família
74474422	4	SEGURO	RESIDENCIAL PRIVE NORTE	RESIDENCIAL PRIVE NORTE (2) | RESIDENCIAL PRIVÊ NORTE (1) | Residencial Privê Norte (1)	Todas as variantes pertencem à mesma família
74474473	1	SEGURO	VILA FINSOCIAL	VILA FINSOCIAL (1)	Todas as variantes pertencem à mesma família
74474500	5	BLOQUEADO		JARDIM COLORADO EXTENSÃO (3) || JARDIM COLORADO (2)	CEP possui famílias de bairros estruturalmente distintas
74474505	21	BLOQUEADO		JARDIM COLORADO (12) || JARDIM COLORADO EXTENSÃO (8) | Jardim Colorado Extensão (1)	CEP possui famílias de bairros estruturalmente distintas
74474506	1	SEGURO	JARDIM COLORADO	JARDIM COLORADO (1)	Todas as variantes pertencem à mesma família
74474510	6	BLOQUEADO		JARDIM COLORADO (3) || JARDIM COLORADO EXTENSÃO (2) || PARQUE TREMENDÃO (1)	CEP possui famílias de bairros estruturalmente distintas
74474550	2	SEGURO	JARDIM COLORADO	JARDIM COLORADO (2)	Todas as variantes pertencem à mesma família
74474555	4	BLOQUEADO		JARDIM COLORADO (2) || JARDIM COLORADO SUL (1) | Jardim Colorado Sul (1)	CEP possui famílias de bairros estruturalmente distintas
74474600	2	SEGURO	JARDIM COLORADO	JARDIM COLORADO (2)	Todas as variantes pertencem à mesma família
74474605	48	REVISAR	JARDIM COLORADO	JARDIM COLORADO (33) || JARDIM COLORADO I (9) | Jardim Colorado I (5) || JARDIM DAS HORTENCIAS (1)	Há família dominante, porém sem segurança suficiente para alteração automática
74474615	5	BLOQUEADO		JARDIM COLORADO (3) || JARDIM COLORADO I (1) | Jardim Colorado I (1)	CEP possui famílias de bairros estruturalmente distintas
74474620	1	SEGURO	Jardim Colorado I	Jardim Colorado I (1)	Todas as variantes pertencem à mesma família
74474625	16	REVISAR	JARDIM COLORADO	JARDIM COLORADO (13) || JARDIM COLORADO I (2) | Jardim Colorado I (1)	Família dominante identificada, mas existem famílias distintas no mesmo CEP
74474630	2	SEGURO	JARDIM COLORADO I	JARDIM COLORADO I (2)	Todas as variantes pertencem à mesma família
74474635	2	BLOQUEADO		JARDIM COLORADO (1) || Jardim Colorado I (1)	CEP possui famílias de bairros estruturalmente distintas
74474640	23	REVISAR	JARDIM COLORADO	JARDIM COLORADO (16) || JARDIM COLORADO I (4) | Jardim Colorado I (2) || SETOR NOROESTE (1)	Há família dominante, porém sem segurança suficiente para alteração automática
74474645	15	REVISAR	JARDIM COLORADO	JARDIM COLORADO (11) || JARDIM COLORADO I (2) | Jardim Colorado I (1) || JARDIM COLORADO L (1)	Há família dominante, porém sem segurança suficiente para alteração automática
74474650	1	SEGURO	Jardim Colorado II	Jardim Colorado II (1)	Todas as variantes pertencem à mesma família
74474655	1	SEGURO	JARDIM COLORADO II	JARDIM COLORADO II (1)	Todas as variantes pertencem à mesma família
74474660	2	SEGURO	JARDIM COLORADO	JARDIM COLORADO (2)	Todas as variantes pertencem à mesma família
74474665	2	BLOQUEADO		JARDIM COLORADO (1) || JARDIM COLORADO II (1)	CEP possui famílias de bairros estruturalmente distintas
74474670	6	REVISAR	JARDIM COLORADO	JARDIM COLORADO (4) | Jardim Colorado (1) || JARDIM COLORADO II (1)	Há família dominante, porém sem segurança suficiente para alteração automática
74474675	1	SEGURO	JARDIM LIBERDADE	JARDIM LIBERDADE (1)	Todas as variantes pertencem à mesma família
74474680	1	SEGURO	JARDIM LAGO AZUL	JARDIM LAGO AZUL (1)	Todas as variantes pertencem à mesma família
74474705	3	BLOQUEADO		JARDIM COLORADO (2) || JARDIM LAGO AZUL (1)	CEP possui famílias de bairros estruturalmente distintas
74474744	1	SEGURO	JARDIM COLORADO	JARDIM COLORADO (1)	Todas as variantes pertencem à mesma família
74474805	1	SEGURO	PARQUE TREMENDÃO	PARQUE TREMENDÃO (1)	Todas as variantes pertencem à mesma família
74475003	1	SEGURO	PARQUE TREMENDÃO	PARQUE TREMENDÃO (1)	Todas as variantes pertencem à mesma família
74475005	2	SEGURO	SETOR PARQUE TREMENDÃO	PARQUE TREMENDÃO (1) | SETOR PARQUE TREMENDÃO (1)	Todas as variantes pertencem à mesma família
74475009	12	REVISAR	PARQUE TREMENDÃO	PARQUE TREMENDÃO (7) | Setor Parque Tremendão (3) | SETOR PARQUE TREMENDÃO (1) || NOVO PLANALTO (1)	Família dominante identificada, mas existem famílias distintas no mesmo CEP
74475010	1	SEGURO	SETOR PARQUE TREMENDÃO	SETOR PARQUE TREMENDÃO (1)	Todas as variantes pertencem à mesma família
74475012	1	SEGURO	SETOR PARQUE TREMENDÃO	SETOR PARQUE TREMENDÃO (1)	Todas as variantes pertencem à mesma família
74475014	1	SEGURO	Setor Parque Tremendão	Setor Parque Tremendão (1)	Todas as variantes pertencem à mesma família
74475017	1	SEGURO	Setor Parque Tremendão	Setor Parque Tremendão (1)	Todas as variantes pertencem à mesma família
74475020	24	REVISAR	PARQUE TREMENDÃO	PARQUE TREMENDÃO (17) | SETOR PARQUE TREMENDÃO (5) | PARQUE TREMENDAO (1) || PARQUE TREMENDÃO 2 (1)	Família dominante identificada, mas existem famílias distintas no mesmo CEP
74475023	2	SEGURO	Setor Parque Tremendão	Setor Parque Tremendão (2)	Todas as variantes pertencem à mesma família
74475028	7	SEGURO	PARQUE TREMENDÃO	PARQUE TREMENDÃO (5) | Setor Parque Tremendão (1) | SETOR PARQUE TREMENDÃO (1)	Todas as variantes pertencem à mesma família
74475029	1	SEGURO	PARQUE TREMENDÃO	PARQUE TREMENDÃO (1)	Todas as variantes pertencem à mesma família
74475030	1	SEGURO	PARQUE TREMENDÃO	PARQUE TREMENDÃO (1)	Todas as variantes pertencem à mesma família
74475032	2	SEGURO	PARQUE TREMENDÃO	PARQUE TREMENDÃO (2)	Todas as variantes pertencem à mesma família
74475035	1	SEGURO	Setor Parque Tremendão	Setor Parque Tremendão (1)	Todas as variantes pertencem à mesma família
74475037	1	SEGURO	PARQUE TREMENDÃO	PARQUE TREMENDÃO (1)	Todas as variantes pertencem à mesma família
74475038	1	SEGURO	Setor Parque Tremendão	Setor Parque Tremendão (1)	Todas as variantes pertencem à mesma família
74475041	1	SEGURO	Setor Parque Tremendão	Setor Parque Tremendão (1)	Todas as variantes pertencem à mesma família
74475047	2	SEGURO	Setor Parque Tremendão	PARQUE TREMENDÃO (1) | Setor Parque Tremendão (1)	Todas as variantes pertencem à mesma família
74475050	4	SEGURO	PARQUE TREMENDÃO	PARQUE TREMENDÃO (3) | SETOR PARQUE TREMENDÃO (1)	Todas as variantes pertencem à mesma família
74475052	1	SEGURO	PARQUE TREMENDÃO	PARQUE TREMENDÃO (1)	Todas as variantes pertencem à mesma família
74475053	1	SEGURO	Setor Parque Tremendão	Setor Parque Tremendão (1)	Todas as variantes pertencem à mesma família
74475054	1	SEGURO	PARQUE TREMENDÃO	PARQUE TREMENDÃO (1)	Todas as variantes pertencem à mesma família
74475055	1	SEGURO	Setor Parque Tremendão	Setor Parque Tremendão (1)	Todas as variantes pertencem à mesma família
74475056	2	SEGURO	PARQUE TREMENDÃO	PARQUE TREMENDÃO (2)	Todas as variantes pertencem à mesma família
74475057	2	SEGURO	SETOR PARQUE TREMENDÃO	SETOR PARQUE TREMENDÃO (1) | Setor Parque Tremendão (1)	Todas as variantes pertencem à mesma família
74475059	3	SEGURO	PARQUE TREMENDÃO	PARQUE TREMENDÃO (3)	Todas as variantes pertencem à mesma família
74475060	4	BLOQUEADO		PARQUE TREMENDÃO (2) | SETOR PARQUE TREMENDÃO (1) || JARDIM LIBERDADE (1)	CEP possui famílias de bairros estruturalmente distintas
74475061	1	SEGURO	PARQUE TREMENDÃO	PARQUE TREMENDÃO (1)	Todas as variantes pertencem à mesma família
74475062	3	SEGURO	SETOR PARQUE TREMENDÃO	PARQUE TREMENDÃO (1) | PARQUE TREMENDÂO (1) | SETOR PARQUE TREMENDÃO (1)	Todas as variantes pertencem à mesma família
74475064	1	SEGURO	PARQUE TREMENDÃO	PARQUE TREMENDÃO (1)	Todas as variantes pertencem à mesma família
74475070	5	SEGURO	Setor Parque Tremendão	Setor Parque Tremendão (3) | PARQUE TREMENDÃO (1) | SETOR PARQUE TREMENDÃO (1)	Todas as variantes pertencem à mesma família
74475073	1	SEGURO	Setor Parque Tremendão	Setor Parque Tremendão (1)	Todas as variantes pertencem à mesma família
74475075	7	BLOQUEADO		PARQUE TREMENDÃO (3) || VILAGE NOROESTE (2) || VILLAGE NOROESTE (1) || PARQUE TREMNDÃO (1)	CEP possui famílias de bairros estruturalmente distintas
74475076	1	SEGURO	Setor Parque Tremendão	Setor Parque Tremendão (1)	Todas as variantes pertencem à mesma família
74475077	3	SEGURO	PARQUE TREMENDÃO	PARQUE TREMENDÃO (3)	Todas as variantes pertencem à mesma família
74475078	1	SEGURO	SETOR PARQUE TREMENDÃO	SETOR PARQUE TREMENDÃO (1)	Todas as variantes pertencem à mesma família
74475079	1	SEGURO	PARQUE TREMENDÃO	PARQUE TREMENDÃO (1)	Todas as variantes pertencem à mesma família
74475082	3	SEGURO	PARQUE TREMENDÃO	PARQUE TREMENDÃO (2) | Setor Parque Tremendão (1)	Todas as variantes pertencem à mesma família
74475090	4	SEGURO	PARQUE TREMENDÃO	PARQUE TREMENDÃO (3) | Setor Parque Tremendão (1)	Todas as variantes pertencem à mesma família
74475092	1	SEGURO	PARQUE TREMENDÃO	PARQUE TREMENDÃO (1)	Todas as variantes pertencem à mesma família
74475094	2	SEGURO	PARQUE TREMENDÃO	PARQUE TREMENDÃO (2)	Todas as variantes pertencem à mesma família
74475095	3	BLOQUEADO		PARQUE TREMENDÃO (1) | Setor Parque Tremendão (1) || RESIDENCIAL VALE DOS CARAIBAS (1)	CEP possui famílias de bairros estruturalmente distintas
74475104	1	SEGURO	SETOR PARQUE TREMENDÃO	SETOR PARQUE TREMENDÃO (1)	Todas as variantes pertencem à mesma família
74475110	1	SEGURO	Setor Morada do Sol	Setor Morada do Sol (1)	Todas as variantes pertencem à mesma família
74475115	9	SEGURO	MORADA DO SOL	MORADA DO SOL (7) | SETOR MORADA DO SOL (2)	Todas as variantes pertencem à mesma família
74475116	1	SEGURO	MORADA DO SOL	MORADA DO SOL (1)	Todas as variantes pertencem à mesma família
74475122	3	BLOQUEADO		VILA FINSOCIAL (2) || MORADA DO SOL (1)	CEP possui famílias de bairros estruturalmente distintas
74475124	4	SEGURO	SETOR MORADA DO SOL	SETOR MORADA DO SOL (3) | MORADA DO SOL (1)	Todas as variantes pertencem à mesma família
74475125	1	SEGURO	MORADA DO SOL	MORADA DO SOL (1)	Todas as variantes pertencem à mesma família
74475130	1	SEGURO	MORADA DO SOL	MORADA DO SOL (1)	Todas as variantes pertencem à mesma família
74475132	1	SEGURO	Setor Morada do Sol	Setor Morada do Sol (1)	Todas as variantes pertencem à mesma família
74475137	6	REVISAR	SETOR MORADA DO SOL	SETOR MORADA DO SOL (4) | MORADA DO SOL (1) || SITIO RECREIO MORADA DO SOL (1)	Há família dominante, porém sem segurança suficiente para alteração automática
74475138	4	SEGURO	SETOR MORADA DO SOL	MORADA DO SOL (2) | SETOR MORADA DO SOL (2)	Todas as variantes pertencem à mesma família
74475140	2	SEGURO	MORADA DO SOL	MORADA DO SOL (2)	Todas as variantes pertencem à mesma família
74475143	13	REVISAR	SETOR MORADA DO SOL	MORADA DO SOL (6) | SETOR MORADA DO SOL (6) || VILA FINSOCIAL (1)	Família dominante identificada, mas existem famílias distintas no mesmo CEP
74475160	1	SEGURO	MORADA DO SOL	MORADA DO SOL (1)	Todas as variantes pertencem à mesma família
74475179	1	SEGURO	Setor Morada do Sol	Setor Morada do Sol (1)	Todas as variantes pertencem à mesma família
74475204	3	SEGURO	MORADA DO SOL	MORADA DO SOL (2) | Setor Morada do Sol (1)	Todas as variantes pertencem à mesma família
74475214	1	SEGURO	Setor Morada do Sol	Setor Morada do Sol (1)	Todas as variantes pertencem à mesma família
74475223	1	SEGURO	MORADA DO SOL	MORADA DO SOL (1)	Todas as variantes pertencem à mesma família
74475226	1	SEGURO	MORADA DO SOL	MORADA DO SOL (1)	Todas as variantes pertencem à mesma família
74475230	1	SEGURO	MORADA DO SOL	MORADA DO SOL (1)	Todas as variantes pertencem à mesma família
74475237	1	SEGURO	SETOR MORADA DO SOL	SETOR MORADA DO SOL (1)	Todas as variantes pertencem à mesma família
74475260	1	SEGURO	SETOR ESTRELA DALVA	SETOR ESTRELA DALVA (1)	Todas as variantes pertencem à mesma família
74475292	1	SEGURO	Setor Estrela Dalva	Setor Estrela Dalva (1)	Todas as variantes pertencem à mesma família
74475296	1	SEGURO	Setor Estrela Dalva	Setor Estrela Dalva (1)	Todas as variantes pertencem à mesma família
74475298	1	SEGURO	ESTRELA DALVA	ESTRELA DALVA (1)	Todas as variantes pertencem à mesma família
74475300	1	SEGURO	ESTRELA DALVA	ESTRELA DALVA (1)	Todas as variantes pertencem à mesma família
74475314	1	SEGURO	SETOR ESTRELA DALVA	SETOR ESTRELA DALVA (1)	Todas as variantes pertencem à mesma família
74475318	1	SEGURO	Setor Estrela Dalva	Setor Estrela Dalva (1)	Todas as variantes pertencem à mesma família
74475332	1	SEGURO	SETOR ESTRELA DALVA	SETOR ESTRELA DALVA (1)	Todas as variantes pertencem à mesma família
74475343	1	SEGURO	RESIDENCIAL BRISAS DA MATA	RESIDENCIAL BRISAS DA MATA (1)	Todas as variantes pertencem à mesma família
74475344	1	SEGURO	RESIDENCIAL BRISAS DA MATA	RESIDENCIAL BRISAS DA MATA (1)	Todas as variantes pertencem à mesma família
74475354	1	SEGURO	Residencial Brisas da Mata	Residencial Brisas da Mata (1)	Todas as variantes pertencem à mesma família
74475356	1	SEGURO	Residencial Brisas da Mata	Residencial Brisas da Mata (1)	Todas as variantes pertencem à mesma família
74475358	1	SEGURO	Residencial Brisas da Mata	Residencial Brisas da Mata (1)	Todas as variantes pertencem à mesma família
74475400	2	BLOQUEADO		Vila Mutirão II (1) || VILA MUTIRÃO (1)	CEP possui famílias de bairros estruturalmente distintas
74475405	5	BLOQUEADO		VILA MUTIRÃO (2) | Vila Mutirão (1) || VILA MUTIRÃO II (2)	CEP possui famílias de bairros estruturalmente distintas
74475410	15	REVISAR	VILA MUTIRÃO	VILA MUTIRÃO (10) | VILA MUTIRAO (1) || JARDIM LIBERDADE (2) || VILA MUTIRÃO II (1) | Vila Mutirão II (1)	Há família dominante, porém sem segurança suficiente para alteração automática
74475415	3	BLOQUEADO		VILA MUTIRÃO II (2) || VILA MUTIRÃO (1)	CEP possui famílias de bairros estruturalmente distintas
74475417	3	BLOQUEADO		VILA MUTIRÃO II (2) || VILA MUTIRÃO (1)	CEP possui famílias de bairros estruturalmente distintas
74475420	18	BLOQUEADO		VILA MUTIRÃO II (6) | Vila Mutirão II (3) || VILA MUTIRÃO (7) || JARDIM LIBERDADE (2)	CEP possui famílias de bairros estruturalmente distintas
74475422	1	SEGURO	RESIDENCIAL PRIVE NORTE	RESIDENCIAL PRIVE NORTE (1)	Todas as variantes pertencem à mesma família
74475425	3	BLOQUEADO		VILA MUTIRÃO (2) || Vila Mutirão II (1)	CEP possui famílias de bairros estruturalmente distintas
74475430	4	BLOQUEADO		VILA MUTIRÃO (3) || VILA MUTIRÃO II (1)	CEP possui famílias de bairros estruturalmente distintas
74475440	9	REVISAR	VILA MUTIRÃO	VILA MUTIRÃO (6) | VILA  MUTIRÃO (1) || VILA MUTIRÃO II (2)	Há família dominante, porém sem segurança suficiente para alteração automática
74475450	10	BLOQUEADO		VILA MUTIRÃO (5) | Vila Mutirão (1) || VILA MUTIRÃO II (2) | Vila Mutirão II (1) || JARDIM LIBERDADE (1)	CEP possui famílias de bairros estruturalmente distintas
74475455	5	BLOQUEADO		VILA MUTIRÃO (2) | VILA MUTIRÂO (1) || Vila Mutirão II (1) | VILA MUTIRÃO II (1)	CEP possui famílias de bairros estruturalmente distintas
74475460	30	BLOQUEADO		VILA MUTIRÃO (17) || VILA MUTIRÃO II (5) | Vila Mutirão II (4) || JARDIM LIBERDADE (4)	CEP possui famílias de bairros estruturalmente distintas
74475463	9	BLOQUEADO		JARDIM LIBERDADE (5) || Vila Mutirão II (3) | VILA MUTIRÃO II (1)	CEP possui famílias de bairros estruturalmente distintas
74475465	6	BLOQUEADO		VILA MUTIRÃO (3) || VILA MUTIRÃO II (1) | Vila Mutirão II (1) || JARDIM LIBERDADE (1)	CEP possui famílias de bairros estruturalmente distintas
74475467	7	REVISAR	VILA MUTIRÃO	VILA MUTIRÃO (4) | Vila Mutirão (1) || JARDIM LIBERDADE (2)	Há família dominante, porém sem segurança suficiente para alteração automática
74475470	17	BLOQUEADO		VILA MUTIRÃO (11) || VILA MUTIRÃO II (3) | Vila Mutirão II (3)	CEP possui famílias de bairros estruturalmente distintas
74475474	1	SEGURO	VILA MUTIRÃO	VILA MUTIRÃO (1)	Todas as variantes pertencem à mesma família
74475475	16	BLOQUEADO		VILA MUTIRÃO (10) || VILA MUTIRÃO II (5) | Vila Mutirão II (1)	CEP possui famílias de bairros estruturalmente distintas
74475485	2	BLOQUEADO		VILA MUTIRÃO (1) || JARDIM LIBERDADE (1)	CEP possui famílias de bairros estruturalmente distintas
74475490	1	SEGURO	JARDIM LIBERDADE	JARDIM LIBERDADE (1)	Todas as variantes pertencem à mesma família
74475500	1	SEGURO	VILA MUTIRÃO	VILA MUTIRÃO (1)	Todas as variantes pertencem à mesma família
74475520	47	REVISAR	JARDIM LIBERDADE	JARDIM LIBERDADE (36) | Jardim Liberdade (7) || VILA MUTIRÃO (3) | VILA MUTIRAO (1)	Família dominante identificada, mas existem famílias distintas no mesmo CEP
74475530	43	SEGURO	JARDIM LIBERDADE	JARDIM LIBERDADE (39) | Jardim Liberdade (3) | LIBERDADE (1)	Todas as variantes pertencem à mesma família
74475535	29	SEGURO	JARDIM LIBERDADE	JARDIM LIBERDADE (28) | Jardim Liberdade (1)	Todas as variantes pertencem à mesma família
74475540	16	REVISAR	JARDIM LIBERDADE	JARDIM LIBERDADE (11) | Jardim Liberdade (3) || VILA MUTIRÃO (2)	Família dominante identificada, mas existem famílias distintas no mesmo CEP
74475550	24	REVISAR	JARDIM LIBERDADE	JARDIM LIBERDADE (21) | Jardim Liberdade (2) || SETOR PERIM (1)	Família dominante identificada, mas existem famílias distintas no mesmo CEP
74475570	10	SEGURO	JARDIM LIBERDADE	JARDIM LIBERDADE (8) | Jardim Liberdade (2)	Todas as variantes pertencem à mesma família
74475574	1	SEGURO	JARDIM LIBERDADE	JARDIM LIBERDADE (1)	Todas as variantes pertencem à mesma família
74475575	36	SEGURO	JARDIM LIBERDADE	JARDIM LIBERDADE (34) | Jardim Liberdade (2)	Todas as variantes pertencem à mesma família
74475580	38	REVISAR	JARDIM LIBERDADE	JARDIM LIBERDADE (30) | Jardim Liberdade (4) || VILA MUTIRÃO (1) | Vila mutirão (1) || JARDIM VISTA BELA (1) || RESIDENCIAL FORTALEZA (1)	Família dominante identificada, mas existem famílias distintas no mesmo CEP
74475590	41	SEGURO	JARDIM LIBERDADE	JARDIM LIBERDADE (39) | Jardim Liberdade (2)	Todas as variantes pertencem à mesma família
74475600	11	SEGURO	JARDIM LIBERDADE	JARDIM LIBERDADE (11)	Todas as variantes pertencem à mesma família
74475610	27	REVISAR	JARDIM LIBERDADE	JARDIM LIBERDADE (24) | Jardim Liberdade (2) || NOVO PLANALTO (1)	Família dominante identificada, mas existem famílias distintas no mesmo CEP
74475620	10	SEGURO	JARDIM LIBERDADE	JARDIM LIBERDADE (8) | Jardim Liberdade (2)	Todas as variantes pertencem à mesma família
74475625	1	SEGURO	JARDIM COLORADO	JARDIM COLORADO (1)	Todas as variantes pertencem à mesma família
74475630	4	BLOQUEADO		JARDIM LIBERDADE (3) || VILA MUTIRÃO (1)	CEP possui famílias de bairros estruturalmente distintas
74475640	39	SEGURO	JARDIM LIBERDADE	JARDIM LIBERDADE (35) | Jardim Liberdade (4)	Todas as variantes pertencem à mesma família
74475650	27	SEGURO	JARDIM LIBERDADE	JARDIM LIBERDADE (25) | Jardim Liberdade (2)	Todas as variantes pertencem à mesma família
74475660	77	REVISAR	JARDIM LIBERDADE	JARDIM LIBERDADE (68) | Jardim Liberdade (6) || VILA MUTIRÃO (3)	Família dominante identificada, mas existem famílias distintas no mesmo CEP
74475670	15	SEGURO	JARDIM LIBERDADE	JARDIM LIBERDADE (15)	Todas as variantes pertencem à mesma família
74475675	13	SEGURO	JARDIM LIBERDADE	JARDIM LIBERDADE (13)	Todas as variantes pertencem à mesma família
74475680	10	REVISAR	JARDIM LIBERDADE	JARDIM LIBERDADE (9) || NOVO PLANALTO (1)	Há família dominante, porém sem segurança suficiente para alteração automática
74475742	1	SEGURO	SETOR ESTRELA DALVA	SETOR ESTRELA DALVA (1)	Todas as variantes pertencem à mesma família
74475757	1	SEGURO	JARDIM LIBERDADE	JARDIM LIBERDADE (1)	Todas as variantes pertencem à mesma família
74475801	11	SEGURO	SETOR PARQUE TREMENDÃO	PARQUE TREMENDÃO (5) | SETOR PARQUE TREMENDÃO (5) | Setor Parque Tremendão (1)	Todas as variantes pertencem à mesma família
74475802	9	REVISAR	SETOR PARQUE TREMENDÃO	SETOR PARQUE TREMENDÃO (4) | PARQUE TREMENDÃO (3) || PARQUE TREMENDÃO 2 (1) || TREMENDÃO (1)	Há família dominante, porém sem segurança suficiente para alteração automática
74475803	20	SEGURO	PARQUE TREMENDÃO	PARQUE TREMENDÃO (14) | SETOR PARQUE TREMENDÃO (4) | PARQUE TREMENDAO (2)	Todas as variantes pertencem à mesma família
74475804	16	SEGURO	PARQUE TREMENDÃO	PARQUE TREMENDÃO (8) | SETOR PARQUE TREMENDÃO (7) | SETOR PARQUE TREMENDAO (1)	Todas as variantes pertencem à mesma família
74475805	2	SEGURO	PARQUE TREMENDÃO	PARQUE TREMENDÃO (2)	Todas as variantes pertencem à mesma família
74475807	11	SEGURO	PARQUE TREMENDÃO	PARQUE TREMENDÃO (8) | SETOR PARQUE TREMENDÃO (2) | Setor Parque Tremendão (1)	Todas as variantes pertencem à mesma família
74475809	1	SEGURO	PARQUE TREMENDÃO	PARQUE TREMENDÃO (1)	Todas as variantes pertencem à mesma família
74475810	8	SEGURO	PARQUE TREMENDÃO	PARQUE TREMENDÃO (4) | Setor Parque Tremendão (3) | SETOR PARQUE TREMENDÃO (1)	Todas as variantes pertencem à mesma família
74475813	2	SEGURO	PARQUE TREMENDÃO	PARQUE TREMENDÃO (2)	Todas as variantes pertencem à mesma família
74475818	1	SEGURO	Setor Parque Tremendão	Setor Parque Tremendão (1)	Todas as variantes pertencem à mesma família
74475820	1	SEGURO	Setor Parque Tremendão	Setor Parque Tremendão (1)	Todas as variantes pertencem à mesma família
74475845	1	SEGURO	VILA MUTIRÃO	VILA MUTIRÃO (1)	Todas as variantes pertencem à mesma família
74475860	14	SEGURO	PARQUE TREMENDÃO	PARQUE TREMENDÃO (10) | SETOR PARQUE TREMENDÃO (3) | Setor Parque Tremendão (1)	Todas as variantes pertencem à mesma família
74476005	1	SEGURO	RESIDENCIAL FORTALEZA	RESIDENCIAL FORTALEZA (1)	Todas as variantes pertencem à mesma família
74476010	2	SEGURO	RESIDENCIAL FORTALEZA	RESIDENCIAL FORTALEZA (2)	Todas as variantes pertencem à mesma família
74476020	1	SEGURO	RESIDENCIAL FORTALEZA	RESIDENCIAL FORTALEZA (1)	Todas as variantes pertencem à mesma família
74476030	11	REVISAR	RESIDENCIAL FORTALEZA	RESIDENCIAL FORTALEZA (10) || BAIRRO DA VITORIA (1)	Família dominante identificada, mas existem famílias distintas no mesmo CEP
74476040	4	SEGURO	RESIDENCIAL FORTALEZA	RESIDENCIAL FORTALEZA (4)	Todas as variantes pertencem à mesma família
74476050	19	SEGURO	RESIDENCIAL FORTALEZA	RESIDENCIAL FORTALEZA (16) | Residencial Fortaleza (3)	Todas as variantes pertencem à mesma família
74476065	7	REVISAR	Residencial Fortaleza	Residencial Fortaleza (3) | RESIDENCIAL FORTALEZA (2) || NOVO PLANALTO (1) || JARDIM LIBERDADE (1)	Há família dominante, porém sem segurança suficiente para alteração automática
74476070	23	SEGURO	RESIDENCIAL FORTALEZA	RESIDENCIAL FORTALEZA (21) | Residencial Fortaleza (2)	Todas as variantes pertencem à mesma família
74476080	2	SEGURO	RESIDENCIAL FORTALEZA	RESIDENCIAL FORTALEZA (1) | Residencial Fortaleza (1)	Todas as variantes pertencem à mesma família
74476100	3	BLOQUEADO		RESIDENCIAL FORTALEZA (2) || CONDOMÍNIO TERRA NOVA (1)	CEP possui famílias de bairros estruturalmente distintas
74476110	9	REVISAR	RESIDENCIAL FORTALEZA	RESIDENCIAL FORTALEZA (6) || JARDIM LIBERDADE (2) || VILA MUTIRÃO (1)	Há família dominante, porém sem segurança suficiente para alteração automática
74476125	1	SEGURO	CONJUNTO RESIDENCIAL PAULO PACHECO	CONJUNTO RESIDENCIAL PAULO PACHECO (1)	Todas as variantes pertencem à mesma família
74477001	5	BLOQUEADO		BAIRRO DA VITORIA (2) | BAIRRO DA VITÓRIA (1) || DA VITÓRIA (2)	CEP possui famílias de bairros estruturalmente distintas
74477002	1	SEGURO	BAIRRO DA VITORIA	BAIRRO DA VITORIA (1)	Todas as variantes pertencem à mesma família
74477003	7	BLOQUEADO		BAIRRO DA VITÓRIA (3) | BAIRRO DA VITORIA (1) || Da Vitória (2) | DA VITÓRIA (1)	CEP possui famílias de bairros estruturalmente distintas
74477004	3	BLOQUEADO		BAIRRO DA VITÓRIA (2) || Da Vitória (1)	CEP possui famílias de bairros estruturalmente distintas
74477005	1	SEGURO	BAIRRO DA VITÓRIA	BAIRRO DA VITÓRIA (1)	Todas as variantes pertencem à mesma família
74477006	7	BLOQUEADO		BAIRRO DA VITÓRIA (3) | BAIRRO DA VITORIA (1) || Da Vitória (2) | DA VITÓRIA (1)	CEP possui famílias de bairros estruturalmente distintas
74477007	1	SEGURO	DA VITÓRIA	DA VITÓRIA (1)	Todas as variantes pertencem à mesma família
74477008	2	SEGURO	DA VITÓRIA	DA VITÓRIA (1) | Da Vitória (1)	Todas as variantes pertencem à mesma família
74477009	2	BLOQUEADO		BAIRRO DA VITÓRIA (1) || SAO CARLOS (1)	CEP possui famílias de bairros estruturalmente distintas
74477010	4	BLOQUEADO		BAIRRO DA VITÓRIA (2) || RESERVA CAMPO BELO (1) || CONDOMÍNIO TERRA NOVA (1)	CEP possui famílias de bairros estruturalmente distintas
74477011	2	SEGURO	BAIRRO DA VITORIA	BAIRRO DA VITORIA (2)	Todas as variantes pertencem à mesma família
74477012	10	BLOQUEADO		BAIRRO DA VITÓRIA (4) | BAIRRO DA VITORIA (1) || JARDIM NOVA ESPERANÇA (2) || SÃO CARLOS (1) || CANDIDA DE MORAES (1) || Da Vitória (1)	CEP possui famílias de bairros estruturalmente distintas
74477018	1	SEGURO	Da Vitória	Da Vitória (1)	Todas as variantes pertencem à mesma família
74477019	4	SEGURO	BAIRRO DA VITÓRIA	BAIRRO DA VITÓRIA (3) | BAIRRO DA VITORIA (1)	Todas as variantes pertencem à mesma família
74477020	12	BLOQUEADO		BAIRRO DA VITÓRIA (5) | BAIRRO DA VITORIA (1) || DA VITÓRIA (5) | Da Vitória (1)	CEP possui famílias de bairros estruturalmente distintas
74477021	5	BLOQUEADO		BAIRRO DA VITÓRIA (4) || DA VITÓRIA (1)	CEP possui famílias de bairros estruturalmente distintas
74477022	3	SEGURO	BAIRRO DA VITORIA	BAIRRO DA VITORIA (2) | BAIRRO DA VITÓRIA (1)	Todas as variantes pertencem à mesma família
74477024	3	BLOQUEADO		BAIRRO DA VITORIA (1) | BAIRRO DA VITÓRIA (1) || Da Vitória (1)	CEP possui famílias de bairros estruturalmente distintas
74477025	3	BLOQUEADO		BAIRRO DA VITÓRIA (1) | BAIRRO DA VITORIA (1) || Da Vitória (1)	CEP possui famílias de bairros estruturalmente distintas
74477026	1	SEGURO	BAIRRO DA VITÓRIA	BAIRRO DA VITÓRIA (1)	Todas as variantes pertencem à mesma família
74477027	3	BLOQUEADO		BAIRRO DA VITÓRIA (2) || DA VITÓRIA (1)	CEP possui famílias de bairros estruturalmente distintas
74477030	7	REVISAR	BAIRRO DA VITÓRIA	BAIRRO DA VITÓRIA (4) | BAIRRO DA VITORIA (2) || DA VITÓRIA (1)	Há família dominante, porém sem segurança suficiente para alteração automática
74477031	4	SEGURO	BAIRRO DA VITÓRIA	BAIRRO DA VITÓRIA (2) | BAIRRO DA VITORIA (2)	Todas as variantes pertencem à mesma família
74477032	2	SEGURO	DA VITÓRIA	DA VITÓRIA (2)	Todas as variantes pertencem à mesma família
74477033	2	SEGURO	DA VITÓRIA	DA VITÓRIA (2)	Todas as variantes pertencem à mesma família
74477034	5	BLOQUEADO		BAIRRO DA VITÓRIA (4) || Da Vitória (1)	CEP possui famílias de bairros estruturalmente distintas
74477036	11	BLOQUEADO		DA VITÓRIA (4) | Da Vitória (3) || BAIRRO DA VITÓRIA (4)	CEP possui famílias de bairros estruturalmente distintas
74477038	3	SEGURO	BAIRRO DA VITORIA	BAIRRO DA VITORIA (2) | BAIRRO DA VITÓRIA (1)	Todas as variantes pertencem à mesma família
74477040	1	SEGURO	BAIRRO DA VITÓRIA	BAIRRO DA VITÓRIA (1)	Todas as variantes pertencem à mesma família
74477041	4	BLOQUEADO		BAIRRO DA VITORIA (2) | BAIRRO DA VITÓRIA (1) || Da Vitória (1)	CEP possui famílias de bairros estruturalmente distintas
74477043	5	BLOQUEADO		Da Vitória (3) || BAIRRO DA VITÓRIA (2)	CEP possui famílias de bairros estruturalmente distintas
74477044	2	BLOQUEADO		BAIRRO DA VITORIA (1) || Da Vitória (1)	CEP possui famílias de bairros estruturalmente distintas
74477045	4	BLOQUEADO		BAIRRO DA VITÓRIA (1) | BAIRRO DA VITORIA (1) || DA VITÓRIA (2)	CEP possui famílias de bairros estruturalmente distintas
74477048	5	SEGURO	BAIRRO DA VITÓRIA	BAIRRO DA VITÓRIA (4) | BAIRRO DA VITORIA (1)	Todas as variantes pertencem à mesma família
74477049	1	SEGURO	DA VITÓRIA	DA VITÓRIA (1)	Todas as variantes pertencem à mesma família
74477050	2	SEGURO	DA VITÓRIA	DA VITÓRIA (1) | Da Vitória (1)	Todas as variantes pertencem à mesma família
74477051	2	SEGURO	DA VITÓRIA	DA VITÓRIA (2)	Todas as variantes pertencem à mesma família
74477053	4	BLOQUEADO		BAIRRO DA VITÓRIA (3) || DA VITÓRIA (1)	CEP possui famílias de bairros estruturalmente distintas
74477054	3	BLOQUEADO		DA VITÓRIA (2) || BAIRRO DA VITÓRIA (1)	CEP possui famílias de bairros estruturalmente distintas
74477055	3	SEGURO	BAIRRO DA VITÓRIA	BAIRRO DA VITÓRIA (2) | BAIRRO DA VITORIA (1)	Todas as variantes pertencem à mesma família
74477056	2	SEGURO	BAIRRO DA VITÓRIA	BAIRRO DA VITÓRIA (2)	Todas as variantes pertencem à mesma família
74477057	12	BLOQUEADO		BAIRRO DA VITORIA (4) | BAIRRO DA VITÓRIA (2) || DA VITÓRIA (5) | Da Vitória (1)	CEP possui famílias de bairros estruturalmente distintas
74477058	4	SEGURO	SÃO CARLOS	SÃO CARLOS (3) | São Carlos (1)	Todas as variantes pertencem à mesma família
74477059	2	SEGURO	SÃO CARLOS	SÃO CARLOS (2)	Todas as variantes pertencem à mesma família
74477060	1	SEGURO	SÃO CARLOS	SÃO CARLOS (1)	Todas as variantes pertencem à mesma família
74477061	7	SEGURO	SÃO CARLOS	SÃO CARLOS (5) | São Carlos (2)	Todas as variantes pertencem à mesma família
74477062	12	SEGURO	SÃO CARLOS	SÃO CARLOS (10) | SAO CARLOS (1) | São Carlos (1)	Todas as variantes pertencem à mesma família
74477063	1	SEGURO	SÃO CARLOS	SÃO CARLOS (1)	Todas as variantes pertencem à mesma família
74477064	1	SEGURO	SÃO CARLOS	SÃO CARLOS (1)	Todas as variantes pertencem à mesma família
74477066	10	SEGURO	SÃO CARLOS	SÃO CARLOS (10)	Todas as variantes pertencem à mesma família
74477067	6	REVISAR	SÃO CARLOS	SÃO CARLOS (5) || BAIRRO SÃO CARLOS (1)	Há família dominante, porém sem segurança suficiente para alteração automática
74477068	6	SEGURO	SÃO CARLOS	SÃO CARLOS (4) | São Carlos (2)	Todas as variantes pertencem à mesma família
74477069	2	SEGURO	SÃO CARLOS	SÃO CARLOS (2)	Todas as variantes pertencem à mesma família
74477070	6	REVISAR	SÃO CARLOS	SÃO CARLOS (4) | SAO CARLOS (1) || BAIRRO SÃO CARLOS (1)	Há família dominante, porém sem segurança suficiente para alteração automática
74477071	4	SEGURO	SÃO CARLOS	SÃO CARLOS (3) | São Carlos (1)	Todas as variantes pertencem à mesma família
74477072	2	BLOQUEADO		BAIRRO DA VITÓRIA (1) || Da Vitoria (1)	CEP possui famílias de bairros estruturalmente distintas
74477074	4	SEGURO	SÃO CARLOS	SÃO CARLOS (3) | São Carlos (1)	Todas as variantes pertencem à mesma família
74477076	4	BLOQUEADO		SÃO CARLOS (2) || Da Vitória (1) || BAIRRO SÃO CARLOS (1)	CEP possui famílias de bairros estruturalmente distintas
74477078	4	SEGURO	SÃO CARLOS	SÃO CARLOS (4)	Todas as variantes pertencem à mesma família
74477079	2	SEGURO	SÃO CARLOS	SÃO CARLOS (2)	Todas as variantes pertencem à mesma família
74477080	4	SEGURO	SÃO CARLOS	SÃO CARLOS (3) | São Carlos (1)	Todas as variantes pertencem à mesma família
74477081	7	SEGURO	SÃO CARLOS	SÃO CARLOS (7)	Todas as variantes pertencem à mesma família
74477083	4	SEGURO	SÃO CARLOS	SÃO CARLOS (2) | SAO CARLOS (1) | São Carlos (1)	Todas as variantes pertencem à mesma família
74477084	3	SEGURO	SÃO CARLOS	SÃO CARLOS (2) | São Carlos (1)	Todas as variantes pertencem à mesma família
74477086	1	SEGURO	SÃO CARLOS	SÃO CARLOS (1)	Todas as variantes pertencem à mesma família
74477087	3	SEGURO	SÃO CARLOS	SÃO CARLOS (2) | São Carlos (1)	Todas as variantes pertencem à mesma família
74477088	14	REVISAR	SÃO CARLOS	SÃO CARLOS (7) | São Carlos (4) | SAO CARLOS (2) || Jardim Nova Esperança (1)	Família dominante identificada, mas existem famílias distintas no mesmo CEP
74477089	6	SEGURO	SÃO CARLOS	SÃO CARLOS (3) | São Carlos (3)	Todas as variantes pertencem à mesma família
74477091	4	SEGURO	SÃO CARLOS	SÃO CARLOS (4)	Todas as variantes pertencem à mesma família
74477092	1	SEGURO	São Carlos	São Carlos (1)	Todas as variantes pertencem à mesma família
74477093	1	SEGURO	SÃO CARLOS	SÃO CARLOS (1)	Todas as variantes pertencem à mesma família
74477094	3	SEGURO	SÃO CARLOS	SÃO CARLOS (3)	Todas as variantes pertencem à mesma família
74477096	2	SEGURO	SÃO CARLOS	SÃO CARLOS (2)	Todas as variantes pertencem à mesma família
74477097	7	SEGURO	SÃO CARLOS	SÃO CARLOS (5) | SAO CARLOS (2)	Todas as variantes pertencem à mesma família
74477098	4	SEGURO	SÃO CARLOS	SÃO CARLOS (3) | SAO CARLOS (1)	Todas as variantes pertencem à mesma família
74477099	4	SEGURO	SÃO CARLOS	SÃO CARLOS (3) | São Carlos (1)	Todas as variantes pertencem à mesma família
74477100	4	SEGURO	SÃO CARLOS	SÃO CARLOS (3) | São Carlos (1)	Todas as variantes pertencem à mesma família
74477101	3	SEGURO	São Carlos	São Carlos (2) | SÃO CARLOS (1)	Todas as variantes pertencem à mesma família
74477103	2	SEGURO	SÃO CARLOS	SÃO CARLOS (2)	Todas as variantes pertencem à mesma família
74477104	1	SEGURO	SAO CARLOS	SAO CARLOS (1)	Todas as variantes pertencem à mesma família
74477105	9	SEGURO	São Carlos	São Carlos (6) | SÃO CARLOS (3)	Todas as variantes pertencem à mesma família
74477106	6	SEGURO	SÃO CARLOS	SÃO CARLOS (5) | SAO CARLOS (1)	Todas as variantes pertencem à mesma família
74477107	11	SEGURO	SÃO CARLOS	SÃO CARLOS (9) | São Carlos (2)	Todas as variantes pertencem à mesma família
74477108	4	SEGURO	SÃO CARLOS	SÃO CARLOS (3) | SAO CARLOS (1)	Todas as variantes pertencem à mesma família
74477109	2	SEGURO	SÃO CARLOS	SÃO CARLOS (2)	Todas as variantes pertencem à mesma família
74477110	4	SEGURO	SÃO CARLOS	SÃO CARLOS (3) | São Carlos (1)	Todas as variantes pertencem à mesma família
74477112	1	SEGURO	SÃO CARLOS	SÃO CARLOS (1)	Todas as variantes pertencem à mesma família
74477115	1	SEGURO	Floresta	Floresta (1)	Todas as variantes pertencem à mesma família
74477122	2	SEGURO	Floresta	Floresta (2)	Todas as variantes pertencem à mesma família
74477147	4	SEGURO	DA VITÓRIA	DA VITÓRIA (4)	Todas as variantes pertencem à mesma família
74477186	3	SEGURO	SÃO CARLOS	SÃO CARLOS (3)	Todas as variantes pertencem à mesma família
74477187	2	SEGURO	SÃO CARLOS	SÃO CARLOS (2)	Todas as variantes pertencem à mesma família
74477189	1	SEGURO	SÃO CARLOS	SÃO CARLOS (1)	Todas as variantes pertencem à mesma família
74477190	11	REVISAR	SÃO CARLOS	SÃO CARLOS (8) | São Carlos (1) || BAIRRO SAO CARLOS (2)	Há família dominante, porém sem segurança suficiente para alteração automática
74477200	2	SEGURO	JARDIM VISTA BELA	JARDIM VISTA BELA (2)	Todas as variantes pertencem à mesma família
74477447	1	SEGURO	JARDIM LIBERDADE	JARDIM LIBERDADE (1)	Todas as variantes pertencem à mesma família
74477600	1	SEGURO	FAZENDA SÃO DOMINGOS	FAZENDA SÃO DOMINGOS (1)	Todas as variantes pertencem à mesma família
74477657	1	SEGURO	BAIRRO DA VITORIA	BAIRRO DA VITORIA (1)	Todas as variantes pertencem à mesma família
74477720	1	SEGURO	CONDOMÍNIO CAMPO BELO	CONDOMÍNIO CAMPO BELO (1)	Todas as variantes pertencem à mesma família
74478036	1	SEGURO	NOVO PLANALTO	NOVO PLANALTO (1)	Todas as variantes pertencem à mesma família
74478395	1	SEGURO	NOVO PLANALTO	NOVO PLANALTO (1)	Todas as variantes pertencem à mesma família
74478710	1	SEGURO	MANSÕES PARAÍSO	MANSÕES PARAÍSO (1)	Todas as variantes pertencem à mesma família
74480000	4	BLOQUEADO		JARDIM COLORADO (1) | COLORADO (1) || JARDIM NOVO MUNDO (1) || BAIRRO CAPUAVA (1)	CEP possui famílias de bairros estruturalmente distintas
74480003	1	SEGURO	JARDIM LIBERDADE	JARDIM LIBERDADE (1)	Todas as variantes pertencem à mesma família
74480008	1	SEGURO	VILA MUTIRÃO	VILA MUTIRÃO (1)	Todas as variantes pertencem à mesma família
74480010	3	SEGURO	JARDIM LIBERDADE	JARDIM LIBERDADE (3)	Todas as variantes pertencem à mesma família
74480020	3	BLOQUEADO		VILA MUTIRÃO (2) || JARDIM LIBERDADE (1)	CEP possui famílias de bairros estruturalmente distintas
74480030	41	REVISAR	JARDIM LIBERDADE	JARDIM LIBERDADE (37) | Jardim Liberdade (2) || VILA MUTIRÃO (2)	Família dominante identificada, mas existem famílias distintas no mesmo CEP
74480040	9	REVISAR	VILA MUTIRÃO	VILA MUTIRÃO (6) || Vila Mutirão I (2) | VILA MUTIRÃO I (1)	Há família dominante, porém sem segurança suficiente para alteração automática
74480050	5	SEGURO	NOVO PLANALTO	NOVO PLANALTO (3) | SETOR NOVO PLANALTO (2)	Todas as variantes pertencem à mesma família
74480060	55	REVISAR	NOVO PLANALTO	NOVO PLANALTO (32) | SETOR NOVO PLANALTO (15) | Setor Novo Planalto (5) || Vila Mutirão (1) || MANSÕES PARAISO (1) || JARDIM NOVA ESPERANÇA (1)	Família dominante identificada, mas existem famílias distintas no mesmo CEP
74480070	29	REVISAR	JARDIM LIBERDADE	JARDIM LIBERDADE (23) | Jardim Liberdade (1) || NOVO PLANALTO (2) | SETOR NOVO PLANALTO (1) || VILA MUTIRÃO (1) | VILA MUTIRAO (1)	Família dominante identificada, mas existem famílias distintas no mesmo CEP
74480080	1	SEGURO	NOVO PLANALTO	NOVO PLANALTO (1)	Todas as variantes pertencem à mesma família
74480098	1	SEGURO	SÃO CARLOS	SÃO CARLOS (1)	Todas as variantes pertencem à mesma família
74480110	29	BLOQUEADO		VILA MUTIRÃO (13) || VILA MUTIRÃO I (8) | Vila Mutirão I (2) || JARDIM LIBERDADE (5) || JARDIM CURITIBA IV (1)	CEP possui famílias de bairros estruturalmente distintas
74480120	13	BLOQUEADO		VILA MUTIRÃO I (6) | Vila Mutirão I (1) || VILA MUTIRÃO (5) || CURITIBA 4 (1)	CEP possui famílias de bairros estruturalmente distintas
74480130	4	SEGURO	NOVO PLANALTO	NOVO PLANALTO (3) | SETOR NOVO PLANALTO (1)	Todas as variantes pertencem à mesma família
74480140	14	BLOQUEADO		VILA MUTIRÃO (9) || VILA MUTIRÃO I (3) | Vila Mutirão I (1) || JARDIM LIBERDADE (1)	CEP possui famílias de bairros estruturalmente distintas
74480150	18	BLOQUEADO		Vila Mutirão I (7) | VILA MUTIRÃO I (2) || VILA MUTIRÃO (8) || JARDIM LIBERDADE (1)	CEP possui famílias de bairros estruturalmente distintas
74480160	22	BLOQUEADO		VILA MUTIRÃO I (8) | Vila Mutirão I (4) || VILA MUTIRÃO (10)	CEP possui famílias de bairros estruturalmente distintas
74480170	20	REVISAR	VILA MUTIRÃO	VILA MUTIRÃO (11) | VILA MUTIRAO (2) || VILA MUTIRÃO I (4) | Vila Mutirão I (3)	Há família dominante, porém sem segurança suficiente para alteração automática
74480180	26	BLOQUEADO		VILA MUTIRÃO (14) | VILA MUTIRAO (2) || VILA MUTIRÃO I (5) | Vila Mutirão I (4) || VILA MULTIRÃO I (1)	CEP possui famílias de bairros estruturalmente distintas
74480190	5	BLOQUEADO		VILA MUTIRÃO (3) || VILA MULTIRÃO (1) || Vila Mutirão I (1)	CEP possui famílias de bairros estruturalmente distintas
74480230	16	BLOQUEADO		VILA MUTIRÃO (10) || VILA MUTIRÃO I (3) | Vila Mutirão I (3)	CEP possui famílias de bairros estruturalmente distintas
74480240	27	BLOQUEADO		VILA MUTIRÃO I (11) | Vila Mutirão I (3) || VILA MUTIRÃO (10) | VILA MUTIRAO (1) || NOVO PLANALTO (1) || CANDIDA DE MORAIS (1)	CEP possui famílias de bairros estruturalmente distintas
74480250	27	BLOQUEADO		VILA MUTIRÃO (11) | VILA MUTIRAO (3) | Vila Mutirão (1) || VILA MUTIRÃO I (6) | Vila Mutirão I (4) || VILA MULTIRÃO (1) || Jardim Liberdade (1)	CEP possui famílias de bairros estruturalmente distintas
74480260	29	BLOQUEADO		VILA MUTIRÃO (16) || VILA MUTIRÃO I (9) | Vila Mutirão I (3) || RESIDENCIAL GREEN PARK (1)	CEP possui famílias de bairros estruturalmente distintas
74480270	20	BLOQUEADO		VILA MUTIRÃO (8) | Vila Mutirão (2) || VILA MUTIRÃO I (6) | Vila Mutirão I (3) || JARDIM LIBERDADE (1)	CEP possui famílias de bairros estruturalmente distintas
74480280	20	BLOQUEADO		VILA MUTIRÃO I (6) | Vila Mutirão I (4) || VILA MUTIRÃO (9) || NOVO PLANALTO (1)	CEP possui famílias de bairros estruturalmente distintas
74480282	8	REVISAR	VILA MUTIRÃO	VILA MUTIRÃO (6) || VILA MUTIRÃO I (2)	Há família dominante, porém sem segurança suficiente para alteração automática
74480290	5	BLOQUEADO		VILA MUTIRÃO (2) | Vila Mutirão (1) || SETOR PERIM (1) || Vila Mutirão I (1)	CEP possui famílias de bairros estruturalmente distintas
74480300	15	BLOQUEADO		VILA MUTIRÃO I (6) | Vila Mutirão I (3) || VILA MUTIRÃO (4) || VILA MULTIRÃO (1) || VILA MUTIRAO 1 (1)	CEP possui famílias de bairros estruturalmente distintas
74480310	7	BLOQUEADO		VILA MUTIRÃO I (3) | Vila Mutirão I (1) || NOVO PLANALTO (1) || JARDIM LIBERDADE (1) || VILA MUTIRÃO (1)	CEP possui famílias de bairros estruturalmente distintas
74480320	9	BLOQUEADO		VILA MUTIRÃO (4) || JARDIM LIBERDADE (4) || VILA MUTIRÃO I (1)	CEP possui famílias de bairros estruturalmente distintas
74480330	45	REVISAR	NOVO PLANALTO	NOVO PLANALTO (29) | SETOR NOVO PLANALTO (13) | Setor Novo Planalto (2) || JARDIM COLORADO (1)	Família dominante identificada, mas existem famílias distintas no mesmo CEP
74480335	24	SEGURO	NOVO PLANALTO	NOVO PLANALTO (13) | SETOR NOVO PLANALTO (10) | Setor Novo Planalto (1)	Todas as variantes pertencem à mesma família
74480340	41	REVISAR	NOVO PLANALTO	NOVO PLANALTO (23) | SETOR NOVO PLANALTO (9) | Setor Novo Planalto (8) || JARDIM COLORADO (1)	Família dominante identificada, mas existem famílias distintas no mesmo CEP
74480350	52	REVISAR	NOVO PLANALTO	NOVO PLANALTO (29) | SETOR NOVO PLANALTO (16) | Setor Novo Planalto (5) || CANDIDA DE MORAES (1) || JARDIM COLORADO (1)	Família dominante identificada, mas existem famílias distintas no mesmo CEP
74480355	47	REVISAR	NOVO PLANALTO	NOVO PLANALTO (27) | SETOR NOVO PLANALTO (14) | Setor Novo Planalto (4) | Novo Planalto (1) || JARDIM VISTA BELA (1)	Família dominante identificada, mas existem famílias distintas no mesmo CEP
74480358	1	SEGURO	NOVO PLANALTO	NOVO PLANALTO (1)	Todas as variantes pertencem à mesma família
74480360	23	SEGURO	NOVO PLANALTO	NOVO PLANALTO (12) | SETOR NOVO PLANALTO (9) | Setor Novo Planalto (2)	Todas as variantes pertencem à mesma família
74480365	1	SEGURO	NOVO PLANALTO	NOVO PLANALTO (1)	Todas as variantes pertencem à mesma família
74480370	11	SEGURO	NOVO PLANALTO	NOVO PLANALTO (6) | SETOR NOVO PLANALTO (5)	Todas as variantes pertencem à mesma família
74480380	17	SEGURO	NOVO PLANALTO	NOVO PLANALTO (10) | SETOR NOVO PLANALTO (7)	Todas as variantes pertencem à mesma família
74480382	19	REVISAR	NOVO PLANALTO	NOVO PLANALTO (13) | SETOR NOVO PLANALTO (3) | Setor Novo Planalto (1) || RESIDENCIAL PRIVE NORTE (1) || VILA MARTINS (1)	Família dominante identificada, mas existem famílias distintas no mesmo CEP
74480385	9	SEGURO	NOVO PLANALTO	NOVO PLANALTO (8) | SETOR NOVO PLANALTO (1)	Todas as variantes pertencem à mesma família
74480387	3	BLOQUEADO		NOVO PLANALTO (2) || SETOR PERIM (1)	CEP possui famílias de bairros estruturalmente distintas
74480390	29	REVISAR	NOVO PLANALTO	NOVO PLANALTO (15) | Setor Novo Planalto (8) | SETOR NOVO PLANALTO (5) || JARDIM COLORADO (1)	Família dominante identificada, mas existem famílias distintas no mesmo CEP
74480395	34	SEGURO	NOVO PLANALTO	NOVO PLANALTO (25) | SETOR NOVO PLANALTO (6) | Setor Novo Planalto (3)	Todas as variantes pertencem à mesma família
74480400	36	SEGURO	NOVO PLANALTO	NOVO PLANALTO (22) | SETOR NOVO PLANALTO (11) | Setor Novo Planalto (3)	Todas as variantes pertencem à mesma família
74480420	1	SEGURO	VILA MUTIRÃO	VILA MUTIRÃO (1)	Todas as variantes pertencem à mesma família
74480430	23	REVISAR	JARDIM CURITIBA IV	JARDIM CURITIBA IV (17) | JARDIM CURITIBA  IV (1) || JARDIM CURITIBA (3) | Jardim Curitiba (1) || JARDIM LIBERDADE (1)	Há família dominante, porém sem segurança suficiente para alteração automática
74480440	17	REVISAR	JARDIM CURITIBA IV	JARDIM CURITIBA IV (14) || JARDIM CURITIBA (2) | Jardim Curitiba (1)	Família dominante identificada, mas existem famílias distintas no mesmo CEP
74480450	40	REVISAR	JARDIM CURITIBA IV	JARDIM CURITIBA IV (25) | CURITIBA IV (1) | Jardim Curitiba IV (1) || JARDIM CURITIBA (5) | Jardim Curitiba (5) || Jardim Curitiba 4 (2) || JARDIM CURITBA IV (1)	Há família dominante, porém sem segurança suficiente para alteração automática
74480460	15	BLOQUEADO		JARDIM CURITIBA IV (9) || JARDIM CURITIBA (4) | Jardim Curitiba (1) || PARQUE MARACANÃ (1)	CEP possui famílias de bairros estruturalmente distintas
74480470	7	BLOQUEADO		JARDIM CURITIBA (2) | Jardim Curitiba (2) || JARDIM CURITIBA IV (2) || JARDIM CURITIBA I (1)	CEP possui famílias de bairros estruturalmente distintas
74480480	3	BLOQUEADO		JARDIM CURITIBA IV (2) || Jardim Curitiba (1)	CEP possui famílias de bairros estruturalmente distintas
74480485	6	BLOQUEADO		JARDIM CURITIBA (2) | Jardim Curitiba (1) || JARDIM VISTA BELA (1) || JARDIM CURITIBA IV (1) || Jardim Curitiba lV (1)	CEP possui famílias de bairros estruturalmente distintas
74480490	5	BLOQUEADO		JARDIM CURITIBA IV (4) || JARDIM CURITIBA 4 (1)	CEP possui famílias de bairros estruturalmente distintas
74480500	5	BLOQUEADO		JARDIM CURITIBA IV (3) || JARDIM CURITIBA (1) || Jardim Curitiba 4 (1)	CEP possui famílias de bairros estruturalmente distintas
74480510	2	BLOQUEADO		JARDIM CURITIBA IV (1) || Jardim Curitiba (1)	CEP possui famílias de bairros estruturalmente distintas
74480520	11	REVISAR	JARDIM CURITIBA IV	JARDIM CURITIBA IV (10) || Jardim Curitiba (1)	Família dominante identificada, mas existem famílias distintas no mesmo CEP
74480530	17	REVISAR	JARDIM CURITIBA IV	JARDIM CURITIBA IV (13) | CURITIBA IV (1) || Jardim Curitiba (1) | JARDIM CURITIBA (1) || Jardim Curitiba 4 (1)	Família dominante identificada, mas existem famílias distintas no mesmo CEP
74480540	6	REVISAR	JARDIM CURITIBA IV	JARDIM CURITIBA IV (5) || JARDIM CURITIBA (1)	Há família dominante, porém sem segurança suficiente para alteração automática
74480550	6	BLOQUEADO		JARDIM CURITIBA IV (4) || JARDIM CURITIBA (2)	CEP possui famílias de bairros estruturalmente distintas
74480558	1	SEGURO	JARDIM CURITIBA IV	JARDIM CURITIBA IV (1)	Todas as variantes pertencem à mesma família
74480560	14	BLOQUEADO		JARDIM CURITIBA IV (9) || JARDIM CURITIBA (3) | Jardim Curitiba (2)	CEP possui famílias de bairros estruturalmente distintas
74480570	10	REVISAR	JARDIM CURITIBA IV	JARDIM CURITIBA IV (7) | Jardim Curitiba IV (1) || Jardim Curitiba (2)	Há família dominante, porém sem segurança suficiente para alteração automática
74480579	1	SEGURO	JARDIM CURITIBA IV	JARDIM CURITIBA IV (1)	Todas as variantes pertencem à mesma família
74480580	1	SEGURO	JARDIM CURITIBA IV	JARDIM CURITIBA IV (1)	Todas as variantes pertencem à mesma família
74480590	6	BLOQUEADO		JARDIM CURITIBA IV (4) || RESIDENCIAL FORTALEZA (1) || Jardim Curitiba (1)	CEP possui famílias de bairros estruturalmente distintas
74480600	2	BLOQUEADO		JARDIM CURITIBA IV (1) || JARDIM CURITIBA (1)	CEP possui famílias de bairros estruturalmente distintas
74480610	5	BLOQUEADO		JARDIM CURITIBA IV (2) || JARDIM CURITIBA (2) || PARQUE TREMENDÃO (1)	CEP possui famílias de bairros estruturalmente distintas
74480620	8	BLOQUEADO		JARDIM CURITIBA IV (5) || JARDIM CURITIBA (2) || JARDIM CURITIBA 4 (1)	CEP possui famílias de bairros estruturalmente distintas
74480630	4	SEGURO	JARDIM CURITIBA IV	JARDIM CURITIBA IV (4)	Todas as variantes pertencem à mesma família
74480640	5	BLOQUEADO		JARDIM CURITIBA IV (3) || JARDIM CURITIBA (2)	CEP possui famílias de bairros estruturalmente distintas
74480650	30	BLOQUEADO		JARDIM CURITIBA IV (19) || JARDIM CURITIBA (7) | Jardim Curitiba (1) || JARDIM LIBERDADE (1) || VILA MUTIRÃO (1) || SÃO CARLOS (1)	CEP possui famílias de bairros estruturalmente distintas
74480660	11	BLOQUEADO		JARDIM CURITIBA IV (6) | CURITIBA IV (1) || JARDIM CURITIBA (3) || Jardim Curitiba 4 (1)	CEP possui famílias de bairros estruturalmente distintas
74480700	1	SEGURO	JARDIM CURITIBA	JARDIM CURITIBA (1)	Todas as variantes pertencem à mesma família
74480710	2	BLOQUEADO		MANSOES PARAISO (1) || Jardim Curitiba (1)	CEP possui famílias de bairros estruturalmente distintas
74480711	1	SEGURO	Jardim Curitiba 2	Jardim Curitiba 2 (1)	Todas as variantes pertencem à mesma família
74480720	2	BLOQUEADO		JARDIM CURITIBA II (1) || MANSÕES PARAÍSO (1)	CEP possui famílias de bairros estruturalmente distintas
74480800	11	BLOQUEADO		JARDIM CURITIBA IV (4) || JARDIM CURITIBA (2) || VILA MUTIRÃO (1) || Jardim Curitiba 4 (1) || JARDIM CURITIBA II (1) || Jardim Curitiba 2 (1) || Jardim Curitiba 3 (1)	CEP possui famílias de bairros estruturalmente distintas
74480860	1	SEGURO	PARQUE TREMENDÃO	PARQUE TREMENDÃO (1)	Todas as variantes pertencem à mesma família
74480970	1	SEGURO	VILA MUTIRÃO	VILA MUTIRÃO (1)	Todas as variantes pertencem à mesma família
74481030	2	BLOQUEADO		JARDIM CURITIBA IV (1) || JARDIM CURITIBA 2 (1)	CEP possui famílias de bairros estruturalmente distintas
74481070	1	SEGURO	Jardim Curitiba	Jardim Curitiba (1)	Todas as variantes pertencem à mesma família
74481090	1	SEGURO	Jardim Curitiba	Jardim Curitiba (1)	Todas as variantes pertencem à mesma família
74481100	1	SEGURO	JARDIM CURITIBA	JARDIM CURITIBA (1)	Todas as variantes pertencem à mesma família
74481110	3	SEGURO	Jardim Curitiba	Jardim Curitiba (3)	Todas as variantes pertencem à mesma família
74481130	2	SEGURO	JARDIM CURITIBA	JARDIM CURITIBA (1) | Jardim Curitiba (1)	Todas as variantes pertencem à mesma família
74481140	2	SEGURO	JARDIM CURITIBA	JARDIM CURITIBA (2)	Todas as variantes pertencem à mesma família
74481150	1	SEGURO	JARDIM CURITIBA	JARDIM CURITIBA (1)	Todas as variantes pertencem à mesma família
74481160	1	SEGURO	JARDIM CURITIBA I	JARDIM CURITIBA I (1)	Todas as variantes pertencem à mesma família
74481190	1	SEGURO	Jardim Curitiba	Jardim Curitiba (1)	Todas as variantes pertencem à mesma família
74481195	1	SEGURO	Jardim Curitiba	Jardim Curitiba (1)	Todas as variantes pertencem à mesma família
74481200	2	SEGURO	JARDIM CURITIBA	JARDIM CURITIBA (1) | Jardim Curitiba (1)	Todas as variantes pertencem à mesma família
74481220	2	BLOQUEADO		JARDIM CURITIBA (1) || JARDIM CURITIBA 2 (1)	CEP possui famílias de bairros estruturalmente distintas
74481250	2	SEGURO	JARDIM CURITIBA	JARDIM CURITIBA (2)	Todas as variantes pertencem à mesma família
74481290	1	SEGURO	JARDIM CURITIBA	JARDIM CURITIBA (1)	Todas as variantes pertencem à mesma família
74481375	1	SEGURO	JARDIM CURITIBA	JARDIM CURITIBA (1)	Todas as variantes pertencem à mesma família
74481450	1	SEGURO	JARDIM CURITIBA III	JARDIM CURITIBA III (1)	Todas as variantes pertencem à mesma família
74481460	1	SEGURO	Jardim Curitiba	Jardim Curitiba (1)	Todas as variantes pertencem à mesma família
74481470	1	SEGURO	JARDIM CURITIBA III	JARDIM CURITIBA III (1)	Todas as variantes pertencem à mesma família
74481530	1	SEGURO	Jardim Curitiba	Jardim Curitiba (1)	Todas as variantes pertencem à mesma família
74481550	1	SEGURO	Jardim Curitiba	Jardim Curitiba (1)	Todas as variantes pertencem à mesma família
74481560	2	SEGURO	JARDIM CURITIBA	JARDIM CURITIBA (1) | Jardim Curitiba (1)	Todas as variantes pertencem à mesma família
74481580	4	BLOQUEADO		Jardim Curitiba (3) || Jardim Curitiba 2 (1)	CEP possui famílias de bairros estruturalmente distintas
74481610	6	SEGURO	RESIDENCIAL GREEN PARK	RESIDENCIAL GREEN PARK (4) | Residencial Green Park (2)	Todas as variantes pertencem à mesma família
74481615	5	BLOQUEADO		RESIDENCIAL GREEN PARK (4) || VILA MUTIRAO (1)	CEP possui famílias de bairros estruturalmente distintas
74481620	7	REVISAR	RESIDENCIAL GREEN PARK	RESIDENCIAL GREEN PARK (5) || GREEN PARK (1) || VILA MUTIRÃO (1)	Há família dominante, porém sem segurança suficiente para alteração automática
74481625	3	SEGURO	RESIDENCIAL GREEN PARK	RESIDENCIAL GREEN PARK (3)	Todas as variantes pertencem à mesma família
74481630	7	SEGURO	RESIDENCIAL GREEN PARK	RESIDENCIAL GREEN PARK (7)	Todas as variantes pertencem à mesma família
74481635	8	SEGURO	RESIDENCIAL GREEN PARK	RESIDENCIAL GREEN PARK (7) | Residencial Green Park (1)	Todas as variantes pertencem à mesma família
74481640	12	REVISAR	RESIDENCIAL GREEN PARK	RESIDENCIAL GREEN PARK (9) | Residencial Green Park (1) || VILA MUTIRÃO (1) || RES. GREEN PARK (1)	Família dominante identificada, mas existem famílias distintas no mesmo CEP
74481655	5	SEGURO	RESIDENCIAL GREEN PARK	RESIDENCIAL GREEN PARK (3) | Residencial Green Park (2)	Todas as variantes pertencem à mesma família
74481657	3	SEGURO	RESIDENCIAL GREEN PARK	RESIDENCIAL GREEN PARK (3)	Todas as variantes pertencem à mesma família
74481700	32	BLOQUEADO		MANSÕES PARAÍSO (9) | MANSOES PARAISO (7) | MANSÕES PARAISO (4) || Residencial Mansões Paraíso (6) | RESIDENCIAL MANSÕES PARAÍSO (6)	CEP possui famílias de bairros estruturalmente distintas
74481705	48	REVISAR	MANSÕES PARAÍSO	MANSÕES PARAÍSO (18) | MANSÕES PARAISO (11) | MANSOES PARAISO (5) || RESIDENCIAL MANSÕES PARAÍSO (8) | Residencial Mansões Paraíso (5) || MANÇOES PARAÍSO (1)	Há família dominante, porém sem segurança suficiente para alteração automática
74481710	45	BLOQUEADO		MANSÕES PARAISO (15) | MANSOES PARAISO (7) | MANSÕES PARAÍSO (6) || Residencial Mansões Paraíso (9) | RESIDENCIAL MANSÕES PARAÍSO (8)	CEP possui famílias de bairros estruturalmente distintas
74481715	50	BLOQUEADO		MANSÕES PARAÍSO (11) | MANSÕES PARAISO (11) | MANSOES PARAISO (5) || RESIDENCIAL MANSÕES PARAÍSO (10) | Residencial Mansões Paraíso (8) | RESIDENCIAL MANSÕES PARAISO (2) | RESIDENCIAL MANSOES PARAISO (1) || JARDIM CURITIBA IV (1) || RESIDENCIAL MANSÕES DO PARAISO (1)	CEP possui famílias de bairros estruturalmente distintas
74481720	13	BLOQUEADO		MANSÕES PARAISO (3) | MANSÕES PARAÍSO (2) | MANSOES PARAISO (2) | MANSÔES PARAISO (1) || Residencial Mansões Paraíso (2) | RESIDENCIAL MANSÕES PARAÍSO (1) || NOVO PLANALTO (1) | SETOR NOVO PLANALTO (1)	CEP possui famílias de bairros estruturalmente distintas
74481725	13	BLOQUEADO		MANSÕES PARAISO (5) | MANSÕES PARAÍSO (3) || RESIDENCIAL MANSÕES PARAÍSO (4) | Residencial Mansões Paraíso (1)	CEP possui famílias de bairros estruturalmente distintas
74481730	14	REVISAR	MANSÕES PARAÍSO	MANSÕES PARAÍSO (5) | MANSÕES PARAISO (4) | MANSOES PARAISO (1) || RESIDENCIAL MANSÕES PARAÍSO (4)	Há família dominante, porém sem segurança suficiente para alteração automática
74481735	1	SEGURO	MANSÕES PARAISO	MANSÕES PARAISO (1)	Todas as variantes pertencem à mesma família
74481740	5	SEGURO	MANSÕES PARAÍSO	MANSÕES PARAÍSO (3) | MANSÕES PARAISO (2)	Todas as variantes pertencem à mesma família
74481755	4	BLOQUEADO		MANSÕES PARAISO (2) | MANSOES PARAISO (1) || RESIDENCIAL MANSÕES PARAÍSO (1)	CEP possui famílias de bairros estruturalmente distintas
74481760	4	SEGURO	MANSÕES PARAÍSO	MANSÕES PARAÍSO (2) | MANSÕES PARAISO (1) | MANSOES PARAISO (1)	Todas as variantes pertencem à mesma família
74481770	1	SEGURO	MANSÕES PARAISO	MANSÕES PARAISO (1)	Todas as variantes pertencem à mesma família
74482070	1	SEGURO	PARQUE MARACANÃ	PARQUE MARACANÃ (1)	Todas as variantes pertencem à mesma família
74482130	3	SEGURO	PARQUE MARACANÃ	PARQUE MARACANÃ (1) | PARQUE MARACANA (1) | Parque Maracanã (1)	Todas as variantes pertencem à mesma família
74482350	1	SEGURO	SÍTIOS DE RECREIO DOS BANDEIRANTES	SÍTIOS DE RECREIO DOS BANDEIRANTES (1)	Todas as variantes pertencem à mesma família
74483009	1	SEGURO	CAROLINA PARQUE	CAROLINA PARQUE (1)	Todas as variantes pertencem à mesma família
74483010	2	SEGURO	PARQUE INDUSTRIAL JOÃO BRAZ	PARQUE INDUSTRIAL JOÃO BRAZ (2)	Todas as variantes pertencem à mesma família
74483013	1	SEGURO	CAROLINA PARQUE	CAROLINA PARQUE (1)	Todas as variantes pertencem à mesma família
74483018	1	SEGURO	Carolina Parque	Carolina Parque (1)	Todas as variantes pertencem à mesma família
74483030	4	BLOQUEADO		PARQUE INDUSTRIAL JOÃO BRAZ (3) || PARQUE INDUSTRIAL JOAO BRAZ QD 70 LT 12 CASA 01 (1)	CEP possui famílias de bairros estruturalmente distintas
74483035	1	SEGURO	CAROLINA PARQUE EXTENSÃO	CAROLINA PARQUE EXTENSÃO (1)	Todas as variantes pertencem à mesma família
74483040	1	SEGURO	PARQUE INDUSTRIAL JOÃO BRAZ	PARQUE INDUSTRIAL JOÃO BRAZ (1)	Todas as variantes pertencem à mesma família
74483056	1	SEGURO	CAROLINA PARQUE EXTENSÃO	CAROLINA PARQUE EXTENSÃO (1)	Todas as variantes pertencem à mesma família
74483090	1	SEGURO	ESPLANADA DO ANICUNS	ESPLANADA DO ANICUNS (1)	Todas as variantes pertencem à mesma família
74483100	1	SEGURO	PARQUE INDUSTRIAL JOÃO BRAZ	PARQUE INDUSTRIAL JOÃO BRAZ (1)	Todas as variantes pertencem à mesma família
74483110	1	SEGURO	PARQUE INDUSTRIAL JOÃO BRAZ	PARQUE INDUSTRIAL JOÃO BRAZ (1)	Todas as variantes pertencem à mesma família
74483130	2	SEGURO	PARQUE INDUSTRIAL JOÃO BRAZ	PARQUE INDUSTRIAL JOÃO BRAZ (1) | Parque Industrial João Braz (1)	Todas as variantes pertencem à mesma família
74483140	1	SEGURO	PARQUE INDUSTRIAL JOÃO BRAZ	PARQUE INDUSTRIAL JOÃO BRAZ (1)	Todas as variantes pertencem à mesma família
74483150	3	SEGURO	PARQUE INDUSTRIAL JOÃO BRAZ	PARQUE INDUSTRIAL JOÃO BRAZ (3)	Todas as variantes pertencem à mesma família
74483160	2	SEGURO	PARQUE INDUSTRIAL JOÃO BRAZ	PARQUE INDUSTRIAL JOÃO BRAZ (2)	Todas as variantes pertencem à mesma família
74483170	2	SEGURO	PARQUE INDUSTRIAL JOÃO BRAZ	PARQUE INDUSTRIAL JOÃO BRAZ (2)	Todas as variantes pertencem à mesma família
74483180	1	SEGURO	PARQUE INSDUSTRIAL JOAO BRAZ	PARQUE INSDUSTRIAL JOAO BRAZ (1)	Todas as variantes pertencem à mesma família
74483190	3	SEGURO	PARQUE INDUSTRIAL JOÃO BRAZ	PARQUE INDUSTRIAL JOÃO BRAZ (3)	Todas as variantes pertencem à mesma família
74483210	5	SEGURO	PARQUE INDUSTRIAL JOÃO BRAZ	PARQUE INDUSTRIAL JOÃO BRAZ (4) | PARQUE INDUSTRIAL JOAO BRAZ (1)	Todas as variantes pertencem à mesma família
74483230	3	SEGURO	PARQUE INDUSTRIAL JOÃO BRAZ	PARQUE INDUSTRIAL JOÃO BRAZ (3)	Todas as variantes pertencem à mesma família
74483260	1	SEGURO	PARQUE INDUSTRIAL JOÃO BRAZ	PARQUE INDUSTRIAL JOÃO BRAZ (1)	Todas as variantes pertencem à mesma família
74483280	3	SEGURO	PARQUE INDUSTRIAL JOÃO BRAZ	PARQUE INDUSTRIAL JOÃO BRAZ (2) | PARQUE INDUSTRIAL JOAO BRAZ (1)	Todas as variantes pertencem à mesma família
74483290	1	SEGURO	PARQUE INDUSTRIAL JOÃO BRAZ	PARQUE INDUSTRIAL JOÃO BRAZ (1)	Todas as variantes pertencem à mesma família
74483310	4	SEGURO	PARQUE INDUSTRIAL JOÃO BRAZ	PARQUE INDUSTRIAL JOÃO BRAZ (3) | PARQUE INDUSTRIAL JOAO BRAZ (1)	Todas as variantes pertencem à mesma família
74483330	1	SEGURO	PARQUE INDUSTRIAL JOÃO BRAZ	PARQUE INDUSTRIAL JOÃO BRAZ (1)	Todas as variantes pertencem à mesma família
74483335	1	SEGURO	NOVO PLANALTO	NOVO PLANALTO (1)	Todas as variantes pertencem à mesma família
74483380	2	SEGURO	PARQUE INDUSTRIAL JOÃO BRAZ	PARQUE INDUSTRIAL JOÃO BRAZ (2)	Todas as variantes pertencem à mesma família
74483440	2	SEGURO	PARQUE INDUSTRIAL JOÃO BRAZ	PARQUE INDUSTRIAL JOÃO BRAZ (2)	Todas as variantes pertencem à mesma família
74483450	1	SEGURO	PARQUE INDUSTRIAL JOÃO BRAZ	PARQUE INDUSTRIAL JOÃO BRAZ (1)	Todas as variantes pertencem à mesma família
74483470	2	SEGURO	PARQUE INDUSTRIAL JOÃO BRAZ	PARQUE INDUSTRIAL JOÃO BRAZ (1) | PARQUE INDUSTRIAL JOAO BRAZ (1)	Todas as variantes pertencem à mesma família
74483500	3	SEGURO	PARQUE INDUSTRIAL JOÃO BRAZ	PARQUE INDUSTRIAL JOÃO BRAZ (3)	Todas as variantes pertencem à mesma família
74483510	1	SEGURO	PARQUE INDUSTRIAL JOÃO BRAZ	PARQUE INDUSTRIAL JOÃO BRAZ (1)	Todas as variantes pertencem à mesma família
74483560	4	SEGURO	PARQUE INDUSTRIAL JOÃO BRAZ	PARQUE INDUSTRIAL JOÃO BRAZ (2) | PARQUE INDUSTRIAL JOAO BRAZ (2)	Todas as variantes pertencem à mesma família
74483612	1	SEGURO	LOTEAMENTO TROPICAL VERDE	LOTEAMENTO TROPICAL VERDE (1)	Todas as variantes pertencem à mesma família
74483615	1	SEGURO	LOTEAMENTO TROPICAL VERDE	LOTEAMENTO TROPICAL VERDE (1)	Todas as variantes pertencem à mesma família
74483640	1	SEGURO	LORENA PARQUE	LORENA PARQUE (1)	Todas as variantes pertencem à mesma família
74483650	1	SEGURO	LUANA PARK	LUANA PARK (1)	Todas as variantes pertencem à mesma família
74483680	1	SEGURO	LORENA PARQUE	LORENA PARQUE (1)	Todas as variantes pertencem à mesma família
74483720	1	SEGURO	LORENA PARQUE	LORENA PARQUE (1)	Todas as variantes pertencem à mesma família
74483730	3	SEGURO	LORENA PARQUE	LORENA PARQUE (3)	Todas as variantes pertencem à mesma família
74483740	2	SEGURO	LORENA PARQUE	LORENA PARQUE (2)	Todas as variantes pertencem à mesma família
74483760	1	SEGURO	LORENA PARQUE	LORENA PARQUE (1)	Todas as variantes pertencem à mesma família
74483770	3	SEGURO	LORENA PARQUE	LORENA PARQUE (3)	Todas as variantes pertencem à mesma família
74483780	3	SEGURO	LORENA PARQUE	LORENA PARQUE (3)	Todas as variantes pertencem à mesma família
74483790	1	SEGURO	LORENA PARQUE	LORENA PARQUE (1)	Todas as variantes pertencem à mesma família
74483800	3	SEGURO	LORENA PARQUE	LORENA PARQUE (3)	Todas as variantes pertencem à mesma família
74483810	2	SEGURO	LORENA PARQUE	LORENA PARQUE (2)	Todas as variantes pertencem à mesma família
74483820	1	SEGURO	LORENA PARQUE	LORENA PARQUE (1)	Todas as variantes pertencem à mesma família
74483821	2	SEGURO	RESIDENCIAL LUANA PARK	RESIDENCIAL LUANA PARK (2)	Todas as variantes pertencem à mesma família
74483830	2	SEGURO	RESIDENCIAL LUANA PARK	RESIDENCIAL LUANA PARK (2)	Todas as variantes pertencem à mesma família
74483840	2	SEGURO	RESIDENCIAL LUANA PARK	RESIDENCIAL LUANA PARK (2)	Todas as variantes pertencem à mesma família
74483860	1	SEGURO	RESIDENCIAL LUANA PARK	RESIDENCIAL LUANA PARK (1)	Todas as variantes pertencem à mesma família
74484010	3	SEGURO	ARAGUAIA PARK	ARAGUAIA PARK (3)	Todas as variantes pertencem à mesma família
74484020	4	SEGURO	ARAGUAIA PARK	ARAGUAIA PARK (4)	Todas as variantes pertencem à mesma família
74484030	7	SEGURO	ARAGUAIA PARK	ARAGUAIA PARK (7)	Todas as variantes pertencem à mesma família
74484040	4	SEGURO	ARAGUAIA PARK	ARAGUAIA PARK (4)	Todas as variantes pertencem à mesma família
74484050	4	SEGURO	ARAGUAIA PARK	ARAGUAIA PARK (4)	Todas as variantes pertencem à mesma família
74484070	6	SEGURO	SOLANGE PARK I	SOLANGE PARK I (5) | Solange Park I (1)	Todas as variantes pertencem à mesma família
74484075	1	SEGURO	SOLANGE PARK I	SOLANGE PARK I (1)	Todas as variantes pertencem à mesma família
74484080	9	REVISAR	SOLANGE PARK I	SOLANGE PARK I (8) || SOLANGE PARK 3 (1)	Há família dominante, porém sem segurança suficiente para alteração automática
74484085	2	SEGURO	SOLANGE PARK I	SOLANGE PARK I (2)	Todas as variantes pertencem à mesma família
74484090	18	SEGURO	SOLANGE PARK I	SOLANGE PARK I (18)	Todas as variantes pertencem à mesma família
74484100	2	SEGURO	SOLANGE PARK I	SOLANGE PARK I (2)	Todas as variantes pertencem à mesma família
74484115	1	SEGURO	SOLANGE PARK II	SOLANGE PARK II (1)	Todas as variantes pertencem à mesma família
74484120	4	SEGURO	SOLANGE PARK I	SOLANGE PARK I (4)	Todas as variantes pertencem à mesma família
74484130	1	SEGURO	SOLANGE PARK I	SOLANGE PARK I (1)	Todas as variantes pertencem à mesma família
74484140	3	BLOQUEADO		SOLANGE PARK I (2) || SOLANGE PARK 1 (1)	CEP possui famílias de bairros estruturalmente distintas
74484145	2	SEGURO	SOLANGE PARK I	SOLANGE PARK I (2)	Todas as variantes pertencem à mesma família
74484150	4	BLOQUEADO		SOLANGE PARK I (3) || SOLANGE PARK 1 (1)	CEP possui famílias de bairros estruturalmente distintas
74484153	5	SEGURO	SOLANGE PARK I	SOLANGE PARK I (5)	Todas as variantes pertencem à mesma família
74484157	7	SEGURO	SOLANGE PARK I	SOLANGE PARK I (7)	Todas as variantes pertencem à mesma família
74484160	4	BLOQUEADO		SOLANGE PARK I (3) || GREEN PARK (1)	CEP possui famílias de bairros estruturalmente distintas
74484190	3	SEGURO	SOLANGE PARK I	SOLANGE PARK I (3)	Todas as variantes pertencem à mesma família
74484195	3	SEGURO	SOLANGE PARK I	SOLANGE PARK I (3)	Todas as variantes pertencem à mesma família
74484199	1	SEGURO	SOLANGE PARK I	SOLANGE PARK I (1)	Todas as variantes pertencem à mesma família
74484200	1	SEGURO	PARQUE PARAISO	PARQUE PARAISO (1)	Todas as variantes pertencem à mesma família
74484205	2	SEGURO	PARQUE PARAÍSO	PARQUE PARAÍSO (2)	Todas as variantes pertencem à mesma família
74484210	6	SEGURO	SOLANGE PARK I	SOLANGE PARK I (6)	Todas as variantes pertencem à mesma família
74484220	1	SEGURO	PARQUE PARAÍSO	PARQUE PARAÍSO (1)	Todas as variantes pertencem à mesma família
74484240	1	SEGURO	PARQUE PARAÍSO	PARQUE PARAÍSO (1)	Todas as variantes pertencem à mesma família
74484243	2	SEGURO	PARQUE PARAÍSO	PARQUE PARAÍSO (2)	Todas as variantes pertencem à mesma família
74484245	1	SEGURO	PARQUE PARAÍSO	PARQUE PARAÍSO (1)	Todas as variantes pertencem à mesma família
74484250	2	SEGURO	PARQUE PARAÍSO	PARQUE PARAÍSO (1) | Parque Paraíso (1)	Todas as variantes pertencem à mesma família
74484270	2	SEGURO	SOLANGE PARK II	SOLANGE PARK II (2)	Todas as variantes pertencem à mesma família
74484275	3	SEGURO	SOLANGE PARK II	SOLANGE PARK II (3)	Todas as variantes pertencem à mesma família
74484290	1	SEGURO	SOLANGE PARK II	SOLANGE PARK II (1)	Todas as variantes pertencem à mesma família
74484300	7	SEGURO	SOLANGE PARK II	SOLANGE PARK II (7)	Todas as variantes pertencem à mesma família
74484302	5	SEGURO	SOLANGE PARK II	SOLANGE PARK II (5)	Todas as variantes pertencem à mesma família
74484304	6	REVISAR	SOLANGE PARK II	SOLANGE PARK II (5) || SOLANGE PARK I (1)	Há família dominante, porém sem segurança suficiente para alteração automática
74484306	7	SEGURO	SOLANGE PARK II	SOLANGE PARK II (7)	Todas as variantes pertencem à mesma família
74484308	1	SEGURO	SOLANGE PARK II	SOLANGE PARK II (1)	Todas as variantes pertencem à mesma família
74484310	5	SEGURO	SOLANGE PARK II	SOLANGE PARK II (5)	Todas as variantes pertencem à mesma família
74484320	4	SEGURO	SOLANGE PARK II	SOLANGE PARK II (4)	Todas as variantes pertencem à mesma família
74484340	8	SEGURO	SOLANGE PARK II	SOLANGE PARK II (6) | Solange Park II (2)	Todas as variantes pertencem à mesma família
74484350	3	SEGURO	SOLANGE PARK III	SOLANGE PARK III (3)	Todas as variantes pertencem à mesma família
74484354	1	SEGURO	SOLANGE PARK I	SOLANGE PARK I (1)	Todas as variantes pertencem à mesma família
74484360	3	BLOQUEADO		SOLANGE PARK III (2) || SOLANGE PARK I (1)	CEP possui famílias de bairros estruturalmente distintas
74484362	4	SEGURO	SOLANGE PARK III	SOLANGE PARK III (4)	Todas as variantes pertencem à mesma família
74484364	1	SEGURO	SOLANGE PARK III	SOLANGE PARK III (1)	Todas as variantes pertencem à mesma família
74484367	2	SEGURO	SOLANGE PARK III	SOLANGE PARK III (2)	Todas as variantes pertencem à mesma família
74484370	1	SEGURO	SOLANGE PARK III	SOLANGE PARK III (1)	Todas as variantes pertencem à mesma família
74484380	1	SEGURO	SOLANGE PARK III	SOLANGE PARK III (1)	Todas as variantes pertencem à mesma família
74484400	6	BLOQUEADO		RESIDENCIAL GOIÂNIA VIVA (3) | RESIDENCIAL GOIANIA VIVA (1) || RESIDENCIAL GOI NIA VIVA (2)	CEP possui famílias de bairros estruturalmente distintas
74484404	2	SEGURO	RESIDENCIAL GOIANIA VIVA	RESIDENCIAL GOIANIA VIVA (1) | RESIDENCIAL GOIÂNIA VIVA (1)	Todas as variantes pertencem à mesma família
74484408	1	SEGURO	RESIDENCIAL GOI NIA VIVA	RESIDENCIAL GOI NIA VIVA (1)	Todas as variantes pertencem à mesma família
74484409	6	BLOQUEADO		RESIDENCIAL GOIÂNIA VIVA (2) | RESIDENCIAL GOIANIA VIVA (1) || RESIDENCIAL GOI NIA VIVA (2) || RESIDENCIAL GOÂNIA VIVA (1)	CEP possui famílias de bairros estruturalmente distintas
74484410	14	BLOQUEADO		RESIDENCIAL GOI NIA VIVA (8) || RESIDENCIAL GOIÂNIA VIVA (6)	CEP possui famílias de bairros estruturalmente distintas
74484413	4	BLOQUEADO		RESIDENCIAL GOIÂNIA VIVA (2) || RESIDENCIAL GOI NIA VIVA (1) || RESIDÊNCIAL GOIÂNIA VIAV (1)	CEP possui famílias de bairros estruturalmente distintas
74484414	13	BLOQUEADO		RESIDENCIAL GOI NIA VIVA (7) || RESIDENCIAL GOIÂNIA VIVA (4) | RESIDENCIAL GOIANIA VIVA (1) || RESIDENCIAL GOINIA VIVA (1)	CEP possui famílias de bairros estruturalmente distintas
74484415	4	BLOQUEADO		RESIDENCIAL GOI NIA VIVA (3) || RESIDENCIAL GOIÂNIA VIVA (1)	CEP possui famílias de bairros estruturalmente distintas
74484416	4	BLOQUEADO		RESIDENCIAL GOI NIA VIVA (2) || RESIDENCIAL GOIÂNIA VIVA (2)	CEP possui famílias de bairros estruturalmente distintas
74484418	9	REVISAR	RESIDENCIAL GOIANIA VIVA	RESIDENCIAL GOIANIA VIVA (3) | RESIDENCIAL GOIÂNIA VIVA (3) || RESIDENCIAL GOI NIA VIVA (3)	Há família dominante, porém sem segurança suficiente para alteração automática
74484419	1	SEGURO	RESIDENCIAL GOI NIA VIVA	RESIDENCIAL GOI NIA VIVA (1)	Todas as variantes pertencem à mesma família
74484420	4	BLOQUEADO		RESIDENCIAL GOIÂNIA VIVA (3) || GOIANIA VIVA (1)	CEP possui famílias de bairros estruturalmente distintas
74484422	5	BLOQUEADO		RESIDENCIAL GOI NIA VIVA (3) || RESIDENCIAL GOIANIA VIVA (1) | RESIDÊNCIAL GOIÂNIA VIVA (1)	CEP possui famílias de bairros estruturalmente distintas
74484423	8	BLOQUEADO		RESIDENCIAL GOIÂNIA VIVA (5) || RESIDENCIAL GOI NIA VIVA (3)	CEP possui famílias de bairros estruturalmente distintas
74484427	9	BLOQUEADO		RESIDENCIAL GOIÂNIA VIVA (4) | RESIDENCIAL GOIANIA VIVA (1) || RESIDENCIAL GOI NIA VIVA (3) || RESIDENCIAL GOINIA VIVA (1)	CEP possui famílias de bairros estruturalmente distintas
74484428	2	SEGURO	RESIDENCIAL GOIÂNIA VIVA	RESIDENCIAL GOIÂNIA VIVA (2)	Todas as variantes pertencem à mesma família
74484430	1	SEGURO	RESIDENCIAL GOI NIA VIVA	RESIDENCIAL GOI NIA VIVA (1)	Todas as variantes pertencem à mesma família
74484431	9	REVISAR	RESIDENCIAL GOI NIA VIVA	RESIDENCIAL GOI NIA VIVA (6) || RESIDENCIAL GOIÂNIA VIVA (3)	Há família dominante, porém sem segurança suficiente para alteração automática
74484432	5	BLOQUEADO		RESIDENCIAL GOI NIA VIVA (3) || RESIDENCIAL GOIÂNIA VIVA (2)	CEP possui famílias de bairros estruturalmente distintas
74484433	6	REVISAR	RESIDENCIAL GOI NIA VIVA	RESIDENCIAL GOI NIA VIVA (5) || RESIDENCIAL GOIÂNIA VIVA (1)	Há família dominante, porém sem segurança suficiente para alteração automática
74484434	1	SEGURO	RESIDENCIAL GOI NIA VIVA	RESIDENCIAL GOI NIA VIVA (1)	Todas as variantes pertencem à mesma família
74484435	2	BLOQUEADO		RESIDENCIAL GOI NIA VIVA (1) || RESIDENCIAL GOIÂNIA VIVA (1)	CEP possui famílias de bairros estruturalmente distintas
74484436	4	SEGURO	RESIDENCIAL GOI NIA VIVA	RESIDENCIAL GOI NIA VIVA (4)	Todas as variantes pertencem à mesma família
74484442	1	SEGURO	RESIDENCIAL GOI NIA VIVA	RESIDENCIAL GOI NIA VIVA (1)	Todas as variantes pertencem à mesma família
74484444	8	BLOQUEADO		RESIDENCIAL GOIÂNIA VIVA (3) | RESIDENCIAL GOIANIA VIVA (1) || RESIDENCIAL GOI NIA VIVA (3) || RESIDENCIAL GOINIA VIVA (1)	CEP possui famílias de bairros estruturalmente distintas
74484450	1	SEGURO	RESIDENCIAL GOI NIA VIVA	RESIDENCIAL GOI NIA VIVA (1)	Todas as variantes pertencem à mesma família
74484505	1	SEGURO	JARDIM COLORADO	JARDIM COLORADO (1)	Todas as variantes pertencem à mesma família
74484602	1	SEGURO	JARDIM DAS OLIVEIRAS	JARDIM DAS OLIVEIRAS (1)	Todas as variantes pertencem à mesma família
74484606	1	SEGURO	CONDOMÍNIO JARDIM DAS OLIVEIRAS	CONDOMÍNIO JARDIM DAS OLIVEIRAS (1)	Todas as variantes pertencem à mesma família
74484607	1	SEGURO	CONDOMINIO JARDIM DAS OLIVEIRAS	CONDOMINIO JARDIM DAS OLIVEIRAS (1)	Todas as variantes pertencem à mesma família
74484617	1	SEGURO	CONDOMÍNIO JARDIM DAS OLIVEIRAS	CONDOMÍNIO JARDIM DAS OLIVEIRAS (1)	Todas as variantes pertencem à mesma família
74484626	2	SEGURO	CONDOMÍNIO ANHANGUERA	CONDOMÍNIO ANHANGUERA (2)	Todas as variantes pertencem à mesma família
74484636	2	SEGURO	CONDOMÍNIO ANHANGUERA	CONDOMÍNIO ANHANGUERA (2)	Todas as variantes pertencem à mesma família
74484703	1	SEGURO	JARDIM DAS ROSAS	JARDIM DAS ROSAS (1)	Todas as variantes pertencem à mesma família
74484704	2	SEGURO	JARDIM DAS ROSAS	JARDIM DAS ROSAS (2)	Todas as variantes pertencem à mesma família
74484705	3	SEGURO	JARDIM DAS ROSAS	JARDIM DAS ROSAS (3)	Todas as variantes pertencem à mesma família
74484706	1	SEGURO	JARDIM DAS ROSAS	JARDIM DAS ROSAS (1)	Todas as variantes pertencem à mesma família
74484715	1	SEGURO	MANSÕES PARAISO	MANSÕES PARAISO (1)	Todas as variantes pertencem à mesma família
74484719	1	SEGURO	JARDIM DAS ROSAS	JARDIM DAS ROSAS (1)	Todas as variantes pertencem à mesma família
74484725	1	SEGURO	RESIDENCIAL GOYAZ PARK	RESIDENCIAL GOYAZ PARK (1)	Todas as variantes pertencem à mesma família
74484730	1	SEGURO	RESIDENCIAL GOYAZ PARK	RESIDENCIAL GOYAZ PARK (1)	Todas as variantes pertencem à mesma família
74484740	1	SEGURO	RESIDENCIAL GOYAZ PARK	RESIDENCIAL GOYAZ PARK (1)	Todas as variantes pertencem à mesma família
74484744	1	SEGURO	RESIDENCIAL GOYAZ PARK	RESIDENCIAL GOYAZ PARK (1)	Todas as variantes pertencem à mesma família
74485005	2	SEGURO	GOIÁ	GOIÁ (2)	Todas as variantes pertencem à mesma família
74485030	3	SEGURO	GOIÁ	GOIÁ (2) | Goiá (1)	Todas as variantes pertencem à mesma família
74485035	1	SEGURO	GOIÁ	GOIÁ (1)	Todas as variantes pertencem à mesma família
74485040	2	BLOQUEADO		GOIÁ (1) || BAIRRO GOIÁ (1)	CEP possui famílias de bairros estruturalmente distintas
74485060	1	SEGURO	GOIÁ	GOIÁ (1)	Todas as variantes pertencem à mesma família
74485070	1	SEGURO	GOIÁ	GOIÁ (1)	Todas as variantes pertencem à mesma família
74485090	4	SEGURO	GOIÁ	GOIÁ (4)	Todas as variantes pertencem à mesma família
74485110	1	SEGURO	GOIÁ	GOIÁ (1)	Todas as variantes pertencem à mesma família
74485130	5	SEGURO	GOIÁ	GOIÁ (5)	Todas as variantes pertencem à mesma família
74485150	9	SEGURO	GOIÁ	GOIÁ (9)	Todas as variantes pertencem à mesma família
74485215	2	SEGURO	GOIÁ	GOIÁ (2)	Todas as variantes pertencem à mesma família
74485240	1	SEGURO	GOIÁ	GOIÁ (1)	Todas as variantes pertencem à mesma família
74485250	1	SEGURO	GOIÁ	GOIÁ (1)	Todas as variantes pertencem à mesma família
74485260	3	BLOQUEADO		GOIÁ (2) || TROPICAL VERDE (1)	CEP possui famílias de bairros estruturalmente distintas
74485290	1	SEGURO	GOIÁ	GOIÁ (1)	Todas as variantes pertencem à mesma família
74485315	1	SEGURO	Goiá	Goiá (1)	Todas as variantes pertencem à mesma família
74485320	6	REVISAR	GOIÁ	GOIÁ (5) || BAIRRO GOIÁ (1)	Há família dominante, porém sem segurança suficiente para alteração automática
74485337	4	BLOQUEADO		GOIÁ (3) || BAIRRO GOIÁ (1)	CEP possui famílias de bairros estruturalmente distintas
74485365	3	BLOQUEADO		GOIÁ (1) || BAIRRO GOIÁ (1) || JARDIM MIRABEL (1)	CEP possui famílias de bairros estruturalmente distintas
74485370	6	BLOQUEADO		GOIÁ (1) | Goiá (1) || BAIRRO GOIÁ (2) || JARDIM MIRABEL (2)	CEP possui famílias de bairros estruturalmente distintas
74485381	1	SEGURO	GOIÁ 2	GOIÁ 2 (1)	Todas as variantes pertencem à mesma família
74485410	1	SEGURO	GOIÁ II	GOIÁ II (1)	Todas as variantes pertencem à mesma família
74485430	1	SEGURO	GOIÁ 2	GOIÁ 2 (1)	Todas as variantes pertencem à mesma família
74485433	1	SEGURO	GOIÁ 2	GOIÁ 2 (1)	Todas as variantes pertencem à mesma família
74485510	1	SEGURO	GOIÁ 2	GOIÁ 2 (1)	Todas as variantes pertencem à mesma família
74485520	1	SEGURO	GOIÁ 2	GOIÁ 2 (1)	Todas as variantes pertencem à mesma família
74485530	3	SEGURO	JARDIM MIRABEL	JARDIM MIRABEL (3)	Todas as variantes pertencem à mesma família
74485540	3	SEGURO	JARDIM MIRABEL	JARDIM MIRABEL (3)	Todas as variantes pertencem à mesma família
74485550	1	SEGURO	JARDIM MIRABEL	JARDIM MIRABEL (1)	Todas as variantes pertencem à mesma família
74485555	3	SEGURO	JARDIM MIRABEL	JARDIM MIRABEL (3)	Todas as variantes pertencem à mesma família
74485560	2	SEGURO	JARDIM MIRABEL	JARDIM MIRABEL (1) | Jardim Mirabel (1)	Todas as variantes pertencem à mesma família
74485565	2	SEGURO	JARDIM MIRABEL	JARDIM MIRABEL (1) | Jardim Mirabel (1)	Todas as variantes pertencem à mesma família
74485590	1	SEGURO	JARDIM MIRABEL	JARDIM MIRABEL (1)	Todas as variantes pertencem à mesma família
74485600	1	SEGURO	JARDIM MIRABEL	JARDIM MIRABEL (1)	Todas as variantes pertencem à mesma família
74485610	3	SEGURO	JARDIM MIRABEL	JARDIM MIRABEL (3)	Todas as variantes pertencem à mesma família
74485615	1	SEGURO	JARDIM MIRABEL	JARDIM MIRABEL (1)	Todas as variantes pertencem à mesma família
74485620	1	SEGURO	JARDIM MIRABEL	JARDIM MIRABEL (1)	Todas as variantes pertencem à mesma família
74485851	1	SEGURO	GOIÁ IV	GOIÁ IV (1)	Todas as variantes pertencem à mesma família
74485852	1	SEGURO	BAIRRO GOIÁ IV	BAIRRO GOIÁ IV (1)	Todas as variantes pertencem à mesma família
74485856	1	SEGURO	GOIÁ IV	GOIÁ IV (1)	Todas as variantes pertencem à mesma família
74486115	1	SEGURO	GOIÁ SETOR VELOSO	GOIÁ SETOR VELOSO (1)	Todas as variantes pertencem à mesma família
74486205	1	SEGURO	GOIÁ II COMPLEMENTO	GOIÁ II COMPLEMENTO (1)	Todas as variantes pertencem à mesma família
74486215	1	SEGURO	GOIÁ 2 COMPLMENTO	GOIÁ 2 COMPLMENTO (1)	Todas as variantes pertencem à mesma família
74486310	4	BLOQUEADO		SOLANGE PARQUE COMPLEMENTO (3) || SOLANGE PARQUE (1)	CEP possui famílias de bairros estruturalmente distintas
74487000	1	SEGURO	RESIDENCIAL SÃO MARCOS	RESIDENCIAL SÃO MARCOS (1)	Todas as variantes pertencem à mesma família
74487005	3	BLOQUEADO		RESIDENCIAL SÃO MARCOS (2) || SETOR MARABÁ (1)	CEP possui famílias de bairros estruturalmente distintas
74487010	2	SEGURO	RESIDENCIAL SÃO MARCOS	RESIDENCIAL SÃO MARCOS (2)	Todas as variantes pertencem à mesma família
74487060	1	SEGURO	RESIDENCIAL SÃO MARCOS	RESIDENCIAL SÃO MARCOS (1)	Todas as variantes pertencem à mesma família
74487065	1	SEGURO	RESIDENCIAL SÃO MARCOS	RESIDENCIAL SÃO MARCOS (1)	Todas as variantes pertencem à mesma família
74487095	1	SEGURO	RESIDENCIAL SÃO MARCOS	RESIDENCIAL SÃO MARCOS (1)	Todas as variantes pertencem à mesma família
74487115	3	SEGURO	RESIDENCIAL SÃO MARCOS	RESIDENCIAL SÃO MARCOS (3)	Todas as variantes pertencem à mesma família
74487120	2	SEGURO	Residencial São Marcos	Residencial São Marcos (1) | RESIDENCIAL SÃO MARCOS (1)	Todas as variantes pertencem à mesma família
74487130	1	SEGURO	RESIDENCIAL SAO MARCOS	RESIDENCIAL SAO MARCOS (1)	Todas as variantes pertencem à mesma família
74487150	5	BLOQUEADO		RESIDENCIAL SÃO MARCOS (4) || SETOR MARABÁ (1)	CEP possui famílias de bairros estruturalmente distintas
74487160	1	SEGURO	RESIDENCIA SÃO MARCOS	RESIDENCIA SÃO MARCOS (1)	Todas as variantes pertencem à mesma família
74487720	1	SEGURO	Jardim Curitiba 1	Jardim Curitiba 1 (1)	Todas as variantes pertencem à mesma família
74490110	1	SEGURO	JARDIM LIBERDADE	JARDIM LIBERDADE (1)	Todas as variantes pertencem à mesma família
74490215	1	SEGURO	PARQUE ELDORADO OESTE	PARQUE ELDORADO OESTE (1)	Todas as variantes pertencem à mesma família
74490233	1	SEGURO	CONJUNTO VERA CRUZ	CONJUNTO VERA CRUZ (1)	Todas as variantes pertencem à mesma família
74490237	1	SEGURO	PARQUE ELDORADO OESTE	PARQUE ELDORADO OESTE (1)	Todas as variantes pertencem à mesma família
74490239	1	SEGURO	PARQUE ELDORADO OESTE	PARQUE ELDORADO OESTE (1)	Todas as variantes pertencem à mesma família
74490271	1	SEGURO	PARQUE ELDORADO OESTE	PARQUE ELDORADO OESTE (1)	Todas as variantes pertencem à mesma família
74490281	1	SEGURO	PARQUE ELDORADO OESTE	PARQUE ELDORADO OESTE (1)	Todas as variantes pertencem à mesma família
74490283	1	SEGURO	PARQUE ELDORADO OESTE	PARQUE ELDORADO OESTE (1)	Todas as variantes pertencem à mesma família
74490285	1	SEGURO	RESIDENCIAL ANA MORAES	RESIDENCIAL ANA MORAES (1)	Todas as variantes pertencem à mesma família
74490287	1	SEGURO	PARQUE ELDORADO OESTE	PARQUE ELDORADO OESTE (1)	Todas as variantes pertencem à mesma família
74490297	2	SEGURO	PARQUE ELDORADO OESTE	PARQUE ELDORADO OESTE (2)	Todas as variantes pertencem à mesma família
74490450	1	SEGURO	JARDIM CURITIBA IV	JARDIM CURITIBA IV (1)	Todas as variantes pertencem à mesma família
74490855	1	SEGURO	RES BERTIN BELCHIOR	RES BERTIN BELCHIOR (1)	Todas as variantes pertencem à mesma família
74491115	1	SEGURO	RESIDENCIAL ANA MORAES	RESIDENCIAL ANA MORAES (1)	Todas as variantes pertencem à mesma família
74491130	5	BLOQUEADO		RESIDENCIAL ANA MORAES (4) || RESIDENCIAL ANA MORAIS (1)	CEP possui famílias de bairros estruturalmente distintas
74491135	1	SEGURO	RESIDENCIAL ANA MORAES	RESIDENCIAL ANA MORAES (1)	Todas as variantes pertencem à mesma família
74491469	2	BLOQUEADO		JARDIM NOVO MUNDO (1) || RESIDENCIAL MUNDO NOVO 3 (1)	CEP possui famílias de bairros estruturalmente distintas
74491735	1	SEGURO	MANSÕES PARAISO	MANSÕES PARAISO (1)	Todas as variantes pertencem à mesma família
74491792	1	SEGURO	RESIDENCIAL MUNDO NOVO 2	RESIDENCIAL MUNDO NOVO 2 (1)	Todas as variantes pertencem à mesma família
74492020	1	SEGURO	RESIDENCIAL SERRA AZUL ETAPA I	RESIDENCIAL SERRA AZUL ETAPA I (1)	Todas as variantes pertencem à mesma família
74492025	1	SEGURO	RESIDENCIAL SERRA AZUL ETAPA 1	RESIDENCIAL SERRA AZUL ETAPA 1 (1)	Todas as variantes pertencem à mesma família
74492030	3	BLOQUEADO		RESIDENCIAL SERRA AZUL ETAPA I (2) || RESIDENCIAL SERRA AZUL (1)	CEP possui famílias de bairros estruturalmente distintas
74492035	1	SEGURO	RESIDENCIAL SERRA AZUL ETAPA I	RESIDENCIAL SERRA AZUL ETAPA I (1)	Todas as variantes pertencem à mesma família
74492040	1	SEGURO	RESIDENCIAL SERRA AZUL ETAPA I	RESIDENCIAL SERRA AZUL ETAPA I (1)	Todas as variantes pertencem à mesma família
74492055	1	SEGURO	RESIDENCIAL SERRA AZUL	RESIDENCIAL SERRA AZUL (1)	Todas as variantes pertencem à mesma família
74492060	1	SEGURO	RESIDENCIAL SERRA AZUL I	RESIDENCIAL SERRA AZUL I (1)	Todas as variantes pertencem à mesma família
74492070	1	SEGURO	RESIDENCIAL SERRA AZUL ETAPA I	RESIDENCIAL SERRA AZUL ETAPA I (1)	Todas as variantes pertencem à mesma família
74492135	1	SEGURO	RESIDENCIAL PORTINARI	RESIDENCIAL PORTINARI (1)	Todas as variantes pertencem à mesma família
74492140	2	SEGURO	RESIDENCIAL PORTINARI	RESIDENCIAL PORTINARI (2)	Todas as variantes pertencem à mesma família
74492165	4	SEGURO	RESIDENCIAL PORTINARI	RESIDENCIAL PORTINARI (4)	Todas as variantes pertencem à mesma família
74492185	2	SEGURO	RESIDENCIAL PORTINARI	RESIDENCIAL PORTINARI (2)	Todas as variantes pertencem à mesma família
74492200	3	SEGURO	RESIDENCIAL PORTINARI	RESIDENCIAL PORTINARI (3)	Todas as variantes pertencem à mesma família
74492205	3	SEGURO	RESIDENCIAL PORTINARI	RESIDENCIAL PORTINARI (3)	Todas as variantes pertencem à mesma família
74492225	1	SEGURO	JARDIM IMPERIAL	JARDIM IMPERIAL (1)	Todas as variantes pertencem à mesma família
74492230	1	SEGURO	JARDIM IMPERIAL	JARDIM IMPERIAL (1)	Todas as variantes pertencem à mesma família
74492295	1	SEGURO	RESIDENCIAL SERRA AZUL II	RESIDENCIAL SERRA AZUL II (1)	Todas as variantes pertencem à mesma família
74492338	2	SEGURO	RESIDENCIAL SAN MARINO	RESIDENCIAL SAN MARINO (2)	Todas as variantes pertencem à mesma família
74492359	1	SEGURO	RESIDENCIAL SAN MARINO	RESIDENCIAL SAN MARINO (1)	Todas as variantes pertencem à mesma família
74492405	3	SEGURO	RESIDENCIAL SANTA EFIGÊNIA	RESIDENCIAL SANTA EFIGÊNIA (3)	Todas as variantes pertencem à mesma família
74492411	1	SEGURO	RESIDENCIAL SANTA EFIGÊNIA	RESIDENCIAL SANTA EFIGÊNIA (1)	Todas as variantes pertencem à mesma família
74492413	1	SEGURO	RESIDENCIAL SANTA EFIGÊNIA	RESIDENCIAL SANTA EFIGÊNIA (1)	Todas as variantes pertencem à mesma família
74492423	3	SEGURO	RESIDENCIAL SANTA EFIGENIA	RESIDENCIAL SANTA EFIGENIA (2) | RESIDENCIAL SANTA EFIGÊNIA (1)	Todas as variantes pertencem à mesma família
74492451	1	SEGURO	RESIDENCIAL SANTA EFIGÊNIA	RESIDENCIAL SANTA EFIGÊNIA (1)	Todas as variantes pertencem à mesma família
74492706	2	BLOQUEADO		JARDIM MIRABEL (1) || FAZENDA SANTA RITA QUADRA 01 (1)	CEP possui famílias de bairros estruturalmente distintas
74493060	4	BLOQUEADO		CONJUNTO VERA CRUZ (3) || MONTE PASCOAL (1)	CEP possui famílias de bairros estruturalmente distintas
74493130	1	SEGURO	CONJUNTO VERA CRUZ	CONJUNTO VERA CRUZ (1)	Todas as variantes pertencem à mesma família
74493750	2	BLOQUEADO		CONJUNTO VERA CRUZ 2 (1) || CONJUNTO VERA CRUZ (1)	CEP possui famílias de bairros estruturalmente distintas
74494001	1	SEGURO	JD. DAS HORTÊNCIAS	JD. DAS HORTÊNCIAS (1)	Todas as variantes pertencem à mesma família
74494081	1	SEGURO	RESIDENCIAL PRIMAVERA	RESIDENCIAL PRIMAVERA (1)	Todas as variantes pertencem à mesma família
74494085	2	SEGURO	RESIDENCIAL PRIMAVERA	RESIDENCIAL PRIMAVERA (1) | Residencial Primavera (1)	Todas as variantes pertencem à mesma família
74494086	1	SEGURO	RESIDENCIAL PRIMAVERA	RESIDENCIAL PRIMAVERA (1)	Todas as variantes pertencem à mesma família
74494087	2	SEGURO	RESIDENCIAL PRIMAVERA	RESIDENCIAL PRIMAVERA (2)	Todas as variantes pertencem à mesma família
74494088	2	SEGURO	RESIDENCIAL PRIMAVERA	RESIDENCIAL PRIMAVERA (2)	Todas as variantes pertencem à mesma família
74494090	2	SEGURO	RESIDENCIAL PRIMAVERA	RESIDENCIAL PRIMAVERA (2)	Todas as variantes pertencem à mesma família
74494091	1	SEGURO	RESIDENCIAL PRIMAVERA	RESIDENCIAL PRIMAVERA (1)	Todas as variantes pertencem à mesma família
74494400	3	SEGURO	RESIDENCIAL MONTE PASCOAL	RESIDENCIAL MONTE PASCOAL (3)	Todas as variantes pertencem à mesma família
74494405	1	SEGURO	RESIDENCIAL MONTE PASCOAL	RESIDENCIAL MONTE PASCOAL (1)	Todas as variantes pertencem à mesma família
74494500	1	SEGURO	RESIDENCIAL MONTE PASCOAL	RESIDENCIAL MONTE PASCOAL (1)	Todas as variantes pertencem à mesma família
74494510	2	SEGURO	RESIDENCIAL MONTE PASCOAL	RESIDENCIAL MONTE PASCOAL (2)	Todas as variantes pertencem à mesma família
74494545	1	SEGURO	Residencial Monte Pascoal	Residencial Monte Pascoal (1)	Todas as variantes pertencem à mesma família
74494560	1	SEGURO	RESIDENCIAL MONTE PASCOAL II	RESIDENCIAL MONTE PASCOAL II (1)	Todas as variantes pertencem à mesma família
74494568	1	SEGURO	RESIDENCIAL MONTE PASCOAL II	RESIDENCIAL MONTE PASCOAL II (1)	Todas as variantes pertencem à mesma família
74494574	1	SEGURO	RESIDENCIAL MONTE PASCOAL II	RESIDENCIAL MONTE PASCOAL II (1)	Todas as variantes pertencem à mesma família
74494576	1	SEGURO	RESIDENCIAL MONTE PASCOAL II	RESIDENCIAL MONTE PASCOAL II (1)	Todas as variantes pertencem à mesma família
74494582	1	SEGURO	RESIDENCIAL MONTE PASCOAL II	RESIDENCIAL MONTE PASCOAL II (1)	Todas as variantes pertencem à mesma família
74494686	1	SEGURO	JARDIM SÃO JOSE	JARDIM SÃO JOSE (1)	Todas as variantes pertencem à mesma família
74494705	1	SEGURO	JARDIM SÃO JOSÉ	JARDIM SÃO JOSÉ (1)	Todas as variantes pertencem à mesma família
74494740	1	SEGURO	JARDIM SÃO JOSÉ	JARDIM SÃO JOSÉ (1)	Todas as variantes pertencem à mesma família
74494760	1	SEGURO	JARDIM SÃO JOSÉ	JARDIM SÃO JOSÉ (1)	Todas as variantes pertencem à mesma família
74494790	1	SEGURO	SANTA EFIGENIA	SANTA EFIGENIA (1)	Todas as variantes pertencem à mesma família
74495028	1	SEGURO	RESIDENCIAL YTAPUÃ	RESIDENCIAL YTAPUÃ (1)	Todas as variantes pertencem à mesma família
74495030	1	SEGURO	CONJUNTO VERA CRUZ	CONJUNTO VERA CRUZ (1)	Todas as variantes pertencem à mesma família
74495032	1	SEGURO	RESIDENCIAL YTAPUÃ	RESIDENCIAL YTAPUÃ (1)	Todas as variantes pertencem à mesma família
74495070	1	SEGURO	CONJUNTO VERA CRUZ	CONJUNTO VERA CRUZ (1)	Todas as variantes pertencem à mesma família
74495110	1	SEGURO	CONJUNTO VERA CRUZ	CONJUNTO VERA CRUZ (1)	Todas as variantes pertencem à mesma família
74495130	2	SEGURO	CONJUNTO VERA CRUZ	CONJUNTO VERA CRUZ (2)	Todas as variantes pertencem à mesma família
74495140	2	SEGURO	CONJUNTO VERA CRUZ	CONJUNTO VERA CRUZ (2)	Todas as variantes pertencem à mesma família
74495220	2	SEGURO	CONJUNTO VERA CRUZ	CONJUNTO VERA CRUZ (2)	Todas as variantes pertencem à mesma família
74495240	1	SEGURO	CONJUNTO VERA CRUZ	CONJUNTO VERA CRUZ (1)	Todas as variantes pertencem à mesma família
74495260	3	SEGURO	CONJUNTO VERA CRUZ	CONJUNTO VERA CRUZ (3)	Todas as variantes pertencem à mesma família
74495290	2	BLOQUEADO		CONJUNTO VERA CRUZ (1) || CONJUNTO VERA CRUZ 2 (1)	CEP possui famílias de bairros estruturalmente distintas
74495300	1	SEGURO	CONJUNTO VERA CRUZ	CONJUNTO VERA CRUZ (1)	Todas as variantes pertencem à mesma família
74495310	2	SEGURO	CONJUNTO VERA CRUZ	CONJUNTO VERA CRUZ (2)	Todas as variantes pertencem à mesma família
74495360	1	SEGURO	CONJUNTO VERA CRUZ	CONJUNTO VERA CRUZ (1)	Todas as variantes pertencem à mesma família
74495380	2	SEGURO	CONJUNTO VERA CRUZ	CONJUNTO VERA CRUZ (2)	Todas as variantes pertencem à mesma família
74495390	1	SEGURO	CONJUNTO VERA CRUZ	CONJUNTO VERA CRUZ (1)	Todas as variantes pertencem à mesma família
74495440	2	BLOQUEADO		CONJUNTO VERA CRUZ (1) || CONJUNTO VERA CRUZ II 7ª ETAPA (1)	CEP possui famílias de bairros estruturalmente distintas
74495520	2	SEGURO	CONJUNTO VERA CRUZ	CONJUNTO VERA CRUZ (2)	Todas as variantes pertencem à mesma família
74495540	2	SEGURO	CONJUNTO VERA CRUZ	CONJUNTO VERA CRUZ (2)	Todas as variantes pertencem à mesma família
74495550	2	SEGURO	CONJUNTO VERA CRUZ	CONJUNTO VERA CRUZ (2)	Todas as variantes pertencem à mesma família
74495600	2	BLOQUEADO		CONJUNTO VERA CRUZ (1) || CONJUNTO VERA CRUZ II (1)	CEP possui famílias de bairros estruturalmente distintas
74495610	1	SEGURO	CONJUNTO VERA CRUZ	CONJUNTO VERA CRUZ (1)	Todas as variantes pertencem à mesma família
74495617	1	SEGURO	CONJUNTO VERA CRUZ	CONJUNTO VERA CRUZ (1)	Todas as variantes pertencem à mesma família
74495740	2	SEGURO	SETOR DAS NAÇÕES	SETOR DAS NAÇÕES (2)	Todas as variantes pertencem à mesma família
74495810	1	SEGURO	SETOR DAS NAÇÕES	SETOR DAS NAÇÕES (1)	Todas as variantes pertencem à mesma família
74495841	1	SEGURO	RESIDENCIAL MENDANHA	RESIDENCIAL MENDANHA (1)	Todas as variantes pertencem à mesma família
74495858	1	SEGURO	RESIDENCIAL MENDANHA	RESIDENCIAL MENDANHA (1)	Todas as variantes pertencem à mesma família
74495873	1	SEGURO	RESIDENCIAL NOVA AURORA	RESIDENCIAL NOVA AURORA (1)	Todas as variantes pertencem à mesma família
74495891	1	SEGURO	RESIDENCIAL NOVA AURORA	RESIDENCIAL NOVA AURORA (1)	Todas as variantes pertencem à mesma família
74495893	1	SEGURO	RESIDENCIAL NOVA AURORA	RESIDENCIAL NOVA AURORA (1)	Todas as variantes pertencem à mesma família
74495895	1	SEGURO	RESIDENCIAL NOVA AURORA	RESIDENCIAL NOVA AURORA (1)	Todas as variantes pertencem à mesma família
74495897	2	SEGURO	RESIDENCIAL NOVA AURORA	RESIDENCIAL NOVA AURORA (2)	Todas as variantes pertencem à mesma família
74496328	1	SEGURO	RESIDENCIAL TUZIMOTO	RESIDENCIAL TUZIMOTO (1)	Todas as variantes pertencem à mesma família
74496332	1	SEGURO	RESIDENCIAL TUZIMOTO	RESIDENCIAL TUZIMOTO (1)	Todas as variantes pertencem à mesma família
74523540	1	SEGURO	PROGRESSO	PROGRESSO (1)	Todas as variantes pertencem à mesma família
74550132	1	SEGURO	SETOR PROGRESSO	SETOR PROGRESSO (1)	Todas as variantes pertencem à mesma família
74550140	1	SEGURO	SETOR CENTRO OESTE	SETOR CENTRO OESTE (1)	Todas as variantes pertencem à mesma família
74550580	1	SEGURO	SETOR PROGRESSO	SETOR PROGRESSO (1)	Todas as variantes pertencem à mesma família
74555105	1	SEGURO	SETOR AEROVIARIO	SETOR AEROVIARIO (1)	Todas as variantes pertencem à mesma família
74555554	2	SEGURO	ALBINO BOAVENTURA	ALBINO BOAVENTURA (2)	Todas as variantes pertencem à mesma família
74555555	1	SEGURO	RESIDENCIAL SENADOR ALBINO BOAVENTURA	RESIDENCIAL SENADOR ALBINO BOAVENTURA (1)	Todas as variantes pertencem à mesma família
74555556	5	BLOQUEADO		ALBINO BOAVENTURA (3) || RESIDENCIAL ALBINO BOAVENTURA (1) || Residencial Senador Albino Boaventura (1)	CEP possui famílias de bairros estruturalmente distintas
74555557	13	REVISAR	ALBINO BOAVENTURA	ALBINO BOAVENTURA (9) || RESIDENCIAL SENADOR ALBINO BOAVENTURA (2) | Residencial Senador Albino Boaventura (1) || ALBINO BOA VENTURA (1)	Há família dominante, porém sem segurança suficiente para alteração automática
74555558	21	BLOQUEADO		ALBINO BOAVENTURA (11) || RESIDENCIAL SENADOR ALBINO BOAVENTURA (7) | Residencial Senador Albino Boaventura (1) || RESIDENCIAL ALBINO BOAVENTURA (2)	CEP possui famílias de bairros estruturalmente distintas
74555559	11	BLOQUEADO		ALBINO BOAVENTURA (5) || RESIDENCIAL SENADOR ALBINO BOAVENTURA (3) | Residencial Senador Albino Boaventura (2) || RESIDENCIAL ALBINO BOAVENTURA (1)	CEP possui famílias de bairros estruturalmente distintas
74555560	1	SEGURO	RESIDENCIAL SENADOR ALBINO BOAVENTURA	RESIDENCIAL SENADOR ALBINO BOAVENTURA (1)	Todas as variantes pertencem à mesma família
74555561	2	BLOQUEADO		ALBINO BOAVENTURA (1) || SETOR MARABÁ (1)	CEP possui famílias de bairros estruturalmente distintas
74555562	2	SEGURO	ALBINO BOAVENTURA	ALBINO BOAVENTURA (2)	Todas as variantes pertencem à mesma família
74555598	1	SEGURO	ALBINO BOAVENTURA	ALBINO BOAVENTURA (1)	Todas as variantes pertencem à mesma família
74558023	1	SEGURO	PERIM	PERIM (1)	Todas as variantes pertencem à mesma família
74564524	1	SEGURO	SETOR MARABÁ	SETOR MARABÁ (1)	Todas as variantes pertencem à mesma família
74565006	1	SEGURO	PANORAMA PARQUE	PANORAMA PARQUE (1)	Todas as variantes pertencem à mesma família
74573160	2	SEGURO	SETOR SEVENE	SETOR SEVENE (2)	Todas as variantes pertencem à mesma família
74573170	1	SEGURO	Setor Sevene	Setor Sevene (1)	Todas as variantes pertencem à mesma família
74573180	1	SEGURO	SETOR CANDIDA DE MORAES	SETOR CANDIDA DE MORAES (1)	Todas as variantes pertencem à mesma família
74573370	4	BLOQUEADO		SETOR SEVENE (3) || RESIDENCIAL HUGO DE MORAES (1)	CEP possui famílias de bairros estruturalmente distintas
74573381	1	SEGURO	RESIDENCIAL HUGO DE MORAES	RESIDENCIAL HUGO DE MORAES (1)	Todas as variantes pertencem à mesma família
74573386	1	SEGURO	RESIDENCIAL HUGO DE MORAES	RESIDENCIAL HUGO DE MORAES (1)	Todas as variantes pertencem à mesma família
74573387	3	BLOQUEADO		RESIDENCIAL HUGO DE MORAES (2) || HUGO DE MORAIS (1)	CEP possui famílias de bairros estruturalmente distintas
74573388	3	BLOQUEADO		RESIDENCIAL HUGO DE MORAES (2) || HUGO MORAES (1)	CEP possui famílias de bairros estruturalmente distintas
74573389	2	SEGURO	RESIDENCIAL HUGO DE MORAES	RESIDENCIAL HUGO DE MORAES (1) | Residencial Hugo de Moraes (1)	Todas as variantes pertencem à mesma família
74573390	2	SEGURO	SETOR SEVENE	SETOR SEVENE (2)	Todas as variantes pertencem à mesma família
74573391	3	BLOQUEADO		RESIDENCIAL HUGO DE MORAES (2) || RESIDENCIAL HUGO DE MORAIS (1)	CEP possui famílias de bairros estruturalmente distintas
74573392	1	SEGURO	RESIDENCIAL HUGO DE MORAES	RESIDENCIAL HUGO DE MORAES (1)	Todas as variantes pertencem à mesma família
74573393	3	BLOQUEADO		RESIDENCIAL HUGO DE MORAES (2) || HUGO MORAES (1)	CEP possui famílias de bairros estruturalmente distintas
74573394	1	SEGURO	RESIDENCIAL HUGO DE MORAES	RESIDENCIAL HUGO DE MORAES (1)	Todas as variantes pertencem à mesma família
74573397	2	SEGURO	RESIDENCIAL HUGO DE MORAES	RESIDENCIAL HUGO DE MORAES (2)	Todas as variantes pertencem à mesma família
74573398	5	SEGURO	RESIDENCIAL HUGO DE MORAES	RESIDENCIAL HUGO DE MORAES (5)	Todas as variantes pertencem à mesma família
74573401	1	SEGURO	HUGO DE MORAES	HUGO DE MORAES (1)	Todas as variantes pertencem à mesma família
74573402	5	SEGURO	RESIDENCIAL HUGO DE MORAES	RESIDENCIAL HUGO DE MORAES (4) | Residencial Hugo de Moraes (1)	Todas as variantes pertencem à mesma família
74573403	2	SEGURO	RESIDENCIAL HUGO DE MORAES	RESIDENCIAL HUGO DE MORAES (1) | Residencial Hugo de Moraes (1)	Todas as variantes pertencem à mesma família
74573424	1	SEGURO	RESIDENCIAL GUAREMA	RESIDENCIAL GUAREMA (1)	Todas as variantes pertencem à mesma família
74573426	2	BLOQUEADO		RESIDENCIA GUAREMA (1) || RESIDENCIAL GUAREMA (1)	CEP possui famílias de bairros estruturalmente distintas
74575390	1	SEGURO	SETOR GENTIL MEIRELES	SETOR GENTIL MEIRELES (1)	Todas as variantes pertencem à mesma família
74580000	1	SEGURO	SETOR PERIM	SETOR PERIM (1)	Todas as variantes pertencem à mesma família
74580080	1	SEGURO	VILA CRISTINA	VILA CRISTINA (1)	Todas as variantes pertencem à mesma família
74580150	3	SEGURO	SETOR PERIM	SETOR PERIM (3)	Todas as variantes pertencem à mesma família
74580190	7	SEGURO	SETOR PERIM	SETOR PERIM (7)	Todas as variantes pertencem à mesma família
74580200	1	SEGURO	Setor Perim	Setor Perim (1)	Todas as variantes pertencem à mesma família
74580230	3	SEGURO	SETOR PERIM	SETOR PERIM (2) | Setor Perim (1)	Todas as variantes pertencem à mesma família
74580260	2	SEGURO	SETOR PERIM	SETOR PERIM (2)	Todas as variantes pertencem à mesma família
74580270	4	BLOQUEADO		SETOR PERIM (3) || SETOR PROGRESSO (1)	CEP possui famílias de bairros estruturalmente distintas
74580280	2	SEGURO	SETOR PERIM	SETOR PERIM (1) | Setor Perim (1)	Todas as variantes pertencem à mesma família
74580290	3	SEGURO	SETOR PERIM	SETOR PERIM (3)	Todas as variantes pertencem à mesma família
74580300	2	SEGURO	SETOR PERIM	SETOR PERIM (1) | Setor Perim (1)	Todas as variantes pertencem à mesma família
74580330	2	SEGURO	SETOR PERIM	SETOR PERIM (2)	Todas as variantes pertencem à mesma família
74580340	5	SEGURO	SETOR PERIM	SETOR PERIM (5)	Todas as variantes pertencem à mesma família
74580350	9	SEGURO	SETOR PERIM	SETOR PERIM (7) | Setor Perim (2)	Todas as variantes pertencem à mesma família
74580360	6	SEGURO	SETOR PERIM	SETOR PERIM (4) | PERIM (1) | Setor Perim (1)	Todas as variantes pertencem à mesma família
74580370	6	SEGURO	SETOR PERIM	SETOR PERIM (4) | Setor Perim (2)	Todas as variantes pertencem à mesma família
74580380	3	SEGURO	SETOR PERIM	SETOR PERIM (2) | PERIM (1)	Todas as variantes pertencem à mesma família
74580390	6	SEGURO	SETOR PERIM	SETOR PERIM (6)	Todas as variantes pertencem à mesma família
74580400	3	SEGURO	SETOR PERIM	SETOR PERIM (2) | Setor Perim (1)	Todas as variantes pertencem à mesma família
74580440	1	SEGURO	VILA CLEMENTE	VILA CLEMENTE (1)	Todas as variantes pertencem à mesma família
74580445	1	SEGURO	VILA SÃO JOSE	VILA SÃO JOSE (1)	Todas as variantes pertencem à mesma família
74580455	2	SEGURO	VILA CLEMENTE	VILA CLEMENTE (2)	Todas as variantes pertencem à mesma família
74580460	1	SEGURO	VILA CLEMENTE	VILA CLEMENTE (1)	Todas as variantes pertencem à mesma família
74580490	3	SEGURO	VILA CLEMENTE	VILA CLEMENTE (3)	Todas as variantes pertencem à mesma família
74580500	3	SEGURO	Setor Progresso	Setor Progresso (2) | SETOR PROGRESSO (1)	Todas as variantes pertencem à mesma família
74580505	1	SEGURO	VILA CLEMENTE	VILA CLEMENTE (1)	Todas as variantes pertencem à mesma família
74580510	3	SEGURO	SETOR PROGRESSO	SETOR PROGRESSO (2) | Setor Progresso (1)	Todas as variantes pertencem à mesma família
74580520	4	SEGURO	SETOR PROGRESSO	SETOR PROGRESSO (3) | Setor Progresso (1)	Todas as variantes pertencem à mesma família
74580530	1	SEGURO	SETOR PROGRESSO	SETOR PROGRESSO (1)	Todas as variantes pertencem à mesma família
74580535	5	SEGURO	SETOR PROGRESSO	SETOR PROGRESSO (4) | Setor Progresso (1)	Todas as variantes pertencem à mesma família
74580540	4	SEGURO	SETOR PROGRESSO	SETOR PROGRESSO (4)	Todas as variantes pertencem à mesma família
74580550	3	SEGURO	SETOR PROGRESSO	SETOR PROGRESSO (3)	Todas as variantes pertencem à mesma família
74580560	3	SEGURO	SETOR PROGRESSO	SETOR PROGRESSO (3)	Todas as variantes pertencem à mesma família
74580570	7	SEGURO	SETOR PROGRESSO	SETOR PROGRESSO (7)	Todas as variantes pertencem à mesma família
74580580	2	SEGURO	SETOR PROGRESSO	SETOR PROGRESSO (1) | Setor Progresso (1)	Todas as variantes pertencem à mesma família
74580590	1	SEGURO	SETOR PERIM	SETOR PERIM (1)	Todas as variantes pertencem à mesma família
74580600	5	SEGURO	SETOR PROGRESSO	SETOR PROGRESSO (4) | Setor Progresso (1)	Todas as variantes pertencem à mesma família
74580610	4	SEGURO	SETOR PROGRESSO	SETOR PROGRESSO (4)	Todas as variantes pertencem à mesma família
74580620	1	SEGURO	SETOR PROGRESSO	SETOR PROGRESSO (1)	Todas as variantes pertencem à mesma família
74580650	1	SEGURO	SETOR PROGRESSO	SETOR PROGRESSO (1)	Todas as variantes pertencem à mesma família
74580660	8	SEGURO	SETOR PROGRESSO	SETOR PROGRESSO (7) | Setor Progresso (1)	Todas as variantes pertencem à mesma família
74580690	3	SEGURO	SETOR PROGRESSO	SETOR PROGRESSO (3)	Todas as variantes pertencem à mesma família
74580710	4	SEGURO	SETOR PROGRESSO	SETOR PROGRESSO (3) | Setor Progresso (1)	Todas as variantes pertencem à mesma família
74580740	5	SEGURO	SETOR PROGRESSO	SETOR PROGRESSO (3) | Setor Progresso (2)	Todas as variantes pertencem à mesma família
74580760	2	SEGURO	RESIDENCIAL ITAMARACA	RESIDENCIAL ITAMARACA (1) | RESIDENCIAL ITAMARACÁ (1)	Todas as variantes pertencem à mesma família
74580761	1	SEGURO	Residencial Itamaracá	Residencial Itamaracá (1)	Todas as variantes pertencem à mesma família
74580765	3	SEGURO	Residencial Itamaracá	Residencial Itamaracá (2) | RESIDENCIAL ITAMARACÁ (1)	Todas as variantes pertencem à mesma família
74580766	1	SEGURO	Residencial Itamaracá	Residencial Itamaracá (1)	Todas as variantes pertencem à mesma família
74580790	1	SEGURO	RESIDENCIAL ITAMARACÁ	RESIDENCIAL ITAMARACÁ (1)	Todas as variantes pertencem à mesma família
74580795	1	SEGURO	Residencial Itamaracá	Residencial Itamaracá (1)	Todas as variantes pertencem à mesma família
74580800	3	SEGURO	SETOR PERIM	SETOR PERIM (2) | PERIM (1)	Todas as variantes pertencem à mesma família
74580805	1	SEGURO	RESIDENCIAL ITAMARACÁ	RESIDENCIAL ITAMARACÁ (1)	Todas as variantes pertencem à mesma família
74580810	2	SEGURO	RESIDENCIAL ITAMARACÁ	RESIDENCIAL ITAMARACÁ (2)	Todas as variantes pertencem à mesma família
74580815	7	SEGURO	RESIDENCIAL ITAMARACÁ	RESIDENCIAL ITAMARACÁ (4) | RESIDENCIAL ITAMARACA (2) | Residencial Itamaracá (1)	Todas as variantes pertencem à mesma família
74580825	2	SEGURO	RESIDENCIAL ITAMARACÁ	RESIDENCIAL ITAMARACÁ (1) | RESIDENCIAL ITAMARACA (1)	Todas as variantes pertencem à mesma família
74580830	5	SEGURO	Residencial Itamaracá	Residencial Itamaracá (3) | RESIDENCIAL ITAMARACÁ (2)	Todas as variantes pertencem à mesma família
74580860	5	BLOQUEADO		SETOR PERIM (3) || SETOR PERIM CONTINUAÇÃO (2)	CEP possui famílias de bairros estruturalmente distintas
74583000	1	SEGURO	RESIDENCIAL SENADOR ALBINO BOAVENTURA	RESIDENCIAL SENADOR ALBINO BOAVENTURA (1)	Todas as variantes pertencem à mesma família
74583030	1	SEGURO	Vila Maria Dilce	Vila Maria Dilce (1)	Todas as variantes pertencem à mesma família
74583050	9	SEGURO	VILA MARIA DILCE	VILA MARIA DILCE (5) | Vila Maria Dilce (4)	Todas as variantes pertencem à mesma família
74583055	3	BLOQUEADO		VILA MARIA DILCE (2) || VILA CRISTINA (1)	CEP possui famílias de bairros estruturalmente distintas
74583060	6	SEGURO	VILA MARIA DILCE	VILA MARIA DILCE (6)	Todas as variantes pertencem à mesma família
74583065	1	SEGURO	Vila Maria Dilce	Vila Maria Dilce (1)	Todas as variantes pertencem à mesma família
74583070	3	BLOQUEADO		MARIA DILCE (1) || VILA CRISTINA (1) || Vila Maria Dilce (1)	CEP possui famílias de bairros estruturalmente distintas
74583100	17	REVISAR	VILA MARIA DILCE	VILA MARIA DILCE (12) | Vila Maria Dilce (4) || MARIA DILCE (1)	Família dominante identificada, mas existem famílias distintas no mesmo CEP
74583110	3	SEGURO	VILA MARIA DILCE	VILA MARIA DILCE (3)	Todas as variantes pertencem à mesma família
74583115	2	SEGURO	VILA MARIA DILCE	VILA MARIA DILCE (1) | Vila Maria Dilce (1)	Todas as variantes pertencem à mesma família
74583130	1	SEGURO	VILA MARIA DILCE	VILA MARIA DILCE (1)	Todas as variantes pertencem à mesma família
74583135	1	SEGURO	SETOR PROGRESSO	SETOR PROGRESSO (1)	Todas as variantes pertencem à mesma família
74583220	1	SEGURO	VILA JOÃO VAZ	VILA JOÃO VAZ (1)	Todas as variantes pertencem à mesma família
74583264	1	SEGURO	JARDIM SANTA CECÍLIA	JARDIM SANTA CECÍLIA (1)	Todas as variantes pertencem à mesma família
74583285	1	SEGURO	SETOR EMPRESARIAL	SETOR EMPRESARIAL (1)	Todas as variantes pertencem à mesma família
74583290	3	BLOQUEADO		SETOR MARABÁ (1) | SETOR MARABA (1) || SETOR NOROESTE (1)	CEP possui famílias de bairros estruturalmente distintas
74583298	1	SEGURO	Residencial Recreio Panorama	Residencial Recreio Panorama (1)	Todas as variantes pertencem à mesma família
74583350	7	SEGURO	SETOR EMPRESARIAL	SETOR EMPRESARIAL (7)	Todas as variantes pertencem à mesma família
74583360	1	SEGURO	SETOR EMPRESARIAL	SETOR EMPRESARIAL (1)	Todas as variantes pertencem à mesma família
74583650	1	SEGURO	SETOR EMPRESARIAL	SETOR EMPRESARIAL (1)	Todas as variantes pertencem à mesma família
74583700	4	SEGURO	Jardim Gramado	Jardim Gramado (2) | JARDIM GRAMADO (2)	Todas as variantes pertencem à mesma família
74583705	5	SEGURO	JARDIM GRAMADO	JARDIM GRAMADO (4) | Jardim Gramado (1)	Todas as variantes pertencem à mesma família
74583710	2	SEGURO	JARDIM GRAMADO	JARDIM GRAMADO (2)	Todas as variantes pertencem à mesma família
74583715	11	REVISAR	JARDIM GRAMADO	JARDIM GRAMADO (8) | Jardim Gramado (1) || VILA MARIA DILCE (1) || VILA CRISTINA (1)	Há família dominante, porém sem segurança suficiente para alteração automática
74583720	6	SEGURO	JARDIM GRAMADO	JARDIM GRAMADO (5) | Jardim Gramado (1)	Todas as variantes pertencem à mesma família
74583725	7	SEGURO	JARDIM GRAMADO	JARDIM GRAMADO (7)	Todas as variantes pertencem à mesma família
74583730	1	SEGURO	JARDIM  GRAMADO	JARDIM  GRAMADO (1)	Todas as variantes pertencem à mesma família
74583735	3	SEGURO	JARDIM GRAMADO	JARDIM GRAMADO (3)	Todas as variantes pertencem à mesma família
74583750	1	SEGURO	JARDIM GRAMADO	JARDIM GRAMADO (1)	Todas as variantes pertencem à mesma família
74583760	1	SEGURO	JARDIM GRAMADO	JARDIM GRAMADO (1)	Todas as variantes pertencem à mesma família
74583765	1	SEGURO	JARDIM GRAMADO	JARDIM GRAMADO (1)	Todas as variantes pertencem à mesma família
74584000	6	SEGURO	VILA CRISTINA	VILA CRISTINA (5) | Vila Cristina (1)	Todas as variantes pertencem à mesma família
74584010	2	SEGURO	VILA CRISTINA	VILA CRISTINA (2)	Todas as variantes pertencem à mesma família
74584030	1	SEGURO	VILA CRISTINA	VILA CRISTINA (1)	Todas as variantes pertencem à mesma família
74584040	1	SEGURO	VILA CRISTINA	VILA CRISTINA (1)	Todas as variantes pertencem à mesma família
74584060	3	BLOQUEADO		VILA CRISTINA (2) || MARIA DILCE (1)	CEP possui famílias de bairros estruturalmente distintas
74584090	1	SEGURO	VILA CRISTINA	VILA CRISTINA (1)	Todas as variantes pertencem à mesma família
74584120	6	REVISAR	VILA CRISTINA	VILA CRISTINA (5) || VILA MARIA DILCE (1)	Há família dominante, porém sem segurança suficiente para alteração automática
74584230	6	BLOQUEADO		VILA CRISTINA (4) || Vila Cristina Continuação (1) | VILA CRISTINA CONTINUAÇÃO (1)	CEP possui famílias de bairros estruturalmente distintas
74584235	3	SEGURO	VILA CRISTINA	VILA CRISTINA (3)	Todas as variantes pertencem à mesma família
74584305	1	SEGURO	VILA CRISTINA EXTENSÃO	VILA CRISTINA EXTENSÃO (1)	Todas as variantes pertencem à mesma família
74584310	2	SEGURO	VILA CRISTINA EXTENSÃO	VILA CRISTINA EXTENSÃO (2)	Todas as variantes pertencem à mesma família
74590090	1	SEGURO	JARDIM BALNEÁRIO MEIA PONTE	JARDIM BALNEÁRIO MEIA PONTE (1)	Todas as variantes pertencem à mesma família
74590360	1	SEGURO	JARDIM BALNEÁRIO MEIA PONTE	JARDIM BALNEÁRIO MEIA PONTE (1)	Todas as variantes pertencem à mesma família
74590540	1	SEGURO	Jardim Balneário Meia Ponte	Jardim Balneário Meia Ponte (1)	Todas as variantes pertencem à mesma família
74590770	1	SEGURO	Jardim Balneário Meia Ponte	Jardim Balneário Meia Ponte (1)	Todas as variantes pertencem à mesma família
74591003	1	SEGURO	Residencial Balneário 2	Residencial Balneário 2 (1)	Todas as variantes pertencem à mesma família
74593210	1	SEGURO	Jardim Balneário Meia Ponte	Jardim Balneário Meia Ponte (1)	Todas as variantes pertencem à mesma família
74593270	1	SEGURO	Parque das Nações	Parque das Nações (1)	Todas as variantes pertencem à mesma família
74594102	1	SEGURO	Residencial Barravento	Residencial Barravento (1)	Todas as variantes pertencem à mesma família
74594124	1	SEGURO	Residencial Barravento	Residencial Barravento (1)	Todas as variantes pertencem à mesma família
74594151	1	SEGURO	Jardim Belvedere	Jardim Belvedere (1)	Todas as variantes pertencem à mesma família
74594330	1	SEGURO	Residencial Jose Viandeli	Residencial Jose Viandeli (1)	Todas as variantes pertencem à mesma família
74595110	1	SEGURO	Residencial Maria Lourença	Residencial Maria Lourença (1)	Todas as variantes pertencem à mesma família
74605020	1	SEGURO	SETOR LESTE UNIVERSITÁRIO	SETOR LESTE UNIVERSITÁRIO (1)	Todas as variantes pertencem à mesma família
74620050	3	SEGURO	VILA MORAIS	VILA MORAIS (3)	Todas as variantes pertencem à mesma família
74620060	4	SEGURO	VILA MORAIS	VILA MORAIS (4)	Todas as variantes pertencem à mesma família
74620170	1	SEGURO	Vila Morais	Vila Morais (1)	Todas as variantes pertencem à mesma família
74620190	2	SEGURO	VILA MORAIS	VILA MORAIS (2)	Todas as variantes pertencem à mesma família
74620220	3	SEGURO	VILA MORAIS	VILA MORAIS (3)	Todas as variantes pertencem à mesma família
74620230	7	SEGURO	VILA MORAIS	VILA MORAIS (7)	Todas as variantes pertencem à mesma família
74620250	1	SEGURO	VILA MORAIS	VILA MORAIS (1)	Todas as variantes pertencem à mesma família
74620260	1	SEGURO	VILA MORAIS	VILA MORAIS (1)	Todas as variantes pertencem à mesma família
74620270	1	SEGURO	VILA MORAIS	VILA MORAIS (1)	Todas as variantes pertencem à mesma família
74620280	3	SEGURO	VILA MORAIS	VILA MORAIS (2) | Vila Morais (1)	Todas as variantes pertencem à mesma família
74620300	1	SEGURO	VILA MORAIS	VILA MORAIS (1)	Todas as variantes pertencem à mesma família
74620310	1	SEGURO	VILA MORAIS	VILA MORAIS (1)	Todas as variantes pertencem à mesma família
74620320	7	SEGURO	VILA MORAIS	VILA MORAIS (6) | Vila Morais (1)	Todas as variantes pertencem à mesma família
74620330	4	SEGURO	VILA MORAIS	VILA MORAIS (4)	Todas as variantes pertencem à mesma família
74620365	1	SEGURO	VILA MORAIS	VILA MORAIS (1)	Todas as variantes pertencem à mesma família
74620375	6	SEGURO	VILA MORAIS	VILA MORAIS (6)	Todas as variantes pertencem à mesma família
74620400	3	SEGURO	VILA MORAIS	VILA MORAIS (2) | Vila Morais (1)	Todas as variantes pertencem à mesma família
74620410	1	SEGURO	VILA MORAIS	VILA MORAIS (1)	Todas as variantes pertencem à mesma família
74630134	1	SEGURO	JARDIM NOVA ESPERANÇA	JARDIM NOVA ESPERANÇA (1)	Todas as variantes pertencem à mesma família
74635100	1	SEGURO	JARDIM NOVO MUNDO	JARDIM NOVO MUNDO (1)	Todas as variantes pertencem à mesma família
74645527	1	SEGURO	SETOR MARABÁ	SETOR MARABÁ (1)	Todas as variantes pertencem à mesma família
74655150	1	SEGURO	VILA MONTICELLI	VILA MONTICELLI (1)	Todas as variantes pertencem à mesma família
74675380	1	SEGURO	RESIDENCIAL ANGLO	RESIDENCIAL ANGLO (1)	Todas as variantes pertencem à mesma família
74675400	1	SEGURO	JARDIM NOVA ESPERANÇA	JARDIM NOVA ESPERANÇA (1)	Todas as variantes pertencem à mesma família
74680130	1	SEGURO	JARDIM COLORADO	JARDIM COLORADO (1)	Todas as variantes pertencem à mesma família
74700170	1	SEGURO	JARDIM NOVO MUNDO	JARDIM NOVO MUNDO (1)	Todas as variantes pertencem à mesma família
74703010	2	SEGURO	JARDIM NOVO MUNDO	JARDIM NOVO MUNDO (2)	Todas as variantes pertencem à mesma família
74703020	12	SEGURO	JARDIM NOVO MUNDO	JARDIM NOVO MUNDO (11) | Jardim Novo Mundo (1)	Todas as variantes pertencem à mesma família
74703030	2	SEGURO	JARDIM NOVO MUNDO	JARDIM NOVO MUNDO (2)	Todas as variantes pertencem à mesma família
74703060	4	SEGURO	JARDIM NOVO MUNDO	JARDIM NOVO MUNDO (4)	Todas as variantes pertencem à mesma família
74703070	2	SEGURO	JARDIM NOVO MUNDO	JARDIM NOVO MUNDO (2)	Todas as variantes pertencem à mesma família
74703080	4	SEGURO	JARDIM NOVO MUNDO	JARDIM NOVO MUNDO (4)	Todas as variantes pertencem à mesma família
74703100	3	SEGURO	JARDIM NOVO MUNDO	JARDIM NOVO MUNDO (3)	Todas as variantes pertencem à mesma família
74703118	1	SEGURO	JARDIM NOVO MUNDO	JARDIM NOVO MUNDO (1)	Todas as variantes pertencem à mesma família
74703140	2	SEGURO	JARDIM NOVO MUNDO	JARDIM NOVO MUNDO (2)	Todas as variantes pertencem à mesma família
74703210	1	SEGURO	VILA MARTINS	VILA MARTINS (1)	Todas as variantes pertencem à mesma família
74703220	3	SEGURO	VILA MARTINS	VILA MARTINS (3)	Todas as variantes pertencem à mesma família
74703230	1	SEGURO	VILA MARTINS	VILA MARTINS (1)	Todas as variantes pertencem à mesma família
74703300	1	SEGURO	JARDIM CALIFÓRNIA PARQUE INDUSTRIAL	JARDIM CALIFÓRNIA PARQUE INDUSTRIAL (1)	Todas as variantes pertencem à mesma família
74705010	7	SEGURO	JARDIM NOVO MUNDO	JARDIM NOVO MUNDO (4) | Jardim Novo Mundo (3)	Todas as variantes pertencem à mesma família
74705015	1	SEGURO	JARDIM NOVO MUNDO	JARDIM NOVO MUNDO (1)	Todas as variantes pertencem à mesma família
74705020	9	SEGURO	JARDIM NOVO MUNDO	JARDIM NOVO MUNDO (6) | Jardim Novo Mundo (3)	Todas as variantes pertencem à mesma família
74705040	3	SEGURO	Jardim Novo Mundo	Jardim Novo Mundo (2) | JARDIM NOVO MUNDO (1)	Todas as variantes pertencem à mesma família
74705050	15	SEGURO	JARDIM NOVO MUNDO	JARDIM NOVO MUNDO (14) | JARDIM  NOVO MUNDO (1)	Todas as variantes pertencem à mesma família
74705070	5	SEGURO	JARDIM NOVO MUNDO	JARDIM NOVO MUNDO (5)	Todas as variantes pertencem à mesma família
74705080	2	SEGURO	JARDIM NOVO MUNDO	JARDIM NOVO MUNDO (2)	Todas as variantes pertencem à mesma família
74705100	7	SEGURO	JARDIM NOVO MUNDO	JARDIM NOVO MUNDO (7)	Todas as variantes pertencem à mesma família
74705110	6	SEGURO	JARDIM NOVO MUNDO	JARDIM NOVO MUNDO (5) | Jardim Novo Mundo (1)	Todas as variantes pertencem à mesma família
74705120	4	SEGURO	JARDIM NOVO MUNDO	JARDIM NOVO MUNDO (2) | Jardim Novo Mundo (2)	Todas as variantes pertencem à mesma família
74705130	6	SEGURO	JARDIM NOVO MUNDO	JARDIM NOVO MUNDO (5) | Jardim Novo Mundo (1)	Todas as variantes pertencem à mesma família
74705140	14	SEGURO	JARDIM NOVO MUNDO	JARDIM NOVO MUNDO (10) | Jardim Novo Mundo (4)	Todas as variantes pertencem à mesma família
74705150	17	SEGURO	JARDIM NOVO MUNDO	JARDIM NOVO MUNDO (16) | Jardim Novo Mundo (1)	Todas as variantes pertencem à mesma família
74705160	4	SEGURO	JARDIM NOVO MUNDO	JARDIM NOVO MUNDO (3) | Jardim Novo Mundo (1)	Todas as variantes pertencem à mesma família
74705170	16	SEGURO	JARDIM NOVO MUNDO	JARDIM NOVO MUNDO (12) | Jardim Novo Mundo (4)	Todas as variantes pertencem à mesma família
74705180	5	SEGURO	JARDIM NOVO MUNDO	JARDIM NOVO MUNDO (4) | Jardim Novo Mundo (1)	Todas as variantes pertencem à mesma família
74705190	1	SEGURO	JARDIM NOVO MUNDO	JARDIM NOVO MUNDO (1)	Todas as variantes pertencem à mesma família
74705200	3	SEGURO	JARDIM NOVO MUNDO	JARDIM NOVO MUNDO (3)	Todas as variantes pertencem à mesma família
74705210	1	SEGURO	JARDIM NOVO MUNDO	JARDIM NOVO MUNDO (1)	Todas as variantes pertencem à mesma família
74705220	9	SEGURO	JARDIM NOVO MUNDO	JARDIM NOVO MUNDO (8) | Jardim Novo Mundo (1)	Todas as variantes pertencem à mesma família
74705230	3	SEGURO	Jardim Novo Mundo	Jardim Novo Mundo (2) | JARDIM NOVO MUNDO (1)	Todas as variantes pertencem à mesma família
74705240	7	SEGURO	JARDIM NOVO MUNDO	JARDIM NOVO MUNDO (4) | Jardim Novo Mundo (2) | JD. NOVO MUNDO (1)	Todas as variantes pertencem à mesma família
74705250	1	SEGURO	JARDIM NOVO MUNDO	JARDIM NOVO MUNDO (1)	Todas as variantes pertencem à mesma família
74705270	1	SEGURO	JARDIM NOVO MUNDO	JARDIM NOVO MUNDO (1)	Todas as variantes pertencem à mesma família
74705280	4	SEGURO	JARDIM NOVO MUNDO	JARDIM NOVO MUNDO (4)	Todas as variantes pertencem à mesma família
74705290	3	SEGURO	JARDIM NOVO MUNDO	JARDIM NOVO MUNDO (3)	Todas as variantes pertencem à mesma família
74705300	3	SEGURO	JARDIM NOVO MUNDO	JARDIM NOVO MUNDO (2) | Jardim Novo Mundo (1)	Todas as variantes pertencem à mesma família
74705310	1	SEGURO	Jardim Novo Mundo	Jardim Novo Mundo (1)	Todas as variantes pertencem à mesma família
74705340	3	SEGURO	JARDIM NOVO MUNDO	JARDIM NOVO MUNDO (3)	Todas as variantes pertencem à mesma família
74710010	23	SEGURO	JARDIM NOVO MUNDO	JARDIM NOVO MUNDO (18) | Jardim Novo Mundo (5)	Todas as variantes pertencem à mesma família
74710040	3	SEGURO	JARDIM NOVO MUNDO	JARDIM NOVO MUNDO (3)	Todas as variantes pertencem à mesma família
74710050	16	SEGURO	JARDIM NOVO MUNDO	JARDIM NOVO MUNDO (14) | Jardim Novo Mundo (2)	Todas as variantes pertencem à mesma família
74710060	13	SEGURO	JARDIM NOVO MUNDO	JARDIM NOVO MUNDO (10) | Jardim Novo Mundo (3)	Todas as variantes pertencem à mesma família
74710070	12	SEGURO	JARDIM NOVO MUNDO	JARDIM NOVO MUNDO (9) | Jardim Novo Mundo (3)	Todas as variantes pertencem à mesma família
74710080	8	SEGURO	JARDIM NOVO MUNDO	JARDIM NOVO MUNDO (7) | Jardim Novo Mundo (1)	Todas as variantes pertencem à mesma família
74710090	4	SEGURO	JARDIM NOVO MUNDO	JARDIM NOVO MUNDO (4)	Todas as variantes pertencem à mesma família
74710100	4	SEGURO	JARDIM NOVO MUNDO	JARDIM NOVO MUNDO (3) | Jardim Novo Mundo (1)	Todas as variantes pertencem à mesma família
74710110	9	REVISAR	JARDIM NOVO MUNDO	JARDIM NOVO MUNDO (7) | Jardim Novo Mundo (1) || JARDIM EMANUELE (1)	Há família dominante, porém sem segurança suficiente para alteração automática
74710120	4	SEGURO	JARDIM NOVO MUNDO	JARDIM NOVO MUNDO (3) | Jardim Novo Mundo (1)	Todas as variantes pertencem à mesma família
74710130	8	SEGURO	JARDIM NOVO MUNDO	JARDIM NOVO MUNDO (7) | Jardim Novo Mundo (1)	Todas as variantes pertencem à mesma família
74710140	3	SEGURO	JARDIM NOVO MUNDO	JARDIM NOVO MUNDO (2) | Jardim Novo Mundo (1)	Todas as variantes pertencem à mesma família
74710160	4	BLOQUEADO		JARDIM NOVO MUNDO (3) || VILA MARIA LUIZA (1)	CEP possui famílias de bairros estruturalmente distintas
74710170	1	SEGURO	Jardim Novo Mundo	Jardim Novo Mundo (1)	Todas as variantes pertencem à mesma família
74710180	1	SEGURO	JARDIM NOVO MUNDO	JARDIM NOVO MUNDO (1)	Todas as variantes pertencem à mesma família
74710200	7	SEGURO	JARDIM NOVO MUNDO	JARDIM NOVO MUNDO (7)	Todas as variantes pertencem à mesma família
74710210	2	SEGURO	JARDIM NOVO MUNDO	JARDIM NOVO MUNDO (2)	Todas as variantes pertencem à mesma família
74710220	2	SEGURO	JARDIM NOVO MUNDO	JARDIM NOVO MUNDO (2)	Todas as variantes pertencem à mesma família
74710230	2	SEGURO	JARDIM NOVO MUNDO	JARDIM NOVO MUNDO (2)	Todas as variantes pertencem à mesma família
74710240	13	SEGURO	JARDIM NOVO MUNDO	JARDIM NOVO MUNDO (11) | JARDIM  NOVO MUNDO (1) | Jardim Novo Mundo (1)	Todas as variantes pertencem à mesma família
74710250	2	SEGURO	JARDIM NOVO MUNDO	JARDIM NOVO MUNDO (2)	Todas as variantes pertencem à mesma família
74710260	115	REVISAR	JARDIM NOVO MUNDO	JARDIM NOVO MUNDO (106) | Jardim Novo Mundo (5) || JARDIM NOVO MUNDO 3 (1) || RESID. EMANUELLI / JARDIM NOVO MUNDO (1) || JARDIM EMANUELI (1) || JD. EMANUELLE / NOVO MUNDO (1)	Família dominante identificada, mas existem famílias distintas no mesmo CEP
74710263	1	SEGURO	JARDIM NOVO MUNDO	JARDIM NOVO MUNDO (1)	Todas as variantes pertencem à mesma família
74710264	1	SEGURO	JARDIM NOVO MUNDO	JARDIM NOVO MUNDO (1)	Todas as variantes pertencem à mesma família
74710265	1	SEGURO	JARDIM NOVO MUNDO	JARDIM NOVO MUNDO (1)	Todas as variantes pertencem à mesma família
74710267	3	SEGURO	JARDIM NOVO MUNDO	JARDIM NOVO MUNDO (3)	Todas as variantes pertencem à mesma família
74710268	1	SEGURO	Jardim novo mundo	Jardim novo mundo (1)	Todas as variantes pertencem à mesma família
74710302	1	SEGURO	JARDIM NOVO MUNDO	JARDIM NOVO MUNDO (1)	Todas as variantes pertencem à mesma família
74710304	2	SEGURO	JARDIM NOVO MUNDO	JARDIM NOVO MUNDO (2)	Todas as variantes pertencem à mesma família
74710320	4	SEGURO	JARDIM NOVO MUNDO	JARDIM NOVO MUNDO (4)	Todas as variantes pertencem à mesma família
74710360	15	SEGURO	JARDIM NOVO MUNDO	JARDIM NOVO MUNDO (11) | Jardim Novo Mundo (3) | JARDIM  NOVO MUNDO (1)	Todas as variantes pertencem à mesma família
74710370	1	SEGURO	Jardim Novo Mundo	Jardim Novo Mundo (1)	Todas as variantes pertencem à mesma família
74710375	1	SEGURO	Jardim Novo Mundo	Jardim Novo Mundo (1)	Todas as variantes pertencem à mesma família
74710380	6	SEGURO	JARDIM NOVO MUNDO	JARDIM NOVO MUNDO (6)	Todas as variantes pertencem à mesma família
74710400	8	SEGURO	JARDIM NOVO MUNDO	JARDIM NOVO MUNDO (7) | Jardim Novo Mundo (1)	Todas as variantes pertencem à mesma família
74710420	1	SEGURO	JARDIM NOVO MUNDO	JARDIM NOVO MUNDO (1)	Todas as variantes pertencem à mesma família
74710430	1	SEGURO	Jardim Novo Mundo	Jardim Novo Mundo (1)	Todas as variantes pertencem à mesma família
74710450	2	SEGURO	JARDIM NOVO MUNDO	JARDIM NOVO MUNDO (1) | Jardim Novo Mundo (1)	Todas as variantes pertencem à mesma família
74710460	1	SEGURO	JARDIM NOVO MUNDO	JARDIM NOVO MUNDO (1)	Todas as variantes pertencem à mesma família
74710470	7	SEGURO	JARDIM NOVO MUNDO	JARDIM NOVO MUNDO (7)	Todas as variantes pertencem à mesma família
74711010	2	SEGURO	VILA BANDEIRANTES	VILA BANDEIRANTES (2)	Todas as variantes pertencem à mesma família
74711020	3	BLOQUEADO		VILA BANDEIRANTE (2) || JARDIM NOVO MUNDO (1)	CEP possui famílias de bairros estruturalmente distintas
74711040	1	SEGURO	JARDIM NOVO MUNDO	JARDIM NOVO MUNDO (1)	Todas as variantes pertencem à mesma família
74711507	1	SEGURO	ÁGUA BRANCA	ÁGUA BRANCA (1)	Todas as variantes pertencem à mesma família
74713080	1	SEGURO	VILA ROMANA	VILA ROMANA (1)	Todas as variantes pertencem à mesma família
74713110	1	SEGURO	JARDIM NOVO MUNDO	JARDIM NOVO MUNDO (1)	Todas as variantes pertencem à mesma família
74713189	1	SEGURO	JARDIM NOVO MUNDO	JARDIM NOVO MUNDO (1)	Todas as variantes pertencem à mesma família
74713190	2	SEGURO	JARDIM NOVO MUNDO	JARDIM NOVO MUNDO (2)	Todas as variantes pertencem à mesma família
74713200	8	SEGURO	JARDIM NOVO MUNDO	JARDIM NOVO MUNDO (8)	Todas as variantes pertencem à mesma família
74713210	17	SEGURO	JARDIM NOVO MUNDO	JARDIM NOVO MUNDO (16) | Jardim Novo Mundo (1)	Todas as variantes pertencem à mesma família
74713240	5	SEGURO	JARDIM NOVO MUNDO	JARDIM NOVO MUNDO (4) | Jardim Novo Mundo (1)	Todas as variantes pertencem à mesma família
74713250	8	SEGURO	JARDIM NOVO MUNDO	JARDIM NOVO MUNDO (6) | Jardim Novo Mundo (2)	Todas as variantes pertencem à mesma família
74713280	6	SEGURO	JARDIM NOVO MUNDO	JARDIM NOVO MUNDO (6)	Todas as variantes pertencem à mesma família
74713290	2	SEGURO	JARDIM NOVO MUNDO	JARDIM NOVO MUNDO (1) | Jardim Novo Mundo (1)	Todas as variantes pertencem à mesma família
74713300	1	SEGURO	JARDIM NOVO MUNDO	JARDIM NOVO MUNDO (1)	Todas as variantes pertencem à mesma família
74713330	3	SEGURO	JARDIM NOVO MUNDO	JARDIM NOVO MUNDO (2) | Jardim Novo Mundo (1)	Todas as variantes pertencem à mesma família
74713360	1	SEGURO	JARDIM NOVO MUNDO	JARDIM NOVO MUNDO (1)	Todas as variantes pertencem à mesma família
74713380	3	SEGURO	JARDIM NOVO MUNDO	JARDIM NOVO MUNDO (3)	Todas as variantes pertencem à mesma família
74713390	1	SEGURO	JARDIM NOVO MUNDO	JARDIM NOVO MUNDO (1)	Todas as variantes pertencem à mesma família
74713420	6	SEGURO	JARDIM NOVO MUNDO	JARDIM NOVO MUNDO (6)	Todas as variantes pertencem à mesma família
74713440	7	REVISAR	JARDIM NOVO MUNDO	JARDIM NOVO MUNDO (5) | Jardim Novo Mundo (1) || RESIDENCIAL JARDIM EMANUELE (1)	Há família dominante, porém sem segurança suficiente para alteração automática
74715010	5	SEGURO	JARDIM NOVO MUNDO	JARDIM NOVO MUNDO (5)	Todas as variantes pertencem à mesma família
74715020	1	SEGURO	JARDIM NOVO MUNDO	JARDIM NOVO MUNDO (1)	Todas as variantes pertencem à mesma família
74715040	7	SEGURO	JARDIM NOVO MUNDO	JARDIM NOVO MUNDO (5) | Jardim Novo Mundo (2)	Todas as variantes pertencem à mesma família
74715060	2	SEGURO	JARDIM NOVO MUNDO	JARDIM NOVO MUNDO (2)	Todas as variantes pertencem à mesma família
74715070	1	SEGURO	Jardim Novo Mundo	Jardim Novo Mundo (1)	Todas as variantes pertencem à mesma família
74715080	5	SEGURO	JARDIM NOVO MUNDO	JARDIM NOVO MUNDO (4) | Jardim Novo Mundo (1)	Todas as variantes pertencem à mesma família
74715100	1	SEGURO	JARDIM NOVO MUNDO	JARDIM NOVO MUNDO (1)	Todas as variantes pertencem à mesma família
74715110	1	SEGURO	JARDIM NOVO MUNDO	JARDIM NOVO MUNDO (1)	Todas as variantes pertencem à mesma família
74715120	1	SEGURO	JARDIM NOVO MUNDO	JARDIM NOVO MUNDO (1)	Todas as variantes pertencem à mesma família
74715130	1	SEGURO	JARDIM NOVO MUNDO	JARDIM NOVO MUNDO (1)	Todas as variantes pertencem à mesma família
74715140	5	SEGURO	JARDIM NOVO MUNDO	JARDIM NOVO MUNDO (4) | Jardim Novo Mundo (1)	Todas as variantes pertencem à mesma família
74715160	10	SEGURO	JARDIM NOVO MUNDO	JARDIM NOVO MUNDO (7) | Jardim Novo Mundo (3)	Todas as variantes pertencem à mesma família
74715170	1	SEGURO	JARDIM NOVO MUNDO	JARDIM NOVO MUNDO (1)	Todas as variantes pertencem à mesma família
74715190	1	SEGURO	JARDIM CALIFORNIA	JARDIM CALIFORNIA (1)	Todas as variantes pertencem à mesma família
74715200	1	SEGURO	Jardim Novo Mundo	Jardim Novo Mundo (1)	Todas as variantes pertencem à mesma família
74715210	4	SEGURO	JARDIM NOVO MUNDO	JARDIM NOVO MUNDO (3) | Jardim Novo Mundo (1)	Todas as variantes pertencem à mesma família
74715230	3	SEGURO	JARDIM NOVO MUNDO	JARDIM NOVO MUNDO (2) | Jardim Novo Mundo (1)	Todas as variantes pertencem à mesma família
74715240	2	SEGURO	JARDIM NOVO MUNDO	JARDIM NOVO MUNDO (1) | Jardim Novo Mundo (1)	Todas as variantes pertencem à mesma família
74715250	2	SEGURO	JARDIM NOVO MUNDO	JARDIM NOVO MUNDO (2)	Todas as variantes pertencem à mesma família
74715260	8	SEGURO	JARDIM NOVO MUNDO	JARDIM NOVO MUNDO (7) | Jardim Novo Mundo (1)	Todas as variantes pertencem à mesma família
74715270	4	SEGURO	JARDIM NOVO MUNDO	JARDIM NOVO MUNDO (2) | Jardim Novo Mundo (2)	Todas as variantes pertencem à mesma família
74715280	3	SEGURO	JARDIM NOVO MUNDO	JARDIM NOVO MUNDO (3)	Todas as variantes pertencem à mesma família
74715300	1	SEGURO	JARDIM NOVO MUNDO	JARDIM NOVO MUNDO (1)	Todas as variantes pertencem à mesma família
74715310	1	SEGURO	Jardim Novo Mundo	Jardim Novo Mundo (1)	Todas as variantes pertencem à mesma família
74715320	1	SEGURO	JARDIM NOVO MUNDO	JARDIM NOVO MUNDO (1)	Todas as variantes pertencem à mesma família
74715340	2	SEGURO	JARDIM NOVO MUNDO	JARDIM NOVO MUNDO (2)	Todas as variantes pertencem à mesma família
74715370	1	SEGURO	JARDIM NOVO MUNDO	JARDIM NOVO MUNDO (1)	Todas as variantes pertencem à mesma família
74715380	6	SEGURO	JARDIM NOVO MUNDO	JARDIM NOVO MUNDO (6)	Todas as variantes pertencem à mesma família
74715400	5	SEGURO	JARDIM NOVO MUNDO	JARDIM NOVO MUNDO (5)	Todas as variantes pertencem à mesma família
74715410	1	SEGURO	JARDIM NOVO MUNDO	JARDIM NOVO MUNDO (1)	Todas as variantes pertencem à mesma família
74715415	1	SEGURO	JARDIM NOVO MUNDO	JARDIM NOVO MUNDO (1)	Todas as variantes pertencem à mesma família
74715420	1	SEGURO	JARDIM NOVO MUNDO	JARDIM NOVO MUNDO (1)	Todas as variantes pertencem à mesma família
74715430	2	SEGURO	JARDIM NOVO MUNDO	JARDIM NOVO MUNDO (2)	Todas as variantes pertencem à mesma família
74715440	2	SEGURO	JARDIM NOVO MUNDO	JARDIM NOVO MUNDO (1) | Jardim Novo Mundo (1)	Todas as variantes pertencem à mesma família
74715450	1	SEGURO	Jardim Novo Mundo	Jardim Novo Mundo (1)	Todas as variantes pertencem à mesma família
74715470	1	SEGURO	JARDIM NOVO MUNDO	JARDIM NOVO MUNDO (1)	Todas as variantes pertencem à mesma família
74715480	2	SEGURO	JARDIM NOVO MUNDO	JARDIM NOVO MUNDO (2)	Todas as variantes pertencem à mesma família
74715490	2	SEGURO	JARDIM NOVO MUNDO	JARDIM NOVO MUNDO (2)	Todas as variantes pertencem à mesma família
74715500	1	SEGURO	JARDIM NOVO MUNDO	JARDIM NOVO MUNDO (1)	Todas as variantes pertencem à mesma família
74715550	7	SEGURO	JARDIM NOVO MUNDO	JARDIM NOVO MUNDO (4) | Jardim Novo Mundo (3)	Todas as variantes pertencem à mesma família
74715560	1	SEGURO	JARDIM NOVO MUNDO	JARDIM NOVO MUNDO (1)	Todas as variantes pertencem à mesma família
74715580	2	SEGURO	JARDIM NOVO MUNDO	JARDIM NOVO MUNDO (2)	Todas as variantes pertencem à mesma família
74715590	9	SEGURO	JARDIM NOVO MUNDO	JARDIM NOVO MUNDO (6) | Jardim Novo Mundo (3)	Todas as variantes pertencem à mesma família
74715640	1	SEGURO	Jardim Novo Mundo	Jardim Novo Mundo (1)	Todas as variantes pertencem à mesma família
74720140	3	SEGURO	VILA MARIA LUIZA	VILA MARIA LUIZA (3)	Todas as variantes pertencem à mesma família
74720160	2	SEGURO	VILA MARIA LUIZA	VILA MARIA LUIZA (2)	Todas as variantes pertencem à mesma família
74720170	1	SEGURO	VILA MARIA LUIZ	VILA MARIA LUIZ (1)	Todas as variantes pertencem à mesma família
74720180	2	SEGURO	VILA MARIA LUIZA	VILA MARIA LUIZA (2)	Todas as variantes pertencem à mesma família
74720200	5	BLOQUEADO		VILA MARIA LUIZA (4) || MARIA LUIZA (1)	CEP possui famílias de bairros estruturalmente distintas
74720210	4	SEGURO	VILA MARIA LUIZA	VILA MARIA LUIZA (3) | Vila Maria Luiza (1)	Todas as variantes pertencem à mesma família
74720220	1	SEGURO	VILA MARIA LUIZA	VILA MARIA LUIZA (1)	Todas as variantes pertencem à mesma família
74720240	2	SEGURO	VILA MARIA LUIZA	VILA MARIA LUIZA (2)	Todas as variantes pertencem à mesma família
74720250	3	SEGURO	VILA MARIA LUIZA	VILA MARIA LUIZA (3)	Todas as variantes pertencem à mesma família
74720260	5	SEGURO	VILA MARIA LUIZA	VILA MARIA LUIZA (4) | Vila Maria Luiza (1)	Todas as variantes pertencem à mesma família
74720280	5	SEGURO	VILA MARIA LUIZA	VILA MARIA LUIZA (5)	Todas as variantes pertencem à mesma família
74723010	3	SEGURO	ÁGUA BRANCA	ÁGUA BRANCA (3)	Todas as variantes pertencem à mesma família
74723035	1	SEGURO	JARDIM NOVO MUNDO	JARDIM NOVO MUNDO (1)	Todas as variantes pertencem à mesma família
74723060	1	SEGURO	AGUA BRANCA	AGUA BRANCA (1)	Todas as variantes pertencem à mesma família
74723100	2	BLOQUEADO		JARDIM BRASIL (1) || ÁGUA BRANCA (1)	CEP possui famílias de bairros estruturalmente distintas
74723110	2	SEGURO	AGUA BRANCA	AGUA BRANCA (1) | ÁGUA BRANCA (1)	Todas as variantes pertencem à mesma família
74723150	1	SEGURO	Água Branca	Água Branca (1)	Todas as variantes pertencem à mesma família
74723180	1	SEGURO	ÁGUA BRANCA	ÁGUA BRANCA (1)	Todas as variantes pertencem à mesma família
74723190	1	SEGURO	ÁGUA BRANCA	ÁGUA BRANCA (1)	Todas as variantes pertencem à mesma família
74723200	3	SEGURO	ÁGUA BRANCA	ÁGUA BRANCA (3)	Todas as variantes pertencem à mesma família
74723210	1	SEGURO	AGUA BRANCA	AGUA BRANCA (1)	Todas as variantes pertencem à mesma família
74723230	2	SEGURO	ÁGUA BRANCA	ÁGUA BRANCA (1) | Água Branca (1)	Todas as variantes pertencem à mesma família
74723240	1	SEGURO	ÁGUA BRANCA	ÁGUA BRANCA (1)	Todas as variantes pertencem à mesma família
74723270	1	SEGURO	ÁGUA BRANCA	ÁGUA BRANCA (1)	Todas as variantes pertencem à mesma família
74723280	1	SEGURO	AGUA BRANCA	AGUA BRANCA (1)	Todas as variantes pertencem à mesma família
74723290	9	SEGURO	ÁGUA BRANCA	ÁGUA BRANCA (6) | AGUA BRANCA (2) | Água Branca (1)	Todas as variantes pertencem à mesma família
74723300	3	SEGURO	ÁGUA BRANCA	ÁGUA BRANCA (2) | AGUA BRANCA (1)	Todas as variantes pertencem à mesma família
74723310	1	SEGURO	ÁGUA BRANCA	ÁGUA BRANCA (1)	Todas as variantes pertencem à mesma família
74723330	3	SEGURO	ÁGUA BRANCA	ÁGUA BRANCA (2) | AGUA BRANCA (1)	Todas as variantes pertencem à mesma família
74723350	2	SEGURO	AGUA BRANCA	AGUA BRANCA (1) | ÁGUA BRANCA (1)	Todas as variantes pertencem à mesma família
74730110	1	SEGURO	CONJUNTO RIVIERA	CONJUNTO RIVIERA (1)	Todas as variantes pertencem à mesma família
74730120	3	SEGURO	Conjunto Riviera	Conjunto Riviera (2) | CONJUNTO RIVIERA (1)	Todas as variantes pertencem à mesma família
74730130	1	SEGURO	Conjunto Riviera	Conjunto Riviera (1)	Todas as variantes pertencem à mesma família
74730140	2	BLOQUEADO		CONJUNTO RIVIEIRA (1) || CONJUNTO RIVIERA (1)	CEP possui famílias de bairros estruturalmente distintas
74730150	1	SEGURO	CONJUNTO RIVIERA	CONJUNTO RIVIERA (1)	Todas as variantes pertencem à mesma família
74730200	1	SEGURO	CONJUNTO RIVIERA	CONJUNTO RIVIERA (1)	Todas as variantes pertencem à mesma família
74730210	1	SEGURO	Conjunto Riviera	Conjunto Riviera (1)	Todas as variantes pertencem à mesma família
74730250	2	SEGURO	CONJUNTO RIVIERA	CONJUNTO RIVIERA (1) | Conjunto Riviera (1)	Todas as variantes pertencem à mesma família
74730270	2	SEGURO	CONJUNTO RIVIERA	CONJUNTO RIVIERA (2)	Todas as variantes pertencem à mesma família
74730280	1	SEGURO	CONJUNTO RIVIERA	CONJUNTO RIVIERA (1)	Todas as variantes pertencem à mesma família
74730290	1	SEGURO	CONJUNTO RIVIERA	CONJUNTO RIVIERA (1)	Todas as variantes pertencem à mesma família
74730320	2	SEGURO	Jardim Brasil	Jardim Brasil (1) | JARDIM BRASIL (1)	Todas as variantes pertencem à mesma família
74730330	1	SEGURO	JARDIM BRASIL	JARDIM BRASIL (1)	Todas as variantes pertencem à mesma família
74730350	1	SEGURO	JARDIM BRASIL	JARDIM BRASIL (1)	Todas as variantes pertencem à mesma família
74730360	2	SEGURO	JARDIM BRASIL	JARDIM BRASIL (1) | Jardim Brasil (1)	Todas as variantes pertencem à mesma família
74730370	2	SEGURO	JARDIM BRASIL	JARDIM BRASIL (2)	Todas as variantes pertencem à mesma família
74730420	1	SEGURO	JARDIM BRASIL	JARDIM BRASIL (1)	Todas as variantes pertencem à mesma família
74730435	1	SEGURO	JARDIM BRASIL	JARDIM BRASIL (1)	Todas as variantes pertencem à mesma família
74730440	3	SEGURO	JARDIM BRASIL	JARDIM BRASIL (2) | Jardim Brasil (1)	Todas as variantes pertencem à mesma família
74730460	2	SEGURO	JARDIM BRASIL	JARDIM BRASIL (1) | Jardim Brasil (1)	Todas as variantes pertencem à mesma família
74730500	1	SEGURO	SONHO VERDE	SONHO VERDE (1)	Todas as variantes pertencem à mesma família
74730505	1	SEGURO	SONHO VERDE	SONHO VERDE (1)	Todas as variantes pertencem à mesma família
74730510	1	SEGURO	RESIDENCIAL SONHO VERDE	RESIDENCIAL SONHO VERDE (1)	Todas as variantes pertencem à mesma família
74730520	3	SEGURO	RESIDENCIAL SONHO VERDE	RESIDENCIAL SONHO VERDE (2) | Residencial Sonho Verde (1)	Todas as variantes pertencem à mesma família
74730535	2	SEGURO	Residencial Sonho Verde	Residencial Sonho Verde (2)	Todas as variantes pertencem à mesma família
74730560	1	SEGURO	Residencial Sonho Verde	Residencial Sonho Verde (1)	Todas as variantes pertencem à mesma família
74734080	1	SEGURO	JARDIM CALIFORNIA	JARDIM CALIFORNIA (1)	Todas as variantes pertencem à mesma família
74735010	4	SEGURO	JARDIM CALIFÓRNIA	JARDIM CALIFÓRNIA (2) | JARDIM CALIFORNIA (1) | Jardim Califórnia (1)	Todas as variantes pertencem à mesma família
74735020	1	SEGURO	Jardim Califórnia	Jardim Califórnia (1)	Todas as variantes pertencem à mesma família
74735060	1	SEGURO	JARDIM CALIFÓRNIA	JARDIM CALIFÓRNIA (1)	Todas as variantes pertencem à mesma família
74735080	6	SEGURO	JARDIM CALIFÓRNIA	JARDIM CALIFÓRNIA (4) | JARDIM CALIFORNIA (1) | Jardim Califórnia (1)	Todas as variantes pertencem à mesma família
74735100	1	SEGURO	JARDIM CALIFÓRNIA	JARDIM CALIFÓRNIA (1)	Todas as variantes pertencem à mesma família
74735110	2	SEGURO	JARDIM CALIFORNIA	JARDIM CALIFORNIA (1) | JARDIM CALIFÓRNIA (1)	Todas as variantes pertencem à mesma família
74735130	1	SEGURO	JARDIM CALIFÓRNIA	JARDIM CALIFÓRNIA (1)	Todas as variantes pertencem à mesma família
74735150	4	SEGURO	JARDIM CALIFÓRNIA	JARDIM CALIFÓRNIA (3) | Jardim Califórnia (1)	Todas as variantes pertencem à mesma família
74735170	4	SEGURO	JARDIM CALIFÓRNIA	JARDIM CALIFÓRNIA (2) | Jardim Califórnia (2)	Todas as variantes pertencem à mesma família
74735190	1	SEGURO	Jardim Califórnia	Jardim Califórnia (1)	Todas as variantes pertencem à mesma família
74735320	1	SEGURO	RESIDENCIAL OLINDA	RESIDENCIAL OLINDA (1)	Todas as variantes pertencem à mesma família
74735340	1	SEGURO	Residencial Olinda	Residencial Olinda (1)	Todas as variantes pertencem à mesma família
74735360	1	SEGURO	Residencial Olinda	Residencial Olinda (1)	Todas as variantes pertencem à mesma família
74735370	2	SEGURO	RESIDENCIAL OLINDA	RESIDENCIAL OLINDA (2)	Todas as variantes pertencem à mesma família
74735400	4	SEGURO	RESIDENCIAL OLINDA	RESIDENCIAL OLINDA (4)	Todas as variantes pertencem à mesma família
74735410	1	SEGURO	RESIDENCIAL OLINDA	RESIDENCIAL OLINDA (1)	Todas as variantes pertencem à mesma família
74735440	1	SEGURO	RESIDENCIAL OLINDA	RESIDENCIAL OLINDA (1)	Todas as variantes pertencem à mesma família
74735465	1	SEGURO	RESIDENCIAL VALE DO ARAGUIA	RESIDENCIAL VALE DO ARAGUIA (1)	Todas as variantes pertencem à mesma família
74735500	2	SEGURO	RESIDENCIAL VALE DO ARAGUAIA	RESIDENCIAL VALE DO ARAGUAIA (2)	Todas as variantes pertencem à mesma família
74735525	1	SEGURO	RESIDENCIAL VALE DO ARAGUAIA	RESIDENCIAL VALE DO ARAGUAIA (1)	Todas as variantes pertencem à mesma família
74735545	1	SEGURO	RESIDENCIAL VALE DO ARAGUAIA	RESIDENCIAL VALE DO ARAGUAIA (1)	Todas as variantes pertencem à mesma família
74735560	1	SEGURO	Residencial Vale do Araguaia	Residencial Vale do Araguaia (1)	Todas as variantes pertencem à mesma família
74735586	1	SEGURO	Residencial Vale do Araguaia	Residencial Vale do Araguaia (1)	Todas as variantes pertencem à mesma família
74735590	1	SEGURO	RESIDENCIAL VALE DO ARAGUAIA	RESIDENCIAL VALE DO ARAGUAIA (1)	Todas as variantes pertencem à mesma família
74735651	1	SEGURO	VILA MARTINS EXTENSÃO	VILA MARTINS EXTENSÃO (1)	Todas as variantes pertencem à mesma família
74735658	1	SEGURO	VILA MARTINS EXTENSÃO	VILA MARTINS EXTENSÃO (1)	Todas as variantes pertencem à mesma família
74740100	1	SEGURO	CONJUNTO ARUANA I	CONJUNTO ARUANA I (1)	Todas as variantes pertencem à mesma família
74740180	2	BLOQUEADO		CONJUNTO ARUANA I (1) || CONJUNTO RESIDENCIAL ARUANÃ I (1)	CEP possui famílias de bairros estruturalmente distintas
74740200	1	SEGURO	CONJUNTO RESIDENCIAL ARUANÃ I	CONJUNTO RESIDENCIAL ARUANÃ I (1)	Todas as variantes pertencem à mesma família
74740250	1	SEGURO	CONJUNTO ARUANA I	CONJUNTO ARUANA I (1)	Todas as variantes pertencem à mesma família
74740280	1	SEGURO	ARUANÃ PARK	ARUANÃ PARK (1)	Todas as variantes pertencem à mesma família
74740310	1	SEGURO	Conjunto Residencial Aruanã II	Conjunto Residencial Aruanã II (1)	Todas as variantes pertencem à mesma família
74740350	1	SEGURO	VALE DO ARAGUAIA	VALE DO ARAGUAIA (1)	Todas as variantes pertencem à mesma família
74740440	2	BLOQUEADO		CONJUNTO RESIDENCIAL ARUANÃ III (1) || RESIDENCIAL ARUANÃ III (1)	CEP possui famílias de bairros estruturalmente distintas
74740510	4	SEGURO	PARQUE SANTA MARIA	PARQUE SANTA MARIA (3) | Parque Santa Maria (1)	Todas as variantes pertencem à mesma família
74740520	3	SEGURO	JARDIM BRASIL	JARDIM BRASIL (3)	Todas as variantes pertencem à mesma família
74740530	2	SEGURO	Jardim Brasil	Jardim Brasil (2)	Todas as variantes pertencem à mesma família
74740545	1	SEGURO	JARDIM BRASIL	JARDIM BRASIL (1)	Todas as variantes pertencem à mesma família
74740550	1	SEGURO	Jardim Brasil	Jardim Brasil (1)	Todas as variantes pertencem à mesma família
74740570	1	SEGURO	JARDIM BRASIL	JARDIM BRASIL (1)	Todas as variantes pertencem à mesma família
74740623	1	SEGURO	ARUANÃ PARK	ARUANÃ PARK (1)	Todas as variantes pertencem à mesma família
74740625	1	SEGURO	Loteamento Aruanã Park	Loteamento Aruanã Park (1)	Todas as variantes pertencem à mesma família
74740740	1	SEGURO	SETOR SAO JOSE	SETOR SAO JOSE (1)	Todas as variantes pertencem à mesma família
74743530	2	SEGURO	VILA MUTIRÃO	VILA MUTIRÃO (2)	Todas as variantes pertencem à mesma família
74744004	1	SEGURO	JARDIM COLORADO	JARDIM COLORADO (1)	Todas as variantes pertencem à mesma família
74744083	1	SEGURO	SÃO CARLOS	SÃO CARLOS (1)	Todas as variantes pertencem à mesma família
74746455	1	SEGURO	JARDIM COLORADO	JARDIM COLORADO (1)	Todas as variantes pertencem à mesma família
74747011	1	SEGURO	JARDIM COLORADO	JARDIM COLORADO (1)	Todas as variantes pertencem à mesma família
74750490	1	SEGURO	CAPUAVA	CAPUAVA (1)	Todas as variantes pertencem à mesma família
74769765	1	SEGURO	JARDIM NOVO MUNDO	JARDIM NOVO MUNDO (1)	Todas as variantes pertencem à mesma família
74770304	1	SEGURO	VILA CONCÓRDIA	VILA CONCÓRDIA (1)	Todas as variantes pertencem à mesma família
74771514	1	SEGURO	JARDIM NOVO MUNDO	JARDIM NOVO MUNDO (1)	Todas as variantes pertencem à mesma família
74785590	1	SEGURO	SETOR RECANTO DAS MINAS GERAIS	SETOR RECANTO DAS MINAS GERAIS (1)	Todas as variantes pertencem à mesma família
74805100	12	BLOQUEADO		JARDIM NOVA ESPERANÇA (3) || JARDIM NOVO MUNDO (3) || VILA MUTIRÃO (1) | VILA MUTIRAO (1) || RESIDENCIAL FORTALEZA (1) || ALBINO BOAVENTURA (1) || JARDIM CURITIBA IV (1) || CAPUAVA (1)	CEP possui famílias de bairros estruturalmente distintas
74805180	2	BLOQUEADO		JARDIM VISTA BELA (1) || JARDIM NOVO MUNDO (1)	CEP possui famílias de bairros estruturalmente distintas
74810030	1	SEGURO	JARDIM GOIÁS	JARDIM GOIÁS (1)	Todas as variantes pertencem à mesma família
74810150	1	SEGURO	AGUA BRANCA	AGUA BRANCA (1)	Todas as variantes pertencem à mesma família
74850580	2	BLOQUEADO		VALE DOS CARAIBAS (1) || PARQUE TREMENDÃO (1)	CEP possui famílias de bairros estruturalmente distintas
74860036	1	SEGURO	JARDIM VISTA BELA	JARDIM VISTA BELA (1)	Todas as variantes pertencem à mesma família
74860470	1	SEGURO	JARDIM VISTA BELA	JARDIM VISTA BELA (1)	Todas as variantes pertencem à mesma família
74885532	1	SEGURO	BAIRRO DA VITÓRIA	BAIRRO DA VITÓRIA (1)	Todas as variantes pertencem à mesma família
74885580	1	SEGURO	BAIRRO DA VITÓRIA	BAIRRO DA VITÓRIA (1)	Todas as variantes pertencem à mesma família
74911430	1	SEGURO	Vila Brasília	Vila Brasília (1)	Todas as variantes pertencem à mesma família
74916040	1	SEGURO	JARDIM NOVA ESPERANÇA	JARDIM NOVA ESPERANÇA (1)	Todas as variantes pertencem à mesma família
74944540	1	SEGURO	JARDIM BURITI SERENO	JARDIM BURITI SERENO (1)	Todas as variantes pertencem à mesma família
74980110	1	SEGURO	JARDIM NOVA ESPERANÇA	JARDIM NOVA ESPERANÇA (1)	Todas as variantes pertencem à mesma família
75000000	6	BLOQUEADO		JARDIM NOVA ESPERANÇA (3) || SÃO CARLOS (1) || JARDIM LIBERDADE (1) || 14 BIS (1)	CEP possui famílias de bairros estruturalmente distintas
75255430	1	SEGURO	JARDIM NOVO MUNDO	JARDIM NOVO MUNDO (1)	Todas as variantes pertencem à mesma família
75255830	1	SEGURO	JARDIM LIBERDADE	JARDIM LIBERDADE (1)	Todas as variantes pertencem à mesma família
75475575	1	SEGURO	JARDIM LIBERDADE	JARDIM LIBERDADE (1)	Todas as variantes pertencem à mesma família
75555554	1	SEGURO	ALBINO BOAVENTURA	ALBINO BOAVENTURA (1)	Todas as variantes pertencem à mesma família
75580800	1	SEGURO	RESIDENCIAL ITAMARACA	RESIDENCIAL ITAMARACA (1)	Todas as variantes pertencem à mesma família
75583100	1	SEGURO	MARIA DILCE	MARIA DILCE (1)	Todas as variantes pertencem à mesma família
75712460	2	BLOQUEADO		VILA SÃO JOSÉ (1) || SETOR SAO JOSE (1)	CEP possui famílias de bairros estruturalmente distintas
76465300	1	SEGURO	JARDIM NOVA ESPERANCA	JARDIM NOVA ESPERANCA (1)	Todas as variantes pertencem à mesma família
76630000	1	SEGURO	JARDIM CABRAL	JARDIM CABRAL (1)	Todas as variantes pertencem à mesma família
77447702	1	SEGURO	BAIRRO DA VITORIA	BAIRRO DA VITORIA (1)	Todas as variantes pertencem à mesma família
77465170	1	SEGURO	JARDIM NOVA ESPERANÇA	JARDIM NOVA ESPERANÇA (1)	Todas as variantes pertencem à mesma família
77710200	1	SEGURO	JARDIM NOVO MUNDO	JARDIM NOVO MUNDO (1)	Todas as variantes pertencem à mesma família
78805180	1	SEGURO	JARDIM NOVA ESPERANÇA	JARDIM NOVA ESPERANÇA (1)	Todas as variantes pertencem à mesma família
88370888	1	SEGURO	NAVEGANTES SC	NAVEGANTES SC (1)	Todas as variantes pertencem à mesma família
92265185	1	SEGURO	VILA JOAO VAZ	VILA JOAO VAZ (1)	Todas as variantes pertencem à mesma família
92990000	1	SEGURO	INDUSTRIAL	INDUSTRIAL (1)	Todas as variantes pertencem à mesma família
