cep	status	bairro_sugerido	bairro_principal_original	clientes_total	clientes_principal	clientes_a_alterar	percentual_principal	familias	variacoes
03387020	SEGURO	JARDIM COLORADO	JARDIM COLORADO	1	1	0	100.0	1	JARDIM COLORADO (1)
12174465	SEGURO	JARDIM NOVA ESPERANCA	JARDIM NOVA ESPERANÇA	1	1	0	100.0	1	JARDIM NOVA ESPERANÇA (1)
12929662	SEGURO	VILA MARIA JOSE	VILA MARIA JOSÉ	1	1	0	100.0	1	VILA MARIA JOSÉ (1)
14580535	SEGURO	PROGRESSO	SETOR PROGRESSO	1	1	0	100.0	1	SETOR PROGRESSO (1)
47744120	SEGURO	JARDIM DAS HORTENCIAS	JARDIM DAS HORTENCIAS	1	1	0	100.0	1	JARDIM DAS HORTENCIAS (1)
49980000	SEGURO	CENTRO	CENTRO	1	1	0	100.0	1	CENTRO (1)
53401010	SEGURO	CENTRO	Centro	1	1	0	100.0	1	Centro (1)
55192110	SEGURO	CENTRO	CENTRO	2	1	1	100.0	1	CENTRO (1) | Centro (1)
57200000	BLOQUEADO	CENTRO	CENTRO	3	1	2	66.67	2	CENTRO (1) | Centro (1) | DOM COSTANTINO (1)
62993713	SEGURO	JARDIM NOVA ESPERANCA	JARDIM NOVA ESPERANÇA	1	1	0	100.0	1	JARDIM NOVA ESPERANÇA (1)
66147446	SEGURO	NOROESTE	SETOR NOROESTE	1	1	0	100.0	1	SETOR NOROESTE (1)
69074660	SEGURO	JARDIM LIBERDADE	JARDIM LIBERDADE	1	1	0	100.0	1	JARDIM LIBERDADE (1)
70000000	BLOQUEADO	JARDIM COLORADO	JARDIM COLORADO	12	2	10	16.67	10	JARDIM COLORADO (2) | JARDIM DAS HORTENCIAS (1) | JARDIM HELLOU (1) | JARDIM NOVO MUNDO (1) | MORADA DO SOL (1) | SETOR CANDIDA DE MORAIS (1) | SETOR PROGRESSO (1) | VILA MARIA DILCE (1) | VILA MUTIRÃO 1 (1) | Vila São José (1) | VILA SÃO JOSE (1)
70470517	SEGURO	JARDIM NOVO MUNDO	JARDIM NOVO MUNDO	1	1	0	100.0	1	JARDIM NOVO MUNDO (1)
70713174	SEGURO	JARDIM NOVO MUNDO	JARDIM NOVO MUNDO	1	1	0	100.0	1	JARDIM NOVO MUNDO (1)
72460480	SEGURO	JARDIM CURITIBA IV	JARDIM CURITIBA IV	1	1	0	100.0	1	JARDIM CURITIBA IV (1)
73463480	SEGURO	SANTOS DUMONT	SANTOS DUMONT	1	1	0	100.0	1	SANTOS DUMONT (1)
74000000	BLOQUEADO	JARDIM NOVA ESPERANCA	JARDIM NOVA ESPERANÇA	4180	606	3574	14.64	134	JARDIM NOVA ESPERANÇA (606) | JARDIM NOVO MUNDO (401) | JARDIM COLORADO (341) | JARDIM LIBERDADE (282) | VILA MUTIRÃO (232) | NOVO PLANALTO (195) | SANTOS DUMONT (165) | JARDIM DAS HORTENCIAS (157) | JARDIM CURITIBA IV (128) | JARDIM VISTA BELA (101) | CANDIDA DE MORAES (97) | MANSÕES PARAISO (80) | SÃO CARLOS (66) | VILA JOÃO VAZ (66) | CAPUAVA (64) | PARQUE TREMENDÃO (50) | RESIDENCIAL FORTALEZA (43) | VILA FINSOCIAL (42) | VILA SÃO JOSE (42) | SETOR NOROESTE (38) | SETOR MARABÁ (36) | RESIDENCIAL PRIVE NORTE (32) | NOVO MUNDO (31) | BAIRRO DA VITORIA (30) | MORADA DO SOL (30) | RESIDENCIAL MARINGÁ (29) | SETOR AEROVIARIO (29) | RESIDENCIAL GREEN PARK (28) | ALBINO BOAVENTURA (27) | JARDIM PETRÓPOLIS (27) | JARDIM DAS HORTÊNCIAS (24) | SETOR PROGRESSO (24) | VILA SÃO JOSÉ (24) | SETOR PERIM (23) | VILA REGINA (23) | BAIRRO DA VITÓRIA (22) | JARDIM CLARISSA (22) | JARDIM HELLOU (20) | VILA CRISTINA (18) | JARDIM GRAMADO (17) | VILA MARIA DILCE (17) | VILA MORAIS (17) | BARRA DA TIJUCA (16) | JARDIM PETROPOLIS (15) | MANSÕES PARAÍSO (15) | VILA MARIA LUIZA (15) | JARDIM BONANZA (13) | JARDIM CAMARGO (12) | Vila São José (12) | CANDIDA DE MORAIS (11) | MANSOES PARAISO (11) | Vila Regina (11) | RESIDENCIAL ANGLO (10) | Vila são José (9) | ESPLANADA DO ANICUNS (8) | JD NOVA ESPERANÇA (8) | RESIDENCIAL 14 BIS (8) | RESIDENCIAL HUGO DE MORAES (8) | Vila Mutirão (8) | VILA MUTIRÃO II (8) | SETOR AEROVIÁRIO (7) | SETOR SEVENE (7) | JARDIM BRASIL (6) | JARDIM NOVA ESPERANCA (6) | RESIDENCIAL ITAMARACÁ (6) | RESIDENCIAL PRIVÊ NORTE (6) | VILA MUTIRAO (6) | RESIDENCIAL ITAMARACA (5) | RESIDENCIAL MARINGA (5) | SÃO JOSÉ (5) | VALE DOS CARAIBAS (5) | VILA MARTINS (5) | VISTA BELA (5) | AGUA BRANCA (4) | ÁGUA BRANCA (3) | Jardim Novo Mundo (3) | JD DAS HORTENCIAS (3) | JD. NOVO MUNDO (3) | NOVA ESPERANÇA (3) | PARQUE INDUSTRIAL PAULISTA (3) | RESIDENCIAL MANSÕES PARAISO (3) | RESIDENCIAL VALE DO ARAGUAIA (3) | SETOR EMPRESARIAL (3) | VILA JOAO VAZ (3) | VILA MUTIRÃO I (3) | VILA ROMANA (3) | AEROVIÁRIO (2) | AEROVIARIO (2) | AGUÁ BRANCA (2) | CÂNDIDA DE MORAES (2) | Capuava (2) | CHACARAS MANSOES ROSAS DE OURO (2) | CONJUNTO RIVIERA (2) | FINSOCIAL (2) | JARDIM CALIFORNIA (2) | JARDIM CURITIBA 4 (2) | JARDIM CURITIBA II (2) | JARDIM HELOU (2) | JD COLORADO (2) | JOÃO VAZ (2) | MANSÕES ROSAS DE OURO (2) | NOROESTE (2) | PQ TREMENDÃO (2) | RECREIO SÃO JOAQUIM (2) | RESIDENCIAL ANGULO (2) | SETOR MARABA (2) | VILA SAO JOSE (2) | BAIRRO CAPUAVA (1) | BAIRRO PERIM (1) | BAIRRO SAO CARLOS (1) | CANDIDA DE MORAES. (1) | CAPUAVA RESIDENCIAL PRIVÊ (1) | CENTRO (1) | CH RECREIO SÃO JOAQUIM (1) | COLORADO (1) | CONDOMINIO PORTAL DAS HORTÊNCIAS (1) | CONDOMINIO RIO BRANCO (1) | Conjunto Riviera (1) | CRIMEIA OESTE (1) | CURITIBA I (1) | CURITIBA IV (1) | JARDIM  NOVO MUNDO (1) | JARDIM CALIFONIA (1) | JARDIM COLORADO EXTEÇÃO (1) | JARDIM COLORADO EXTENSÃO (1) | JARDIM CURITIBA 04 (1) | JARDIM CURITIBA 1 (1) | JARDIM CURITIBA I (1) | JARDIM CURITIBA III (1) | JARDIM EMANUELE (1) | JARDIM EMANUELY (1) | JARDIM LAGO AZUL (1) | Jardim Liberdade (1) | JARDIM NOVA ESPERANÇAA (1) | JARDIM NOVO MUNDO II (1) | JARDIM NOVO PETROPOLIS (1) | Jardim Vista Bela (1) | JD LIBERDADE (1) | JD NOVO MUNDO (1) | JD NOVO PETROPOLIS (1) | JD. CALIFÓRNIA (1) | JD. CURITIBA (1) | JD. EMANUELLE - NOVO MUNDO (1) | JD. NOVA ESPERANÇA (1) | MANSÓES PARAISO (1) | MANSOÊS PARAISO (1) | MANSÔES PARAISO (1) | MARABÁ (1) | MARIA LUIZA (1) | NOVO MUNDO II (1) | NOVO PLALNALTO (1) | PARQUE INDUSTRIAL JOAO BRAZ (1) | PARQUE MARACANA (1) | PARQUE TREMEDÃO (1) | PARUE TREMENDÃO (1) | PERIM (1) | PQ INDUSTRIAL PAULISTA (1) | PQ.TREMENDÃO (1) | RESIDENCIAL ALBINO BOAVENTURA (1) | RESIDENCIAL ARAGUAIA (1) | RESIDENCIAL ARUANA (1) | RESIDENCIAL ARUANÃ (1) | RESIDENCIAL BUENA VISTA 4 (1) | RESIDENCIAL EMANUELE (1) | RESIDENCIAL FLORESTA (1) | RESIDENCIAL MANSÕES PARAÍSO (1) | SÃO JOSE (1) | SÃO MARCOS I (1) | SETOR  PROGRESSO (1) | SETOR BARRA DA TIJUCA (1) | SETOR CÂNDIDA DE MORAIS (1) | Setor Cândida de Morais (1) | SETOR ESTRELA DALVA (1) | Setor Perim (1) | SETOR PQ. TREMENDÃO (1) | SETOR SAO CARLOS (1) | SETOR VALE DOS CARAIBAS (1) | SETOR VISTA BELA (1) | VALE DAS CARAÍBAS (1) | VALE DAS CARAIBAS (1) | VALE DO ARAGUAIA (1) | VALE DOS CARAÍBAS (1) | VILA  SÃO JOSÉ (1) | VILA CLEMENTE (1) | VILA MARTINS - EXTENSÃO - NOVO MUNDO (1) | VILA MORAIS NOVO MUNDO (1) | VILA MULTIRÃO (1)
74000197	SEGURO	JARDIM LIBERDADE	JARDIM LIBERDADE	1	1	0	100.0	1	JARDIM LIBERDADE (1)
74075120	SEGURO	AEROVIARIO	SETOR AEROVIARIO	1	1	0	100.0	1	SETOR AEROVIARIO (1)
74133090	SEGURO	DA VITORIA	BAIRRO DA VITORIA	1	1	0	100.0	1	BAIRRO DA VITORIA (1)
74140000	BLOQUEADO	JARDIM COLORADO	JARDIM COLORADO	4	1	3	25.0	4	JARDIM COLORADO (1) | JARDIM DAS HORTENCIAS (1) | MANSÕES PARAISO (1) | MORADA DO SOL (1)
74160200	SEGURO	JARDIM NOVA ESPERANCA	JARDIM NOVA ESPERANÇA	1	1	0	100.0	1	JARDIM NOVA ESPERANÇA (1)
74175460	SEGURO	VILA MULTIDAO LL	VILA MULTIDÃO LL	1	1	0	100.0	1	VILA MULTIDÃO LL (1)
74215030	SEGURO	JARDIM DAS HORTENCIAS	JARDIM DAS HORTÊNCIAS	1	1	0	100.0	1	JARDIM DAS HORTÊNCIAS (1)
74230903	SEGURO	CANDIDA DE MORAES	CANDIDA DE MORAES	1	1	0	100.0	1	CANDIDA DE MORAES (1)
74320440	SEGURO	VILA JOAO VAZ	VILA JOAO VAZ	1	1	0	100.0	1	VILA JOAO VAZ (1)
74323065	SEGURO	CAPUAVA	BAIRRO CAPUAVA	1	1	0	100.0	1	BAIRRO CAPUAVA (1)
74340500	BLOQUEADO	JARDIM NOVA ESPERANCA	JARDIM NOVA ESPERANÇA	3	2	1	66.67	2	JARDIM NOVA ESPERANÇA (2) | JARDIN NOVA ESPERANÇA (1)
74353550	SEGURO	PARQUE SANTA RITA	PARQUE SANTA RITA	1	1	0	100.0	1	PARQUE SANTA RITA (1)
74354608	SEGURO	JARDIM CARAVELAS	JARDIM CARAVELAS	1	1	0	100.0	1	JARDIM CARAVELAS (1)
74354612	SEGURO	JARDIM CARAVELAS	JARDIM CARAVELAS	1	1	0	100.0	1	JARDIM CARAVELAS (1)
74354616	SEGURO	JARDIM CARAVELAS	JARDIM CARAVELAS	1	1	0	100.0	1	JARDIM CARAVELAS (1)
74354618	SEGURO	JARDIM CARAVELA	JARDIM CARAVELA	1	1	0	100.0	1	JARDIM CARAVELA (1)
74354632	BLOQUEADO	JARDIM CARAVELAS	JARDIM CARAVELAS	2	1	1	50.0	2	JARDIM CARAVELAS (1) | JARDIM CARAVELAS 1ª ETAPA (1)
74354636	BLOQUEADO	JARDIM CRAVELAS	JARDIM CRAVELAS	2	1	1	50.0	2	JARDIM CRAVELAS (1) | JARDM CARAVELAS (1)
74354640	BLOQUEADO	JARDIM CARAVELAS	JARDIM CARAVELAS	2	1	1	50.0	2	JARDIM CARAVELAS (1) | SETOR CARAVELAS (1)
74354643	SEGURO	JARDIM CARAVELAS	JARDIM CARAVELAS	1	1	0	100.0	1	JARDIM CARAVELAS (1)
74354647	SEGURO	JARDIM CARAVELAS	JARDIM CARAVELAS	1	1	0	100.0	1	JARDIM CARAVELAS (1)
74354665	SEGURO	JARDIM CARAVELAS	JARDIM CARAVELAS	1	1	0	100.0	1	JARDIM CARAVELAS (1)
74354676	SEGURO	JARDIM CARAVELAS	JARDIM CARAVELAS	1	1	0	100.0	1	JARDIM CARAVELAS (1)
74354814	SEGURO	VILA SAO JOSE	Vila são José	1	1	0	100.0	1	Vila são José (1)
74356285	SEGURO	RESIDENCIAL SANTA FE	RESIDENCIAL SANTA FÉ	1	1	0	100.0	1	RESIDENCIAL SANTA FÉ (1)
74370150	SEGURO	RIO FORMOSO	SETOR RIO FORMOSO	1	1	0	100.0	1	SETOR RIO FORMOSO (1)
74370220	SEGURO	RIO FORMOSO	SETOR RIO FORMOSO	1	1	0	100.0	1	SETOR RIO FORMOSO (1)
74370489	SEGURO	SANTA RITA VII	SETOR SANTA RITA VII	1	1	0	100.0	1	SETOR SANTA RITA VII (1)
74370520	SEGURO	SANTA RITA VII	SETOR SANTA RITA VII	1	1	0	100.0	1	SETOR SANTA RITA VII (1)
74370601	SEGURO	RESIDENCIAL CANADA	RESIDENCIAL CANADÁ	1	1	0	100.0	1	RESIDENCIAL CANADÁ (1)
74370612	SEGURO	RESIDENCIAL CANADA	RESIDENCIAL CANADÁ	1	1	0	100.0	1	RESIDENCIAL CANADÁ (1)
74370613	SEGURO	RESIDENCIAL CANADA	RESIDENCIAL CANÁDA	1	1	0	100.0	1	RESIDENCIAL CANÁDA (1)
74370645	SEGURO	RESIDENCIAL VEREDAS DOS BURITIS	RESIDENCIAL VEREDAS DOS BURITIS	1	1	0	100.0	1	RESIDENCIAL VEREDAS DOS BURITIS (1)
74370663	SEGURO	RESIDENCIAL VEREDA DOS BURITIS	RESIDENCIAL VEREDA DOS BURITIS	1	1	0	100.0	1	RESIDENCIAL VEREDA DOS BURITIS (1)
74370675	SEGURO	RESIDENCIAL VEREDA DOS BURITIS	RESIDENCIAL VEREDA DOS BURITIS	1	1	0	100.0	1	RESIDENCIAL VEREDA DOS BURITIS (1)
74370684	SEGURO	RESIDENCIAL VEREDA DOS BURITIS	RESIDENCIAL VEREDA DOS BURITIS	1	1	0	100.0	1	RESIDENCIAL VEREDA DOS BURITIS (1)
74370702	SEGURO	RESIDENCIAL FORTEVILLE	RESIDENCIAL FORTEVILLE	1	1	0	100.0	1	RESIDENCIAL FORTEVILLE (1)
74370707	SEGURO	RESIDENCIAL FORTEVILLE	RESIDENCIAL FORTEVILLE	1	1	0	100.0	1	RESIDENCIAL FORTEVILLE (1)
74370766	SEGURO	RESIDENCIAL SANTA RITA - 4ª ETAPA	RESIDENCIAL SANTA RITA - 4ª ETAPA	1	1	0	100.0	1	RESIDENCIAL SANTA RITA - 4ª ETAPA (1)
74371070	SEGURO	RESIDENCIAL ELI FORTE	RESIDENCIAL ELI FORTE	1	1	0	100.0	1	RESIDENCIAL ELI FORTE (1)
74371135	SEGURO	RESIDENCIAL TALISMA	RESIDENCIAL TALISMA	1	1	0	100.0	1	RESIDENCIAL TALISMA (1)
74371350	SEGURO	MOINHO DOS VENTOS	MOINHO DOS VENTOS	1	1	0	100.0	1	MOINHO DOS VENTOS (1)
74371390	SEGURO	MOINHO DOS VENTOS	MOINHO DOS VENTOS	1	1	0	100.0	1	MOINHO DOS VENTOS (1)
74371435	SEGURO	LOTEAMENTO MOINHO DOS VENTOS	LOTEAMENTO MOINHO DOS VENTOS	1	1	0	100.0	1	LOTEAMENTO MOINHO DOS VENTOS (1)
74371812	SEGURO	RESIDENCIAL RECANTO DAS EMAS	RESIDENCIAL RECANTO DAS EMAS	1	1	0	100.0	1	RESIDENCIAL RECANTO DAS EMAS (1)
74372093	SEGURO	RESIDENCIAL FIDELIS	RESIDENCIAL FIDELIS	1	1	0	100.0	1	RESIDENCIAL FIDELIS (1)
74373210	SEGURO	LOTEAMENTO CELINA PARK	LOTEAMENTO CELINA PARK	1	1	0	100.0	1	LOTEAMENTO CELINA PARK (1)
74375030	SEGURO	PARQUE OESTE INDUSTRIAL	PARQUE OESTE INDUSTRIAL	2	2	0	100.0	1	PARQUE OESTE INDUSTRIAL (2)
74375040	SEGURO	PARQUE OESTE INDUSTRIAL	PARQUE OESTE INDUSTRIAL	2	2	0	100.0	1	PARQUE OESTE INDUSTRIAL (2)
74375110	BLOQUEADO	GOIA	BAIRRO GOIA	2	1	1	50.0	2	BAIRRO GOIA (1) | PARQUE OESTE INDUSTRIAL (1)
74375150	SEGURO	PARQUE OESTE INDUSTRIAL	PARQUE OESTE INDUSTRIAL	1	1	0	100.0	1	PARQUE OESTE INDUSTRIAL (1)
74375180	SEGURO	PARQUE OESTE INDUSTRIAL	PARQUE OESTE INDUSTRIAL	2	2	0	100.0	1	PARQUE OESTE INDUSTRIAL (2)
74375280	SEGURO	PARQUE OESTE INDUSTRIAL	PARQUE OESTE INDUSTRIAL	1	1	0	100.0	1	PARQUE OESTE INDUSTRIAL (1)
74375300	SEGURO	PARQUE OESTE INDUSTRIAL	PARQUE OESTE INDUSTRIAL	1	1	0	100.0	1	PARQUE OESTE INDUSTRIAL (1)
74375495	SEGURO	PARQUE OESTE INDUSTRIAL	PARQUE OESTE INDUSTRIAL	2	2	0	100.0	1	PARQUE OESTE INDUSTRIAL (2)
74375629	SEGURO	RESIDENCIAL PARQUE OESTE	RESIDENCIAL PARQUE OESTE	2	2	0	100.0	1	RESIDENCIAL PARQUE OESTE (2)
74375740	SEGURO	PARQUE OESTE INDUSTRIAL	PARQUE OESTE INDUSTRIAL	1	1	0	100.0	1	PARQUE OESTE INDUSTRIAL (1)
74390086	SEGURO	JARDIM BOTANICO	JARDIM BOTÂNICO	1	1	0	100.0	1	JARDIM BOTÂNICO (1)
74390090	SEGURO	JARDIM BOT NICO	JARDIM BOT NICO	1	1	0	100.0	1	JARDIM BOT NICO (1)
74390100	SEGURO	JARDIM BOTANICO	JARDIM BOTÂNICO	1	1	0	100.0	1	JARDIM BOTÂNICO (1)
74390150	SEGURO	JARDIM BOTANICO	JARDIM BOTÂNICO	1	1	0	100.0	1	JARDIM BOTÂNICO (1)
74390220	SEGURO	JARDIM BOTANICO	JARDIM BOTANICO	2	1	1	100.0	1	JARDIM BOTANICO (1) | JARDIM BOTÂNICO (1)
74390225	SEGURO	JARDIM BOTANICO	JARDIM BOTÂNICO	1	1	0	100.0	1	JARDIM BOTÂNICO (1)
74390235	SEGURO	CONDOMINIO RIO BRANCO	CONDOMINIO RIO BRANCO	1	1	0	100.0	1	CONDOMINIO RIO BRANCO (1)
74390260	SEGURO	CONDOMINIO RIO BRANCO	CONDOMÍNIO RIO BRANCO	1	1	0	100.0	1	CONDOMÍNIO RIO BRANCO (1)
74390350	SEGURO	CONDOMINIO RIO BRANCO	CONDOMÍNIO RIO BRANCO	1	1	0	100.0	1	CONDOMÍNIO RIO BRANCO (1)
74390372	SEGURO	RESIDENCIAL DELLA PENNA	RESIDENCIAL DELLA PENNA	1	1	0	100.0	1	RESIDENCIAL DELLA PENNA (1)
74390375	SEGURO	RESIDENCIAL DELLA PENNA	RESIDENCIAL DELLA PENNA	2	2	0	100.0	1	RESIDENCIAL DELLA PENNA (2)
74390378	SEGURO	RESIDENCIAL DELLA PENNA	RESIDENCIAL DELLA PENNA	1	1	0	100.0	1	RESIDENCIAL DELLA PENNA (1)
74390390	SEGURO	JARDIM BOTANICO	JARDIM BOTANICO	1	1	0	100.0	1	JARDIM BOTANICO (1)
74390430	SEGURO	JARDIM BOT NICO	JARDIM BOT NICO	1	1	0	100.0	1	JARDIM BOT NICO (1)
74390460	SEGURO	JARDIM BOTANICO	JARDIM BOTÂNICO	1	1	0	100.0	1	JARDIM BOTÂNICO (1)
74390490	SEGURO	JARDIM BOTANICO	JARDIM BOTÂNICO	1	1	0	100.0	1	JARDIM BOTÂNICO (1)
74390610	SEGURO	VILA RIZZO	VILA RIZZO	1	1	0	100.0	1	VILA RIZZO (1)
74390669	SEGURO	VILA RIZZO	Vila Rizzo	1	1	0	100.0	1	Vila Rizzo (1)
74391020	SEGURO	JARDIM MARQUES DE ABREU	JARDIM MARQUES DE ABREU	3	3	0	100.0	1	JARDIM MARQUES DE ABREU (3)
74391030	SEGURO	JARDIM MARQUES DE ABREU	JARDIM MARQUES DE ABREU	1	1	0	100.0	1	JARDIM MARQUES DE ABREU (1)
74391110	SEGURO	JARDIM MARQUES DE ABREU	JARDIM MARQUES DE ABREU	1	1	0	100.0	1	JARDIM MARQUES DE ABREU (1)
74391150	SEGURO	JARDIM MARQUES DE ABREU	JARDIM MARQUES DE ABREU	1	1	0	100.0	1	JARDIM MARQUES DE ABREU (1)
74391190	SEGURO	JARDIM MARQUES DE ABREU	JARDIM MARQUES DE ABREU	1	1	0	100.0	1	JARDIM MARQUES DE ABREU (1)
74391250	SEGURO	JARDIM ARITANA	JARDIM ARITANA	1	1	0	100.0	1	JARDIM ARITANA (1)
74391520	SEGURO	LORENA PARK	LORENA PARK	1	1	0	100.0	1	LORENA PARK (1)
74392070	SEGURO	JARDIM ELI FORTE	JARDIM ELI FORTE	2	2	0	100.0	1	JARDIM ELI FORTE (2)
74392115	SEGURO	CHACARAS ANHANGUERA	Chácaras Anhanguera	1	1	0	100.0	1	Chácaras Anhanguera (1)
74393140	SEGURO	RECREIO DOS FUNCIONARIOS PUBLICOS	RECREIO DOS FUNCIONARIOS PUBLICOS	1	1	0	100.0	1	RECREIO DOS FUNCIONARIOS PUBLICOS (1)
74393360	SEGURO	PARQUE SANTA RITA	PARQUE SANTA RITA	1	1	0	100.0	1	PARQUE SANTA RITA (1)
74393375	SEGURO	RESIDENCIAL SOLAR BOUGAINVILLE	RESIDENCIAL SOLAR BOUGAINVILLE	1	1	0	100.0	1	RESIDENCIAL SOLAR BOUGAINVILLE (1)
74393392	SEGURO	PARQUE SANTA RITA	PARQUE SANTA RITA	1	1	0	100.0	1	PARQUE SANTA RITA (1)
74393400	SEGURO	PARQUE SANTA RITA	PARQUE SANTA RITA	1	1	0	100.0	1	PARQUE SANTA RITA (1)
74393415	SEGURO	PARQUE SANTA RITA	PARQUE SANTA RITA	1	1	0	100.0	1	PARQUE SANTA RITA (1)
74393460	SEGURO	PARQUE SANTA RITA	PARQUE SANTA RITA	1	1	0	100.0	1	PARQUE SANTA RITA (1)
74393530	SEGURO	PARQUE SANTA RITA	PARQUE SANTA RITA	1	1	0	100.0	1	PARQUE SANTA RITA (1)
74393550	SEGURO	PARQUE SANTA RITA	PARQUE SANTA RITA	1	1	0	100.0	1	PARQUE SANTA RITA (1)
74393560	SEGURO	PARQUE SANTA RITA	PARQUE SANTA RITA	1	1	0	100.0	1	PARQUE SANTA RITA (1)
74393570	SEGURO	PARQUE SANTA RITA	PARQUE SANTA RITA	1	1	0	100.0	1	PARQUE SANTA RITA (1)
74393600	SEGURO	LOTEAMENTO ALPHAVILLE RESIDENCIAL	LOTEAMENTO ALPHAVILLE RESIDENCIAL	1	1	0	100.0	1	LOTEAMENTO ALPHAVILLE RESIDENCIAL (1)
74393660	SEGURO	LOTEAMENTO ALPHAVILLE RESIDENCIAL	LOTEAMENTO ALPHAVILLE RESIDENCIAL	1	1	0	100.0	1	LOTEAMENTO ALPHAVILLE RESIDENCIAL (1)
74393670	SEGURO	LOTEAMENTO ALPHAVILLE RESIDENCIAL	LOTEAMENTO ALPHAVILLE RESIDENCIAL	2	2	0	100.0	1	LOTEAMENTO ALPHAVILLE RESIDENCIAL (2)
74393680	SEGURO	LOTEAMENTO ALPHAVILLE RESIDENCIAL	LOTEAMENTO ALPHAVILLE RESIDENCIAL	2	2	0	100.0	1	LOTEAMENTO ALPHAVILLE RESIDENCIAL (2)
74393700	SEGURO	LOTEAMENTO ALPHAVILLE RESIDENCIAL	LOTEAMENTO ALPHAVILLE RESIDENCIAL	2	2	0	100.0	1	LOTEAMENTO ALPHAVILLE RESIDENCIAL (2)
74393740	SEGURO	LOTEAMENTO ALPHAVILLE RESIDENCIAL	LOTEAMENTO ALPHAVILLE RESIDENCIAL	1	1	0	100.0	1	LOTEAMENTO ALPHAVILLE RESIDENCIAL (1)
74393800	SEGURO	LOTEAMENTO ALPHAVILLE RESIDENCIAL	LOTEAMENTO ALPHAVILLE RESIDENCIAL	1	1	0	100.0	1	LOTEAMENTO ALPHAVILLE RESIDENCIAL (1)
74393810	SEGURO	LOTEAMENTO ALPHAVILLE RESIDENCIAL	LOTEAMENTO ALPHAVILLE RESIDENCIAL	1	1	0	100.0	1	LOTEAMENTO ALPHAVILLE RESIDENCIAL (1)
74393820	BLOQUEADO	LOTEAMENTO ALPHAVILLE RESIDENCIAL	LOTEAMENTO ALPHAVILLE RESIDENCIAL	2	1	1	50.0	2	LOTEAMENTO ALPHAVILLE RESIDENCIAL (1) | RESIDENCIAL ALPHAVILLE (1)
74394029	SEGURO	JARDIM ALPHAVILLE	JARDIM ALPHAVILLE	1	1	0	100.0	1	JARDIM ALPHAVILLE (1)
74394155	SEGURO	JARDIM ALPHAVILLE	JARDIM ALPHAVILLE	1	1	0	100.0	1	JARDIM ALPHAVILLE (1)
74394200	SEGURO	RESIDENCIAL BUENA VISTA I	RESIDENCIAL BUENA VISTA I	1	1	0	100.0	1	RESIDENCIAL BUENA VISTA I (1)
74394205	SEGURO	RESIDENCIAL BUENA VISTA I	RESIDENCIAL BUENA VISTA I	6	6	0	100.0	1	RESIDENCIAL BUENA VISTA I (6)
74394210	SEGURO	RESIDENCIAL BUENA VISTA I	RESIDENCIAL BUENA VISTA I	2	2	0	100.0	1	RESIDENCIAL BUENA VISTA I (2)
74394215	SEGURO	RESIDENCIAL BUENA VISTA I	RESIDENCIAL BUENA VISTA I	1	1	0	100.0	1	RESIDENCIAL BUENA VISTA I (1)
74394220	SEGURO	RESIDENCIAL BUENA VISTA I	RESIDENCIAL BUENA VISTA I	1	1	0	100.0	1	RESIDENCIAL BUENA VISTA I (1)
74394225	BLOQUEADO	RESIDENCIAL BUENA VISTA I	RESIDENCIAL BUENA VISTA I	5	4	1	80.0	2	RESIDENCIAL BUENA VISTA I (4) | RESIDENCIALBUENA VISTA I (1)
74394230	BLOQUEADO	RESI8DENCIAL BUENA VISTA I	RESI8DENCIAL BUENA VISTA I	2	1	1	50.0	2	RESI8DENCIAL BUENA VISTA I (1) | Residencial Buena Vista I (1)
74394235	SEGURO	RESIDENCIAL BUENA VISTA I	RESIDENCIAL BUENA VISTA I	4	4	0	100.0	1	RESIDENCIAL BUENA VISTA I (4)
74394240	BLOQUEADO	RESIDENCIAL BUENA VISTA I	RESIDENCIAL BUENA VISTA I	2	1	1	50.0	2	RESIDENCIAL BUENA VISTA I (1) | RESIENCIAL BUENA VISTA I (1)
74394245	SEGURO	RESIDENCIAL BUENA VISTA I	RESIDENCIAL BUENA VISTA I	2	1	1	100.0	1	RESIDENCIAL BUENA VISTA I (1) | Residencial Buena Vista I (1)
74394250	SEGURO	RESIDENCIAL BUENA VISTA I	Residencial Buena Vista I	1	1	0	100.0	1	Residencial Buena Vista I (1)
74394260	SEGURO	RESIDENCIAL BUENA VISTA I	RESIDENCIAL BUENA VISTA I	1	1	0	100.0	1	RESIDENCIAL BUENA VISTA I (1)
74394335	SEGURO	RESIDENCIAL BUENA VISTA II	RESIDENCIAL BUENA VISTA II	1	1	0	100.0	1	RESIDENCIAL BUENA VISTA II (1)
74394345	SEGURO	RESIDENCIAL BUENA VISTA II	RESIDENCIAL BUENA VISTA II	1	1	0	100.0	1	RESIDENCIAL BUENA VISTA II (1)
74394355	SEGURO	RESIDENCIAL BUENA VISTA III	RESIDENCIAL BUENA VISTA III	1	1	0	100.0	1	RESIDENCIAL BUENA VISTA III (1)
74394395	SEGURO	RESIDENCIAL BUENA VISTA III	RESIDENCIAL BUENA VISTA III	1	1	0	100.0	1	RESIDENCIAL BUENA VISTA III (1)
74394400	SEGURO	RESIDENCIAL BUENA VISTA III	RESIDENCIAL BUENA VISTA III	1	1	0	100.0	1	RESIDENCIAL BUENA VISTA III (1)
74394405	SEGURO	RESIDENCIAL BUENA VISTA III	RESIDENCIAL BUENA VISTA III	2	2	0	100.0	1	RESIDENCIAL BUENA VISTA III (2)
74394410	SEGURO	RESIDENCIAL BUENA VISTA III	RESIDENCIAL BUENA VISTA III	3	3	0	100.0	1	RESIDENCIAL BUENA VISTA III (3)
74394415	SEGURO	RESIDENCIAL BUENA VISTA III	RESIDENCIAL BUENA VISTA III	2	2	0	100.0	1	RESIDENCIAL BUENA VISTA III (2)
74394420	SEGURO	RESIDENCIAL BUENA VISTA III	RESIDENCIAL BUENA VISTA III	3	3	0	100.0	1	RESIDENCIAL BUENA VISTA III (3)
74394430	SEGURO	RESIDENCIAL BUENA VISTA III	RESIDENCIAL BUENA VISTA III	4	4	0	100.0	1	RESIDENCIAL BUENA VISTA III (4)
74394435	SEGURO	RESIDENCIAL BUENA VISTA III	RESIDENCIAL BUENA VISTA III	2	2	0	100.0	1	RESIDENCIAL BUENA VISTA III (2)
74394470	SEGURO	RESIDENCIAL BUENA VISTA III	RESIDENCIAL BUENA VISTA III	1	1	0	100.0	1	RESIDENCIAL BUENA VISTA III (1)
74394475	SEGURO	RESIDENCIAL BUENA VISTA III	RESIDENCIAL BUENA VISTA III	1	1	0	100.0	1	RESIDENCIAL BUENA VISTA III (1)
74394480	SEGURO	RESIDENCIAL BUENA VISTA III	RESIDENCIAL BUENA VISTA III	1	1	0	100.0	1	RESIDENCIAL BUENA VISTA III (1)
74394500	SEGURO	RESIDENCIAL BUENA VISTA IV	RESIDENCIAL BUENA VISTA IV	1	1	0	100.0	1	RESIDENCIAL BUENA VISTA IV (1)
74394520	SEGURO	RESIDENCIAL BUENA VISTA IV	RESIDENCIAL BUENA VISTA IV	2	2	0	100.0	1	RESIDENCIAL BUENA VISTA IV (2)
74394525	SEGURO	RESIDENCIAL BUENA VISTA IV	RESIDENCIAL BUENA VISTA IV	2	2	0	100.0	1	RESIDENCIAL BUENA VISTA IV (2)
74394535	SEGURO	RESIDENCIAL BUENA VISTA IV	RESIDENCIAL BUENA VISTA IV	1	1	0	100.0	1	RESIDENCIAL BUENA VISTA IV (1)
74394555	SEGURO	RESIDENCIAL BUENA VISTA IV	RESIDENCIAL BUENA VISTA IV	1	1	0	100.0	1	RESIDENCIAL BUENA VISTA IV (1)
74394600	SEGURO	RESIDENCIAL BUENA VISTA IV	RESIDENCIAL BUENA VISTA IV	1	1	0	100.0	1	RESIDENCIAL BUENA VISTA IV (1)
74394605	SEGURO	RESIDENCIAL BUENA VISTA IV	RESIDENCIAL BUENA VISTA IV	1	1	0	100.0	1	RESIDENCIAL BUENA VISTA IV (1)
74394615	SEGURO	RESIDENCIAL BUENA VISTA IV	RESIDENCIAL BUENA VISTA IV	1	1	0	100.0	1	RESIDENCIAL BUENA VISTA IV (1)
74394620	BLOQUEADO	RESIDENCIAL BUENA VISTA IV	RESIDENCIAL BUENA VISTA IV	3	2	1	66.67	2	RESIDENCIAL BUENA VISTA IV (2) | BUENA VISTA IV (1)
74394630	SEGURO	RESIDENCIAL BUENA VISTA IV	RESIDENCIAL BUENA VISTA IV	1	1	0	100.0	1	RESIDENCIAL BUENA VISTA IV (1)
74394635	SEGURO	RESIDENCIAL BUENA VISTA IV	RESIDENCIAL BUENA VISTA IV	2	2	0	100.0	1	RESIDENCIAL BUENA VISTA IV (2)
74394640	SEGURO	RESIDENCIAL BUENA VISTA IV	RESIDENCIAL BUENA VISTA IV	1	1	0	100.0	1	RESIDENCIAL BUENA VISTA IV (1)
74394655	SEGURO	RESIDENCIAL BUENA VISTA IV	RESIDENCIAL BUENA VISTA IV	1	1	0	100.0	1	RESIDENCIAL BUENA VISTA IV (1)
74394660	SEGURO	RESIDENCIAL BUENA VISTA IV	RESIDENCIAL BUENA VISTA IV	3	3	0	100.0	1	RESIDENCIAL BUENA VISTA IV (3)
74394705	SEGURO	JARDIM GARDENIA	JARDIM GARDÊNIA	1	1	0	100.0	1	JARDIM GARDÊNIA (1)
74395003	SEGURO	VILLAGE SANTA RITA	VILLAGE SANTA RITA	1	1	0	100.0	1	VILLAGE SANTA RITA (1)
74395006	SEGURO	VILLAGE SANTA RITA	VILLAGE SANTA RITA	1	1	0	100.0	1	VILLAGE SANTA RITA (1)
74395030	SEGURO	SOLAR SANTA RITA	SETOR SOLAR SANTA RITA	1	1	0	100.0	1	SETOR SOLAR SANTA RITA (1)
74395032	SEGURO	SOLAR SANTA RITA	SETOR SOLAR SANTA RITA	2	2	0	100.0	1	SETOR SOLAR SANTA RITA (2)
74395038	SEGURO	SOLAR SANTA RITA	SETOR SOLAR SANTA RITA	1	1	0	100.0	1	SETOR SOLAR SANTA RITA (1)
74395040	SEGURO	SOLAR SANTA RITA	SETOR SOLAR SANTA RITA	1	1	0	100.0	1	SETOR SOLAR SANTA RITA (1)
74395046	SEGURO	SOLAR SANTA RITA	SETOR SOLAR SANTA RITA	1	1	0	100.0	1	SETOR SOLAR SANTA RITA (1)
74395050	SEGURO	SOLAR SANTA RITA	SETOR SOLAR SANTA RITA	4	4	0	100.0	1	SETOR SOLAR SANTA RITA (4)
74395056	SEGURO	SOLAR SANTA RITA	SETOR SOLAR SANTA RITA	1	1	0	100.0	1	SETOR SOLAR SANTA RITA (1)
74395105	SEGURO	RESIDENCIAL VILLAGE SANTA RITA I	RESIDENCIAL VILLAGE SANTA RITA I	1	1	0	100.0	1	RESIDENCIAL VILLAGE SANTA RITA I (1)
74395210	SEGURO	RESIDENCIAL VILLAGE SANTA RITA III	RESIDENCIAL VILLAGE SANTA RITA III	1	1	0	100.0	1	RESIDENCIAL VILLAGE SANTA RITA III (1)
74395250	SEGURO	RESIDENCIAL KATIA	RESIDENCIAL KÁTIA	1	1	0	100.0	1	RESIDENCIAL KÁTIA (1)
74395510	SEGURO	RESIDENCIAL SANTA FE I	RESIDENCIAL SANTA FE I	1	1	0	100.0	1	RESIDENCIAL SANTA FE I (1)
74395780	SEGURO	JARDIM EMANUELY	JARDIM EMANUELY	2	2	0	100.0	1	JARDIM EMANUELY (2)
74400000	BLOQUEADO	JARDIM NOVO MUNDO	JARDIM NOVO MUNDO	63	13	50	20.63	29	JARDIM NOVO MUNDO (13) | JARDIM COLORADO (10) | JARDIM NOVA ESPERANÇA (6) | JARDIM DAS HORTENCIAS (3) | JARDIM CURITIBA 4 (2) | JARDIM CURITIBA IV (2) | NOVO PLANALTO (2) | VILA CRISTINA CONTINUAÇAO (2) | VILA JOAO VAZ (2) | BAIRRO DA VITORIA (1) | CONJUNTO RESIDENCIAL ARUANA III (1) | ESTRELA DALVA (1) | JARDIM GRAMADO (1) | JARDIM LIBERDADE (1) | JARDIM NOVO PETROPOLIS (1) | JARDIM PETROPOLIS (1) | JARDIM VISTA BELA (1) | MANSOES PARAISO (1) | MORADA DO SOL (1) | PARQUE INDUSTRIAL PAULISTA (1) | Residencial Fortaleza (1) | SETOR CANDIDA DE MORAIS (1) | SETOR CAPUAVA (1) | SETOR MANSOES PARAISO (1) | SETOR NOROESTE (1) | SETOR SANTOS DUMONT (1) | VILA MARTINS (1) | VILA MUTIRAO (1) | VILA REGINA (1) | VILA ROMANA (1)
74408098	SEGURO	JARDIM DAS HORTENCIAS	JARDIM DAS HORTÊNCIAS	1	1	0	100.0	1	JARDIM DAS HORTÊNCIAS (1)
74410010	SEGURO	NOVO MUNDO	NOVO MUNDO	1	1	0	100.0	1	NOVO MUNDO (1)
74410090	SEGURO	JARDIM NOVO MUNDO	JARDIM NOVO MUNDO	1	1	0	100.0	1	JARDIM NOVO MUNDO (1)
74410400	SEGURO	JARDIM NOVO MUNDO	JARDIM NOVO MUNDO	1	1	0	100.0	1	JARDIM NOVO MUNDO (1)
74413630	SEGURO	VILA FINSOCIAL	VILA FINSOCIAL	1	1	0	100.0	1	VILA FINSOCIAL (1)
74420010	SEGURO	VILA SANTA RITA	VILA SANTA RITA	3	3	0	100.0	1	VILA SANTA RITA (3)
74420455	SEGURO	SOLANGE PARK 1	SOLANGE PARK 1	1	1	0	100.0	1	SOLANGE PARK 1 (1)
74423160	SEGURO	SANTOS DUMONT	SANTOS DUMONT	1	1	0	100.0	1	SANTOS DUMONT (1)
74423543	SEGURO	CIDADE JARDIM	CIDADE JARDIM	1	1	0	100.0	1	CIDADE JARDIM (1)
74425115	SEGURO	MORADA DO SOL	MORADA DO SOL	1	1	0	100.0	1	MORADA DO SOL (1)
74425430	SEGURO	JARDIM NOVO MUNDO	JARDIM NOVO MUNDO	1	1	0	100.0	1	JARDIM NOVO MUNDO (1)
74430380	SEGURO	NOVO PLANALTO	NOVO PLANALTO	1	1	0	100.0	1	NOVO PLANALTO (1)
74433050	SEGURO	ESPLANADA DO ANICUNS	ESPLANADA DO ANICUNS	1	1	0	100.0	1	ESPLANADA DO ANICUNS (1)
74433060	SEGURO	ESPLANADA DO ANICUNS	ESPLANADA DO ANICUNS	2	2	0	100.0	1	ESPLANADA DO ANICUNS (2)
74433090	SEGURO	ESPLANADA DO ANICUNS	ESPLANADA DO ANICUNS	2	2	0	100.0	1	ESPLANADA DO ANICUNS (2)
74433130	SEGURO	ESPLANADA DO ANICUNS	ESPLANADA DO ANICUNS	1	1	0	100.0	1	ESPLANADA DO ANICUNS (1)
74433150	SEGURO	ESPLANADA DO ANICUNS	ESPLANADA DO ANICUNS	7	6	1	100.0	1	ESPLANADA DO ANICUNS (6) | Esplanada do Anicuns (1)
74433180	SEGURO	ESPLANADA DO ANICUNS	ESPLANADA DO ANICUNS	4	3	1	100.0	1	ESPLANADA DO ANICUNS (3) | Esplanada do Anicuns (1)
74433190	SEGURO	ESPLANADA DO ANICUNS	Esplanada do Anicuns	1	1	0	100.0	1	Esplanada do Anicuns (1)
74433220	SEGURO	ESPLANADA DO ANICUNS	ESPLANADA DO ANICUNS	2	2	0	100.0	1	ESPLANADA DO ANICUNS (2)
74433380	SEGURO	SANTOS DUMONT	SETOR SANTOS DUMONT	1	1	0	100.0	1	SETOR SANTOS DUMONT (1)
74435020	SEGURO	AEROVIARIO	Aeroviário	1	1	0	100.0	1	Aeroviário (1)
74435030	SEGURO	AEROVIARIO	Aeroviário	10	3	7	100.0	1	Aeroviário (3) | SETOR AEROVIARIO (3) | AEROVIÁRIO (2) | SETOR AEROVIÁRIO (2)
74435040	SEGURO	AEROVIARIO	SETOR AEROVIARIO	1	1	0	100.0	1	SETOR AEROVIARIO (1)
74435050	SEGURO	AEROVIARIO	AEROVIÁRIO	2	1	1	100.0	1	AEROVIÁRIO (1) | SETOR AEROVIARIO (1)
74435060	SEGURO	AEROVIARIO	AEROVIÁRIO	3	2	1	100.0	1	AEROVIÁRIO (2) | SETOR AEROVIÁRIO (1)
74435090	BLOQUEADO	AEROVIARIO	SETOR AEROVIARIO	14	6	8	92.86	2	SETOR AEROVIARIO (6) | AEROVIÁRIO (5) | Aeroviário (2) | AEOROVIARIO (1)
74435100	SEGURO	AEROVIARIO	Aeroviário	1	1	0	100.0	1	Aeroviário (1)
74435110	SEGURO	AEROVIARIO	SETOR AEROVIARIO	15	7	8	100.0	1	SETOR AEROVIARIO (7) | AEROVIÁRIO (4) | SETOR AEROVIÁRIO (2) | AEROVIARIO (1) | Aeroviário (1)
74435115	BLOQUEADO	AEROVIARIO	AEROVIÁRIO	9	3	6	88.89	2	AEROVIÁRIO (3) | SETOR AEROVIARIO (3) | Aeroviário (2) | VILA  SÃO JOSÉ (1)
74435120	SEGURO	AEROVIARIO	Aeroviário	8	3	5	100.0	1	Aeroviário (3) | SETOR AEROVIARIO (3) | AEROVIARIO (1) | AEROVIÁRIO (1)
74435180	SEGURO	AEROVIARIO	SETOR AEROVIARIO	3	3	0	100.0	1	SETOR AEROVIARIO (3)
74435190	SEGURO	AEROVIARIO	SETOR AEROVIÁRIO	1	1	0	100.0	1	SETOR AEROVIÁRIO (1)
74435200	SEGURO	AEROVIARIO	Aeroviário	15	6	9	100.0	1	Aeroviário (6) | SETOR AEROVIARIO (6) | AEROVIÁRIO (3)
74435220	SEGURO	AEROVIARIO	Aeroviário	5	2	3	100.0	1	Aeroviário (2) | SETOR AEROVIARIO (2) | SETOR AEROVIÁRIO (1)
74435230	BLOQUEADO	AEROVIARIO	SETOR AEROVIARIO	6	3	3	83.33	2	SETOR AEROVIARIO (3) | AEOROVIÁRIO (1) | AEROVIARIO (1) | AEROVIÁRIO (1)
74435240	SEGURO	AEROVIARIO	AEROVIÁRIO	2	1	1	100.0	1	AEROVIÁRIO (1) | SETOR AEROVIARIO (1)
74435250	SEGURO	AEROVIARIO	AEROVIARIO	3	1	2	100.0	1	AEROVIARIO (1) | SETOR AEROVIARIO (1) | SETOR AEROVIÁRIO (1)
74435260	BLOQUEADO	AEROVIARIO	AEROVIÁRIO	4	2	2	75.0	2	AEROVIÁRIO (2) | AEOROVIARIO (1) | SETOR AEROVIARIO (1)
74435265	SEGURO	AEROVIARIO	AEROVIÁRIO	2	1	1	100.0	1	AEROVIÁRIO (1) | SETOR AEROVIARIO (1)
74435270	SEGURO	AEROVIARIO	AEROVIÁRIO	1	1	0	100.0	1	AEROVIÁRIO (1)
74435280	BLOQUEADO	AEROVIARIO	SETOR AEROVIARIO	7	3	4	85.71	2	SETOR AEROVIARIO (3) | AEROVIÁRIO (2) | Aeroviário (1) | VILA SAO JOSE (1)
74435290	SEGURO	AEROVIARIO	SETOR AEROVIARIO	8	4	4	100.0	1	SETOR AEROVIARIO (4) | AEROVIÁRIO (3) | Aeroviário (1)
74435299	SEGURO	AEROVIARIO	SETOR AEROVIARIO	1	1	0	100.0	1	SETOR AEROVIARIO (1)
74435320	SEGURO	AEROVIARIO	SETOR AEROVIARIO	2	2	0	100.0	1	SETOR AEROVIARIO (2)
74435970	SEGURO	MANSOES PARAISO	MANSÕES PARAÍSO	1	1	0	100.0	1	MANSÕES PARAÍSO (1)
74440000	SEGURO	VILA JOAO VAZ	VILA JOAO VAZ	1	1	0	100.0	1	VILA JOAO VAZ (1)
74440010	SEGURO	VILA SAO JOSE	VILA SÃO JOSÉ	1	1	0	100.0	1	VILA SÃO JOSÉ (1)
74440030	BLOQUEADO	SAO JOSE	Setor São José	2	1	1	50.0	2	Setor São José (1) | VILA SÃO JOSE (1)
74440050	SEGURO	SAO JOSE	SETOR SÃO JOSÉ	2	2	0	100.0	1	SETOR SÃO JOSÉ (2)
74440060	BLOQUEADO	SAO JOSE	SETOR SÃO JOSÉ	16	7	9	75.0	2	SETOR SÃO JOSÉ (7) | Setor São José (4) | VILA SÃO JOSE (2) | SÃO JOSÉ (1) | VILA SÃO JOSÉ (1) | Vila são José (1)
74440070	SEGURO	SAO JOSE	SETOR SÃO JOSÉ	1	1	0	100.0	1	SETOR SÃO JOSÉ (1)
74440080	BLOQUEADO	VILA SAO JOSE	VILA SÃO JOSE	3	2	1	66.67	2	VILA SÃO JOSE (2) | SETOR SÃO JOSÉ (1)
74440090	SEGURO	SAO JOSE	SETOR SÃO JOSE	1	1	0	100.0	1	SETOR SÃO JOSE (1)
74440120	BLOQUEADO	SAO JOSE	SETOR SÃO JOSÉ	3	2	1	66.67	2	SETOR SÃO JOSÉ (2) | SETOR AEROVIARIO (1)
74440130	BLOQUEADO	SAO JOSE	SETOR SÃO JOSÉ	4	3	1	75.0	2	SETOR SÃO JOSÉ (3) | Vila São José (1)
74440140	BLOQUEADO	SAO JOSE	SÃO JOSE	4	1	3	75.0	2	SÃO JOSE (1) | SETOR SÃO JOSÉ (1) | Setor São José (1) | Vila são José (1)
74440145	BLOQUEADO	SAO JOSE	SETOR SÃO JOSÉ	7	4	3	57.14	2	SETOR SÃO JOSÉ (4) | Vila São José (1) | VILA SÃO JOSE (1) | VILA SAO JOSE (1)
74440150	SEGURO	VILA SAO JOSE	Vila São José	1	1	0	100.0	1	Vila São José (1)
74440160	SEGURO	SAO JOSE	SETOR SÃO JOSÉ	1	1	0	100.0	1	SETOR SÃO JOSÉ (1)
74440180	SEGURO	SAO JOSE	SETOR SÃO JOSE	1	1	0	100.0	1	SETOR SÃO JOSE (1)
74440185	SEGURO	SAO JOSE	Setor São José	1	1	0	100.0	1	Setor São José (1)
74440220	SEGURO	SAO JOSE	SETOR SÃO JOSÉ	2	2	0	100.0	1	SETOR SÃO JOSÉ (2)
74440240	BLOQUEADO	SAO JOSE	SETOR SÃO JOSÉ	7	4	3	71.43	2	SETOR SÃO JOSÉ (4) | VILA SÃO JOSÉ (2) | Setor São José (1)
74440245	BLOQUEADO	VILA SAO JOSE	SETOR SÃO JOSÉ	5	1	4	60.0	2	SETOR SÃO JOSÉ (1) | Setor São José (1) | Vila São José (1) | VILA SÃO JOSÉ (1) | VILA SÃO JOSE (1)
74440250	BLOQUEADO	SAO JOSE	SETOR SÃO JOSÉ	11	7	4	63.64	2	SETOR SÃO JOSÉ (7) | Vila São José (3) | VILA SÃO JOSE (1)
74440280	SEGURO	SAO JOSE	SAO JOSE	2	1	1	100.0	1	SAO JOSE (1) | SETOR SÃO JOSÉ (1)
74440290	SEGURO	SAO JOSE	SETOR SÃO JOSÉ	3	2	1	100.0	1	SETOR SÃO JOSÉ (2) | SETOR SÃO JOSE (1)
74440300	BLOQUEADO	SAO JOSE	SETOR SÃO JOSÉ	9	5	4	66.67	2	SETOR SÃO JOSÉ (5) | VILA SÃO JOSÉ (2) | Setor São José (1) | VILA SÃO JOSE (1)
74440310	BLOQUEADO	SAO JOSE	SETOR SÃO JOSÉ	7	5	2	85.71	2	SETOR SÃO JOSÉ (5) | Setor São José (1) | VILA SAO JOSE (1)
74440320	SEGURO	VILA SAO JOSE	VILA SÃO JOSÉ	1	1	0	100.0	1	VILA SÃO JOSÉ (1)
74440330	SEGURO	SAO JOSE	SETOR SÃO JOSÉ	5	3	2	100.0	1	SETOR SÃO JOSÉ (3) | Setor São José (2)
74440340	BLOQUEADO	SAO JOSE	SETOR SÃO JOSÉ	7	3	4	57.14	2	SETOR SÃO JOSÉ (3) | VILA SÃO JOSE (2) | Setor São José (1) | VILA SÃO JOSÉ (1)
74440350	SEGURO	SAO JOSE	SETOR SÃO JOSÉ	6	4	2	100.0	1	SETOR SÃO JOSÉ (4) | Setor São José (2)
74440360	BLOQUEADO	VILA SAO JOSE	VILA SÃO JOSE	4	2	2	50.0	2	VILA SÃO JOSE (2) | SETOR SAO JOSE (1) | SETOR SÃO JOSÉ (1)
74440370	SEGURO	SAO JOSE	SETOR SÃO JOSÉ	4	3	1	100.0	1	SETOR SÃO JOSÉ (3) | Setor São José (1)
74440380	SEGURO	VILA SAO JOSE	Vila São José	1	1	0	100.0	1	Vila São José (1)
74440400	SEGURO	SAO JOSE	SETOR SÃO JOSÉ	3	2	1	100.0	1	SETOR SÃO JOSÉ (2) | Setor São José (1)
74440410	BLOQUEADO	SAO JOSE	SETOR SÃO JOSÉ	2	1	1	50.0	2	SETOR SÃO JOSÉ (1) | VILA SÃO JOSÉ (1)
74440420	SEGURO	SAO JOSE	Setor São José	6	3	3	100.0	1	Setor São José (3) | SETOR SÃO JOSÉ (2) | SÃO JOSÉ (1)
74440425	SEGURO	VILA SAO JOSE	VILA SÃO JOSE	2	2	0	100.0	1	VILA SÃO JOSE (2)
74440440	SEGURO	SAO JOSE	SETOR SÃO JOSÉ	1	1	0	100.0	1	SETOR SÃO JOSÉ (1)
74440460	BLOQUEADO	SAO JOSE	SETOR SAO JOSE	3	1	2	66.67	2	SETOR SAO JOSE (1) | Setor São José (1) | VILA SAO JOSE (1)
74440470	BLOQUEADO	VILA SAO JOSE	SÃO JOSE	3	1	2	66.67	2	SÃO JOSE (1) | VILA SÃO JOSE (1) | Vila São José (1)
74440480	BLOQUEADO	SAO JOSE	Setor São José	8	3	5	87.5	2	Setor São José (3) | SETOR SÃO JOSÉ (3) | SAO JOSE (1) | VILA SÃO JOSE (1)
74440485	SEGURO	SAO JOSE	Setor São José	3	2	1	100.0	1	Setor São José (2) | SETOR SÃO JOSÉ (1)
74440500	BLOQUEADO	SAO JOSE	SETOR SÃO JOSÉ	3	1	2	66.67	2	SETOR SÃO JOSÉ (1) | Setor São José (1) | VILA SÃO JOSÉ (1)
74440510	BLOQUEADO	SAO JOSE	SETOR SÃO JOSÉ	2	1	1	50.0	2	SETOR SÃO JOSÉ (1) | VILA SÃO JOSÉ (1)
74440520	SEGURO	SAO JOSE	SETOR SÃO JOSÉ	2	1	1	100.0	1	SETOR SÃO JOSÉ (1) | Setor São José (1)
74440530	BLOQUEADO	SAO JOSE	SETOR SÃO JOSÉ	7	3	4	85.71	2	SETOR SÃO JOSÉ (3) | SÃO JOSE (1) | SÃO JOSÉ (1) | Setor São José (1) | VILA SAO JOSE (1)
74440540	SEGURO	SAO JOSE	SETOR SÃO JOSÉ	2	2	0	100.0	1	SETOR SÃO JOSÉ (2)
74440550	BLOQUEADO	SAO JOSE	SETOR SÃO JOSÉ	11	4	7	72.73	2	SETOR SÃO JOSÉ (4) | VILA SÃO JOSE (2) | SÃO JOSE (1) | SAO JOSE (1) | Setor são José (1) | Setor São José (1) | Vila São José (1)
74440560	BLOQUEADO	SAO JOSE	Setor São José	7	3	4	85.71	2	Setor São José (3) | SETOR SÃO JOSÉ (2) | SAO JOSE (1) | Vila são José (1)
74440590	BLOQUEADO	VILA SAO JOSE	Vila São José	6	2	4	83.33	2	Vila São José (2) | Vila são José (2) | SETOR SÃO JOSÉ (1) | VILA SÃO JOSE (1)
74440600	SEGURO	SAO JOSE	SETOR SÃO JOSÉ	4	4	0	100.0	1	SETOR SÃO JOSÉ (4)
74440610	SEGURO	SAO JOSE	SETOR SÃO JOSÉ	6	4	2	100.0	1	SETOR SÃO JOSÉ (4) | Setor São José (1) | SETOR SÃO JOSE (1)
74440620	SEGURO	VILA SAO JOSE	VILA SÃO JOSE	1	1	0	100.0	1	VILA SÃO JOSE (1)
74440630	BLOQUEADO	VILA SAO JOSE	SETOR SÃO JOSÉ	5	2	3	60.0	2	SETOR SÃO JOSÉ (2) | VILA SÃO JOSE (1) | VILA SÃO JOSÉ (1) | Vila São José (1)
74440640	BLOQUEADO	SAO JOSE	SETOR SÃO JOSÉ	11	6	5	81.82	2	SETOR SÃO JOSÉ (6) | Setor São José (2) | SETOR SÃO JOSE (1) | VILA SÃO JOSÉ (1) | VILA SÃO JOSE (1)
74440650	SEGURO	SAO JOSE	SETOR SÃO JOSE	2	1	1	100.0	1	SETOR SÃO JOSE (1) | SETOR SÃO JOSÉ (1)
74440660	SEGURO	VILA SAO JOSE	VILA SÃO JOSÉ	1	1	0	100.0	1	VILA SÃO JOSÉ (1)
74440670	BLOQUEADO	SAO JOSE	SETOR SÃO JOSÉ	5	4	1	80.0	2	SETOR SÃO JOSÉ (4) | VILA SÃO JOSÉ (1)
74440690	SEGURO	SAO JOSE	SETOR SÃO JOSÉ	1	1	0	100.0	1	SETOR SÃO JOSÉ (1)
74440700	BLOQUEADO	SAO JOSE	SETOR SÃO JOSÉ	3	1	2	66.67	2	SETOR SÃO JOSÉ (1) | Setor São José (1) | VILA SÃO JOSÉ (1)
74440710	BLOQUEADO	SAO JOSE	SETOR SÃO JOSÉ	2	1	1	50.0	2	SETOR SÃO JOSÉ (1) | VILA SÃO JOSE (1)
74440730	SEGURO	SAO JOSE	Setor São José	1	1	0	100.0	1	Setor São José (1)
74440735	SEGURO	SAO JOSE	SETOR SÃO JOSÉ	3	2	1	100.0	1	SETOR SÃO JOSÉ (2) | Setor São José (1)
74440740	SEGURO	VILA SAO JOSE	VILA SÃO JOSÉ	1	1	0	100.0	1	VILA SÃO JOSÉ (1)
74440810	SEGURO	VILA SAO JOSE	VILA SÃO JOSÉ	2	1	1	100.0	1	VILA SÃO JOSÉ (1) | VILA SAO JOSE (1)
74440820	SEGURO	VILA SAO JOSE EXTENSAO	Vila são José extensão	1	1	0	100.0	1	Vila são José extensão (1)
74440840	SEGURO	VILA SAO JOSE EXTENSAO	Vila São José Extensão	1	1	0	100.0	1	Vila São José Extensão (1)
74440920	SEGURO	VILA SAO JOSE	VILA SÃO JOSE	1	1	0	100.0	1	VILA SÃO JOSE (1)
74441010	BLOQUEADO	SAO JOSE	SETOR SÃO JOSE	2	1	1	50.0	2	SETOR SÃO JOSE (1) | VILA SÃO JOSE (1)
74445010	SEGURO	VILA JOAO VAZ	VILA JOÃO VAZ	15	11	4	100.0	1	VILA JOÃO VAZ (11) | Vila João Vaz (3) | VILA JOAO VAZ (1)
74445020	SEGURO	VILA JOAO VAZ	VILA JOÃO VAZ	14	12	2	100.0	1	VILA JOÃO VAZ (12) | VILA JOAO VAZ (1) | Vila João Vaz (1)
74445040	SEGURO	VILA JOAO VAZ	VILA JOÃO VAZ	13	10	3	100.0	1	VILA JOÃO VAZ (10) | Vila João Vaz (2) | VILA JOAO VAZ (1)
74445050	SEGURO	VILA JOAO VAZ	VILA JOÃO VAZ	10	6	4	100.0	1	VILA JOÃO VAZ (6) | Vila João Vaz (4)
74445060	SEGURO	VILA JOAO VAZ	VILA JOÃO VAZ	4	4	0	100.0	1	VILA JOÃO VAZ (4)
74445070	SEGURO	VILA JOAO VAZ	VILA JOAO VAZ	1	1	0	100.0	1	VILA JOAO VAZ (1)
74445090	SEGURO	VILA JOAO VAZ	VILA JOÃO VAZ	26	20	6	100.0	1	VILA JOÃO VAZ (20) | Vila João Vaz (4) | VILA JOAO VAZ (2)
74445100	SEGURO	VILA JOAO VAZ	VILA JOÃO VAZ	2	2	0	100.0	1	VILA JOÃO VAZ (2)
74445110	SEGURO	VILA JOAO VAZ	VILA JOÃO VAZ	23	18	5	100.0	1	VILA JOÃO VAZ (18) | Vila João Vaz (5)
74445120	SEGURO	SANTOS DUMONT	SANTOS DUMONT	2	2	0	100.0	1	SANTOS DUMONT (2)
74445130	SEGURO	VILA JOAO VAZ	VILA JOÃO VAZ	3	3	0	100.0	1	VILA JOÃO VAZ (3)
74445140	SEGURO	VILA JOAO VAZ	VILA JOÃO VAZ	6	4	2	100.0	1	VILA JOÃO VAZ (4) | VILA JOAO VAZ (1) | Vila João Vaz (1)
74445160	REVISAR	VILA JOAO VAZ	VILA JOÃO VAZ	27	19	8	96.3	2	VILA JOÃO VAZ (19) | Vila João Vaz (5) | VILA JOAO VAZ (2) | CAPUAVA (1)
74445170	SEGURO	VILA JOAO VAZ	VILA JOÃO VAZ	7	4	3	100.0	1	VILA JOÃO VAZ (4) | Vila João Vaz (2) | VILA JOAO VAZ (1)
74445172	SEGURO	VILA JOAO VAZ	VILA JOÃO VAZ	1	1	0	100.0	1	VILA JOÃO VAZ (1)
74445180	SEGURO	VILA JOAO VAZ	VILA JOÃO VAZ	2	2	0	100.0	1	VILA JOÃO VAZ (2)
74445190	BLOQUEADO	VILA JOAO VAZ	VILA JOÃO VAZ	5	4	1	80.0	2	VILA JOÃO VAZ (4) | SETOR NOROESTE (1)
74445200	SEGURO	VILA JOAO VAZ	VILA JOÃO VAZ	3	3	0	100.0	1	VILA JOÃO VAZ (3)
74445210	SEGURO	VILA JOAO VAZ	VILA JOÃO VAZ	7	4	3	100.0	1	VILA JOÃO VAZ (4) | VILA JOAO VAZ (2) | Vila João Vaz (1)
74445220	SEGURO	VILA JOAO VAZ	VILA JOÃO VAZ	3	2	1	100.0	1	VILA JOÃO VAZ (2) | VILA JOAO VAZ (1)
74445230	BLOQUEADO	VILA JOAO VAZ	VILA JOÃO VAZ	18	15	3	94.44	2	VILA JOÃO VAZ (15) | JOÃO VAZ (1) | VILA JOAO VAZ (1) | Vila João Vaz (1)
74445240	SEGURO	VILA JOAO VAZ	VILA JOÃO VAZ	8	6	2	100.0	1	VILA JOÃO VAZ (6) | Vila João Vaz (2)
74445250	SEGURO	VILA JOAO VAZ	VILA JOÃO VAZ	13	12	1	100.0	1	VILA JOÃO VAZ (12) | VILA JOAO VAZ (1)
74445260	BLOQUEADO	VILA JOAO VAZ	VILA JOÃO VAZ	12	7	5	91.67	2	VILA JOÃO VAZ (7) | VILA JOAO VAZ (2) | Vila João Vaz (2) | CAPUAVA (1)
74445300	BLOQUEADO	CAPUAVA RESIDENCIAL PRIVE	CAPUAVA RESIDENCIAL PRIVE	2	1	1	50.0	2	CAPUAVA RESIDENCIAL PRIVE (1) | RESIDENCIAL PRIVE NORTE (1)
74445302	BLOQUEADO	CAPUAVA RESIDENCIAL PRIVE	CAPUAVA RESIDENCIAL PRIVE	12	5	7	83.33	2	CAPUAVA RESIDENCIAL PRIVE (5) | CAPUAVA RESIDENCIAL PRIVÊ (3) | CAPUAVA (2) | Capuava Residencial Privê (2)
74445305	BLOQUEADO	CAPUAVA RESIDENCIAL PRIVE	CAPUAVA RESIDENCIAL PRIVÊ	2	1	1	50.0	2	CAPUAVA RESIDENCIAL PRIVÊ (1) | RESIDENCIAL PRIVE NORTE (1)
74445360	BLOQUEADO	FAZENDA CAVEIRA	FAZENDA CAVEIRA	2	1	1	50.0	2	FAZENDA CAVEIRA (1) | FAZENDA CAVEIRAS (1)
74445485	SEGURO	VILA MUTIRAO	VILA MUTIRÃO	1	1	0	100.0	1	VILA MUTIRÃO (1)
74446827	SEGURO	CANDIDA DE MORAIS	CANDIDA DE MORAIS	1	1	0	100.0	1	CANDIDA DE MORAIS (1)
74447085	SEGURO	JARDIM CAMARGO	JARDIM CAMARGO	1	1	0	100.0	1	JARDIM CAMARGO (1)
74447258	SEGURO	JARDIM COLORADO	JARDIM COLORADO	2	2	0	100.0	1	JARDIM COLORADO (2)
74450010	SEGURO	CAPUAVA	CAPUAVA	2	2	0	100.0	1	CAPUAVA (2)
74450020	SEGURO	CAPUAVA	CAPUAVA	10	6	4	100.0	1	CAPUAVA (6) | Capuava (3) | BAIRRO CAPUAVA (1)
74450030	SEGURO	CAPUAVA	Capuava	3	3	0	100.0	1	Capuava (3)
74450040	SEGURO	CAPUAVA	Capuava	2	1	1	100.0	1	Capuava (1) | CAPUAVA (1)
74450050	SEGURO	CAPUAVA	CAPUAVA	2	1	1	100.0	1	CAPUAVA (1) | Capuava (1)
74450060	SEGURO	CAPUAVA	CAPUAVA	1	1	0	100.0	1	CAPUAVA (1)
74450070	SEGURO	CAPUAVA	CAPUAVA	4	2	2	100.0	1	CAPUAVA (2) | Capuava (2)
74450090	SEGURO	CAPUAVA	CAPUAVA	1	1	0	100.0	1	CAPUAVA (1)
74450100	SEGURO	CAPUAVA	CAPUAVA	12	6	6	100.0	1	CAPUAVA (6) | BAIRRO CAPUAVA (3) | Capuava (3)
74450110	SEGURO	CAPUAVA	CAPUAVA	8	6	2	100.0	1	CAPUAVA (6) | Capuava (2)
74450120	SEGURO	CAPUAVA	BAIRRO CAPUAVA	1	1	0	100.0	1	BAIRRO CAPUAVA (1)
74450130	SEGURO	CAPUAVA	CAPUAVA	1	1	0	100.0	1	CAPUAVA (1)
74450150	SEGURO	CAPUAVA	CAPUAVA	4	4	0	100.0	1	CAPUAVA (4)
74450170	BLOQUEADO	CAPUAVA	CAPUAVA	19	14	5	94.74	2	CAPUAVA (14) | Capuava (4) | CANDIDA DE MORAES. (1)
74450180	SEGURO	CAPUAVA	CAPUAVA	15	9	6	100.0	1	CAPUAVA (9) | Capuava (5) | BAIRRO CAPUAVA (1)
74450200	SEGURO	CAPUAVA	CAPUAVA	2	1	1	100.0	1	CAPUAVA (1) | Capuava (1)
74450210	SEGURO	CAPUAVA	CAPUAVA	4	2	2	100.0	1	CAPUAVA (2) | Capuava (2)
74450230	SEGURO	CAPUAVA	CAPUAVA	5	5	0	100.0	1	CAPUAVA (5)
74450240	SEGURO	CAPUAVA	CAPUAVA	1	1	0	100.0	1	CAPUAVA (1)
74450260	SEGURO	CAPUAVA	CAPUAVA	4	3	1	100.0	1	CAPUAVA (3) | Capuava (1)
74450290	SEGURO	CAPUAVA	Capuava	1	1	0	100.0	1	Capuava (1)
74450300	BLOQUEADO	CAPUAVA	CAPUAVA	4	2	2	50.0	3	CAPUAVA (2) | JARDIM GRAMADO (1) | SETOR PERIM (1)
74450310	SEGURO	CAPUAVA	CAPUAVA	1	1	0	100.0	1	CAPUAVA (1)
74450330	SEGURO	CAPUAVA	BAIRRO CAPUAVA	3	1	2	100.0	1	BAIRRO CAPUAVA (1) | CAPUAVA (1) | Capuava (1)
74450340	SEGURO	CAPUAVA	CAPUAVA	4	3	1	100.0	1	CAPUAVA (3) | Capuava (1)
74450360	SEGURO	CAPUAVA	Capuava	1	1	0	100.0	1	Capuava (1)
74450370	SEGURO	CAPUAVA	CAPUAVA	1	1	0	100.0	1	CAPUAVA (1)
74450380	SEGURO	CAPUAVA	CAPUAVA	2	1	1	100.0	1	CAPUAVA (1) | Capuava (1)
74450390	SEGURO	CAPUAVA	CAPUAVA	20	14	6	100.0	1	CAPUAVA (14) | Capuava (4) | BAIRRO CAPUAVA (2)
74450400	SEGURO	CAPUAVA	CAPUAVA	31	23	8	100.0	1	CAPUAVA (23) | BAIRRO CAPUAVA (4) | Capuava (4)
74450420	SEGURO	CAPUAVA	CAPUAVA	3	2	1	100.0	1	CAPUAVA (2) | Capuava (1)
74450440	SEGURO	CAPUAVA	CAPUAVA	6	3	3	100.0	1	CAPUAVA (3) | BAIRRO CAPUAVA (2) | Capuava (1)
74450450	SEGURO	CAPUAVA	CAPUAVA	4	2	2	100.0	1	CAPUAVA (2) | Capuava (2)
74450460	SEGURO	CAPUAVA	CAPUAVA	2	2	0	100.0	1	CAPUAVA (2)
74450470	BLOQUEADO	CAPUAVA	CAPUAVA	6	3	3	83.33	2	CAPUAVA (3) | Capuava (2) | MARABA (1)
74450490	SEGURO	CAPUAVA	CAPUAVA	26	21	5	100.0	1	CAPUAVA (21) | BAIRRO CAPUAVA (2) | Capuava (2) | SETOR CAPUAVA (1)
74450550	SEGURO	JARDIM CURITIBA IV	JARDIM CURITIBA IV	1	1	0	100.0	1	JARDIM CURITIBA IV (1)
74451150	SEGURO	RESIDENCIAL 14 BIS	RESIDENCIAL 14 BIS	1	1	0	100.0	1	RESIDENCIAL 14 BIS (1)
74453170	SEGURO	VILA JOAO VAZ	VILA JOAO VAZ	1	1	0	100.0	1	VILA JOAO VAZ (1)
74453460	SEGURO	VILA REGINA	VILA REGINA	2	2	0	100.0	1	VILA REGINA (2)
74453470	SEGURO	VILA REGINA	VILA REGINA	4	3	1	100.0	1	VILA REGINA (3) | Vila Regina (1)
74453490	SEGURO	VILA REGINA	VILA REGINA	1	1	0	100.0	1	VILA REGINA (1)
74453500	SEGURO	VILA REGINA	VILA REGINA	4	3	1	100.0	1	VILA REGINA (3) | Vila Regina (1)
74453540	SEGURO	VILA REGINA	VILA REGINA	17	12	5	100.0	1	VILA REGINA (12) | Vila Regina (4) | Vila regina (1)
74453560	SEGURO	VILA REGINA	VILA REGINA	13	9	4	100.0	1	VILA REGINA (9) | Vila Regina (3) | SETOR VILA REGINA (1)
74453570	SEGURO	VILA REGINA	Vila Regina	8	4	4	100.0	1	Vila Regina (4) | VILA REGINA (4)
74453580	SEGURO	VILA REGINA	VILA REGINA	7	6	1	100.0	1	VILA REGINA (6) | Vila Regina (1)
74453590	SEGURO	VILA REGINA	VILA REGINA	7	6	1	100.0	1	VILA REGINA (6) | Vila Regina (1)
74453600	SEGURO	VILA REGINA	VILA REGINA	8	4	4	100.0	1	VILA REGINA (4) | Vila Regina (4)
74453610	SEGURO	VILA REGINA	VILA REGINA	14	13	1	100.0	1	VILA REGINA (13) | Vila Regina (1)
74453620	SEGURO	VILA REGINA	Vila Regina	5	3	2	100.0	1	Vila Regina (3) | VILA REGINA (2)
74453625	SEGURO	VILA REGINA	VILA REGINA	2	2	0	100.0	1	VILA REGINA (2)
74453650	SEGURO	VILA REGINA	VILA REGINA	8	5	3	100.0	1	VILA REGINA (5) | Vila Regina (3)
74454250	SEGURO	NOVA ESPERANCA	NOVA ESPERANÇA	1	1	0	100.0	1	NOVA ESPERANÇA (1)
74455070	BLOQUEADO	JARDIM NOVA ESPERANCA	JARDIM NOVA ESPERANÇA	6	5	1	83.33	2	JARDIM NOVA ESPERANÇA (5) | NOVA ESPERANÇA (1)
74455130	SEGURO	VILA JOAO VAZ	VILA JOÃO VAZ	1	1	0	100.0	1	VILA JOÃO VAZ (1)
74455530	SEGURO	JARDIM LIBERDADE	JARDIM LIBERDADE	1	1	0	100.0	1	JARDIM LIBERDADE (1)
74455535	SEGURO	NOVO MUNDO	NOVO MUNDO	1	1	0	100.0	1	NOVO MUNDO (1)
74456290	SEGURO	JARDIM NOVA ESPERANCA	JARDIM NOVA ESPERANÇA	1	1	0	100.0	1	JARDIM NOVA ESPERANÇA (1)
74460010	SEGURO	JARDIM PETROPOLIS	JARDIM PETRÓPOLIS	7	3	4	100.0	1	JARDIM PETRÓPOLIS (3) | JARDIM PETROPOLIS (3) | Jardim Petrópolis (1)
74460020	REVISAR	JARDIM PETROPOLIS	JARDIM PETRÓPOLIS	23	12	11	95.65	2	JARDIM PETRÓPOLIS (12) | JARDIM PETROPOLIS (7) | Jardim Petrópolis (3) | JARDIM PETROPLIS (1)
74460030	SEGURO	JARDIM PETROPOLIS	Jardim Petrópolis	2	2	0	100.0	1	Jardim Petrópolis (2)
74460035	SEGURO	JARDIM PETROPOLIS	Jardim Petrópolis	1	1	0	100.0	1	Jardim Petrópolis (1)
74460040	SEGURO	JARDIM PETROPOLIS	JARDIM PETRÓPOLIS	3	3	0	100.0	1	JARDIM PETRÓPOLIS (3)
74460050	SEGURO	JARDIM PETROPOLIS	JARDIM PETRÓPOLIS	10	6	4	100.0	1	JARDIM PETRÓPOLIS (6) | JARDIM PETROPOLIS (2) | Jardim Petrópolis (2)
74460060	SEGURO	JARDIM PETROPOLIS	JARDIM PETRÓPOLIS	8	4	4	100.0	1	JARDIM PETRÓPOLIS (4) | JARDIM PETROPOLIS (3) | Jardim Petrópolis (1)
74460070	SEGURO	JARDIM PETROPOLIS	JARDIM PETRÓPOLIS	3	2	1	100.0	1	JARDIM PETRÓPOLIS (2) | JARDIM PETROPOLIS (1)
74460080	SEGURO	JARDIM PETROPOLIS	JARDIM PETRÓPOLIS	3	2	1	100.0	1	JARDIM PETRÓPOLIS (2) | Jardim Petrópolis (1)
74460090	SEGURO	JARDIM PETROPOLIS	JARDIM PETROPOLIS	1	1	0	100.0	1	JARDIM PETROPOLIS (1)
74460100	SEGURO	JARDIM PETROPOLIS	JARDIM PETRÓPOLIS	1	1	0	100.0	1	JARDIM PETRÓPOLIS (1)
74460110	BLOQUEADO	JARDIM LIBERDADE	JARDIM LIBERDADE	2	1	1	50.0	2	JARDIM LIBERDADE (1) | Jardim Petrópolis (1)
74460120	SEGURO	JARDIM PETROPOLIS	JARDIM PETROPOLIS	3	1	2	100.0	1	JARDIM PETROPOLIS (1) | JARDIM PETRÓPOLIS (1) | Jardim Petrópolis (1)
74460130	SEGURO	JARDIM PETROPOLIS	JARDIM PETRÓPOLIS	3	2	1	100.0	1	JARDIM PETRÓPOLIS (2) | Jardim Petrópolis (1)
74460170	SEGURO	JARDIM NOVO MUNDO	JARDIM NOVO MUNDO	1	1	0	100.0	1	JARDIM NOVO MUNDO (1)
74460180	SEGURO	VILA MUTIRAO	VILA MUTIRAO	1	1	0	100.0	1	VILA MUTIRAO (1)
74460390	SEGURO	JARDIM PETROPOLIS	JARDIM PETRÓPOLIS	1	1	0	100.0	1	JARDIM PETRÓPOLIS (1)
74460440	SEGURO	JARDIM PETROPOLIS	JARDIM PETRÓPOLIS	2	1	1	100.0	1	JARDIM PETRÓPOLIS (1) | Jardim Petrópolis (1)
74460445	SEGURO	JARDIM PETROPOLIS	JARDIM PETRÓPOLIS	1	1	0	100.0	1	JARDIM PETRÓPOLIS (1)
74460450	SEGURO	JARDIM PETROPOLIS	JARDIM PETRÓPOLIS	2	1	1	100.0	1	JARDIM PETRÓPOLIS (1) | Jardim Petrópolis (1)
74460460	SEGURO	JARDIM PETROPOLIS	JARDIM PETRÓPOLIS	1	1	0	100.0	1	JARDIM PETRÓPOLIS (1)
74460470	SEGURO	JARDIM PETROPOLIS	JARDIM PETROPOLIS	1	1	0	100.0	1	JARDIM PETROPOLIS (1)
74460500	BLOQUEADO	JARDIM PETROPOLIS	JARDIM PETRÓPOLIS	7	3	4	71.43	2	JARDIM PETRÓPOLIS (3) | JARDIM PETROPOLIS (1) | Jardim Petrópolis (1) | Vila Regina (1) | VILA REGINA (1)
74460570	SEGURO	JARDIM CURITIBA IV	JARDIM CURITIBA IV	1	1	0	100.0	1	JARDIM CURITIBA IV (1)
74460630	SEGURO	JARDIM PETROPOLIS	JARDIM PETROPOLIS	3	2	1	100.0	1	JARDIM PETROPOLIS (2) | JARDIM PETRÓPOLIS (1)
74460780	SEGURO	RESIDENCIAL PETROPOLIS	Residencial Petrópolis	1	1	0	100.0	1	Residencial Petrópolis (1)
74460970	BLOQUEADO	MORADA DO SOL	SETOR MORADA DO SOL	3	1	2	33.33	3	SETOR MORADA DO SOL (1) | VALE DOS CARAIBAS (1) | VILA FINSOCIAL (1)
74461120	SEGURO	CONDOMINIO DO LAGO	CONDOMÍNIO DO LAGO	1	1	0	100.0	1	CONDOMÍNIO DO LAGO (1)
74461200	SEGURO	JARDIM CLARISSA	JARDIM CLARISSA	1	1	0	100.0	1	JARDIM CLARISSA (1)
74461205	SEGURO	JARDIM CLARISSA	JARDIM CLARISSA	2	2	0	100.0	1	JARDIM CLARISSA (2)
74461210	SEGURO	JARDIM CLARISSA	JARDIM CLARISSA	1	1	0	100.0	1	JARDIM CLARISSA (1)
74461215	SEGURO	JARDIM CLARISSA	JARDIM CLARISSA	4	3	1	100.0	1	JARDIM CLARISSA (3) | Jardim Clarissa (1)
74461220	SEGURO	JARDIM CLARISSA	JARDIM CLARISSA	4	3	1	100.0	1	JARDIM CLARISSA (3) | Jardim Clarissa (1)
74461225	SEGURO	JARDIM CLARISSA	JARDIM CLARISSA	4	4	0	100.0	1	JARDIM CLARISSA (4)
74461230	SEGURO	JARDIM CLARISSA	Jardim Clarissa	5	3	2	100.0	1	Jardim Clarissa (3) | JARDIM CLARISSA (2)
74461240	SEGURO	JARDIM CLARISSA	JARDIM CLARISSA	1	1	0	100.0	1	JARDIM CLARISSA (1)
74461245	SEGURO	JARDIM CLARISSA	JARDIM CLARISSA	2	2	0	100.0	1	JARDIM CLARISSA (2)
74461250	SEGURO	JARDIM CLARISSA	JARDIM CLARISSA	7	6	1	100.0	1	JARDIM CLARISSA (6) | Jardim Clarissa (1)
74461265	SEGURO	JARDIM CLARISSA	JARDIM CLARISSA	9	6	3	100.0	1	JARDIM CLARISSA (6) | Jardim Clarissa (3)
74461290	SEGURO	JARDIM CLARISSA	JARDIM CLARISSA	3	2	1	100.0	1	JARDIM CLARISSA (2) | Jardim Clarissa (1)
74461295	SEGURO	JARDIM CLARISSA	JARDIM CLARISSA	5	3	2	100.0	1	JARDIM CLARISSA (3) | Jardim Clarissa (2)
74461310	SEGURO	JARDIM CLARISSA	JARDIM CLARISSA	4	3	1	100.0	1	JARDIM CLARISSA (3) | Jardim Clarissa (1)
74461315	SEGURO	JARDIM CLARISSA	JARDIM CLARISSA	2	1	1	100.0	1	JARDIM CLARISSA (1) | Jardim Clarissa (1)
74461650	SEGURO	SANTOS DUMONT	SANTOS DUMONT	1	1	0	100.0	1	SANTOS DUMONT (1)
74461715	SEGURO	MANSOES PARAISO	MANSÕES PARAISO	1	1	0	100.0	1	MANSÕES PARAISO (1)
74462060	SEGURO	JARDIM PETROPOLIS	JARDIM PETROPOLIS	1	1	0	100.0	1	JARDIM PETROPOLIS (1)
74462760	SEGURO	SANTOS DUMONT	SANTOS DUMONT	1	1	0	100.0	1	SANTOS DUMONT (1)
74463015	SEGURO	SANTOS DUMONT	SANTOS DUMONT	2	1	1	100.0	1	SANTOS DUMONT (1) | SETOR SANTOS DUMONT (1)
74463023	SEGURO	PARQUE INDUSTRIAL PAULISTA	PARQUE INDUSTRIAL PAULISTA	3	3	0	100.0	1	PARQUE INDUSTRIAL PAULISTA (3)
74463025	SEGURO	CAPUAVA	CAPUAVA	1	1	0	100.0	1	CAPUAVA (1)
74463030	BLOQUEADO	PARQUE INDUSTRIAL PAULISTA	PARQUE INDUSTRIAL PAULISTA	2	1	1	50.0	2	PARQUE INDUSTRIAL PAULISTA (1) | SANTOS DUMONT (1)
74463060	SEGURO	PARQUE INDUSTRIAL PAULISTA	PARQUE INDUSTRIAL PAULISTA	1	1	0	100.0	1	PARQUE INDUSTRIAL PAULISTA (1)
74463065	SEGURO	VILA REGINA	VILA REGINA	1	1	0	100.0	1	VILA REGINA (1)
74463075	SEGURO	PARQUE INDUSTRIAL PAULISTA	Parque Industrial Paulista	1	1	0	100.0	1	Parque Industrial Paulista (1)
74463080	SEGURO	SANTOS DUMONT	SANTOS DUMONT	1	1	0	100.0	1	SANTOS DUMONT (1)
74463100	BLOQUEADO	PARQUE INDUSTRIAL PAULISTA	PARQUE INDUSTRIAL PAULISTA	8	5	3	87.5	2	PARQUE INDUSTRIAL PAULISTA (5) | Parque Industrial Paulista (2) | PARQUE INDUSTRIAL (1)
74463150	BLOQUEADO	CANDIDA DE MORAIS	SETOR CÂNDIDA DE MORAIS	11	7	4	63.64	3	SETOR CÂNDIDA DE MORAIS (7) | CANDIDA DE MORAES (3) | CONDOMÍNIO MARESIA , RESIDENCIAL ITAMARACÁ (1)
74463160	BLOQUEADO	CANDIDA DE MORAIS	SETOR CÂNDIDA DE MORAIS	6	4	2	66.67	2	SETOR CÂNDIDA DE MORAIS (4) | CANDIDA DE MORAES (2)
74463165	BLOQUEADO	CANDIDA DE MORAIS	SETOR CÂNDIDA DE MORAIS	19	8	11	63.16	4	SETOR CÂNDIDA DE MORAIS (8) | Setor Cândida de Morais (4) | CANDIDA DE MORAES (3) | SETOR SANTOS DUMONT (2) | CÂNDIDA DE MORAES (1) | CÂNDIDAS DE MORAIS (1)
74463170	BLOQUEADO	CANDIDA DE MORAES	CANDIDA DE MORAES	18	10	8	55.56	2	CANDIDA DE MORAES (10) | SETOR CÂNDIDA DE MORAIS (6) | CÂNDIDA DE MORAIS (1) | Setor Cândida de Morais (1)
74463180	SEGURO	CANDIDA DE MORAIS	SETOR CÂNDIDA DE MORAIS	7	7	0	100.0	1	SETOR CÂNDIDA DE MORAIS (7)
74463190	BLOQUEADO	CANDIDA DE MORAIS	SETOR CÂNDIDA DE MORAIS	14	7	7	85.71	2	SETOR CÂNDIDA DE MORAIS (7) | Setor Cândida de Morais (4) | CANDIDA DE MORAES (2) | CANDIDA DE MORAIS (1)
74463200	BLOQUEADO	CANDIDA DE MORAIS	SETOR CÂNDIDA DE MORAIS	44	21	23	70.45	4	SETOR CÂNDIDA DE MORAIS (21) | CANDIDA DE MORAES (11) | Setor Cândida de Morais (8) | CANDIDA DE MORAIS (1) | JARDIM NOVA ESPERANÇA (1) | SETOR CANDIDA DE MORAIS (1) | SETOR CANDIDADE MORAES (1)
74463210	BLOQUEADO	CANDIDA DE MORAIS	SETOR CÂNDIDA DE MORAIS	22	11	11	63.64	3	SETOR CÂNDIDA DE MORAIS (11) | CANDIDA DE MORAES (7) | Setor Cândida de Morais (3) | CENTRO (1)
74463220	BLOQUEADO	CANDIDA DE MORAIS	CANDIDA DE MORAES	29	13	16	55.17	2	CANDIDA DE MORAES (13) | SETOR CÂNDIDA DE MORAIS (11) | Setor Cândida de Morais (5)
74463230	BLOQUEADO	CANDIDA DE MORAIS	SETOR CÂNDIDA DE MORAIS	20	10	10	65.0	2	SETOR CÂNDIDA DE MORAIS (10) | CANDIDA DE MORAES (7) | Setor Cândida de Morais (3)
74463240	BLOQUEADO	CANDIDA DE MORAES	CANDIDA DE MORAES	22	11	11	50.0	3	CANDIDA DE MORAES (11) | SETOR CÂNDIDA DE MORAIS (6) | Setor Cândida de Morais (4) | JARDIM NOVA ESPERANÇA (1)
74463250	BLOQUEADO	CANDIDA DE MORAIS	SETOR CÂNDIDA DE MORAIS	8	5	3	62.5	2	SETOR CÂNDIDA DE MORAIS (5) | CANDIDA DE MORAES (3)
74463260	BLOQUEADO	CANDIDA DE MORAIS	SETOR CÂNDIDA DE MORAIS	23	14	9	69.57	2	SETOR CÂNDIDA DE MORAIS (14) | CANDIDA DE MORAES (7) | CANDIDA DE MORAIS (1) | Setor Cândida de Morais (1)
74463270	BLOQUEADO	CANDIDA DE MORAIS	SETOR CÂNDIDA DE MORAIS	6	3	3	50.0	3	SETOR CÂNDIDA DE MORAIS (3) | CANDIDA DE MORAES (2) | SANTOS DUMONT (1)
74463280	BLOQUEADO	CANDIDA DE MORAES	CANDIDA DE MORAES	292	265	27	91.1	4	CANDIDA DE MORAES (265) | SETOR CÂNDIDA DE MORAIS (17) | Setor Cândida de Morais (5) | JARDIM NOVA ESPERANÇA (3) | CANDIDO DE MORAES (1) | SETOR CANDIDA DE MORAES (1)
74463290	BLOQUEADO	CANDIDA DE MORAIS	SETOR CÂNDIDA DE MORAIS	4	2	2	50.0	3	SETOR CÂNDIDA DE MORAIS (2) | CANDIDA DE MORAES (1) | CAPUAVA (1)
74463310	SEGURO	CANDIDA DE MORAIS	SETOR CÂNDIDA DE MORAIS	1	1	0	100.0	1	SETOR CÂNDIDA DE MORAIS (1)
74463317	BLOQUEADO	CAPUAVA	CAPUAVA	2	1	1	50.0	2	CAPUAVA (1) | Setor Cândida de Morais (1)
74463320	BLOQUEADO	CANDIDA DE MORAIS	SETOR CÂNDIDA DE MORAIS	15	11	4	86.67	2	SETOR CÂNDIDA DE MORAIS (11) | CANDIDA DE MORAES (2) | Setor Cândida de Morais (2)
74463330	BLOQUEADO	CANDIDA DE MORAIS	SETOR CÂNDIDA DE MORAIS	16	8	8	62.5	2	SETOR CÂNDIDA DE MORAIS (8) | CANDIDA DE MORAES (5) | CÂNDIDA DE MORAIS (1) | SETOR CANDIDA DE MORAES (1) | Setor Cândida de Morais (1)
74463335	SEGURO	CANDIDA DE MORAIS	SETOR CÂNDIDA DE MORAIS	1	1	0	100.0	1	SETOR CÂNDIDA DE MORAIS (1)
74463338	SEGURO	CANDIDA DE MORAES	CANDIDA DE MORAES	1	1	0	100.0	1	CANDIDA DE MORAES (1)
74463340	BLOQUEADO	SANTOS DUMONT	SETOR SANTOS DUMONT	16	6	10	75.0	2	SETOR SANTOS DUMONT (6) | SANTOS DUMONT (5) | CANDIDA DE MORAES (4) | Setor Santos Dumont (1)
74463348	SEGURO	SANTOS DUMONT	SETOR SANTOS DUMONT	1	1	0	100.0	1	SETOR SANTOS DUMONT (1)
74463350	SEGURO	SANTOS DUMONT	SANTOS DUMONT	2	1	1	100.0	1	SANTOS DUMONT (1) | SETOR SANTOS DUMONT (1)
74463360	SEGURO	SANTOS DUMONT	SANTOS DUMONT	5	2	3	100.0	1	SANTOS DUMONT (2) | SETOR SANTOS DUMONT (2) | Setor Santos Dumont (1)
74463370	SEGURO	SANTOS DUMONT	SANTOS DUMONT	4	2	2	100.0	1	SANTOS DUMONT (2) | SETOR SANTOS DUMONT (2)
74463375	BLOQUEADO	CANDIDA DE MORAES	CANDIDA DE MORAES	2	1	1	50.0	2	CANDIDA DE MORAES (1) | SETOR SANTOS DUMONT (1)
74463380	REVISAR	SANTOS DUMONT	SANTOS DUMONT	24	11	13	95.83	2	SANTOS DUMONT (11) | SETOR SANTOS DUMONT (8) | Setor Santos Dumont (4) | JARDIM NOVA ESPERANCA (1)
74463400	SEGURO	SANTOS DUMONT	SETOR SANTOS DUMONT	9	6	3	100.0	1	SETOR SANTOS DUMONT (6) | Setor Santos Dumont (2) | SANTOS DUMONT (1)
74463410	SEGURO	SANTOS DUMONT	SETOR SANTOS DUMONT	2	2	0	100.0	1	SETOR SANTOS DUMONT (2)
74463414	SEGURO	CANDIDA DE MORAES	CANDIDA DE MORAES	1	1	0	100.0	1	CANDIDA DE MORAES (1)
74463430	SEGURO	SANTOS DUMONT	SETOR SANTOS DUMONT	6	3	3	100.0	1	SETOR SANTOS DUMONT (3) | Setor Santos Dumont (2) | SANTOS DUMONT (1)
74463440	SEGURO	SANTOS DUMONT	SETOR SANTOS DUMONT	3	3	0	100.0	1	SETOR SANTOS DUMONT (3)
74463445	SEGURO	SANTOS DUMONT	SANTOS DUMONT	5	2	3	100.0	1	SANTOS DUMONT (2) | SETOR SANTOS DUMONT (2) | Setor Santos Dumont (1)
74463450	SEGURO	SANTOS DUMONT	SETOR SANTOS DUMONT	2	1	1	100.0	1	SETOR SANTOS DUMONT (1) | Setor Santos Dumont (1)
74463460	SEGURO	SANTOS DUMONT	SANTOS DUMONT	2	1	1	100.0	1	SANTOS DUMONT (1) | Setor Santos Dumont (1)
74463470	SEGURO	SANTOS DUMONT	SETOR SANTOS DUMONT	4	3	1	100.0	1	SETOR SANTOS DUMONT (3) | SANTOS DUMONT (1)
74463480	SEGURO	SANTOS DUMONT	Setor Santos Dumont	6	3	3	100.0	1	Setor Santos Dumont (3) | SETOR SANTOS DUMONT (2) | SANTOS DUMONT (1)
74463490	SEGURO	SANTOS DUMONT	SETOR SANTOS DUMONT	13	7	6	100.0	1	SETOR SANTOS DUMONT (7) | SANTOS DUMONT (4) | Setor Santos Dumont (2)
74463500	SEGURO	SANTOS DUMONT	SETOR SANTOS DUMONT	7	5	2	100.0	1	SETOR SANTOS DUMONT (5) | SANTOS DUMONT (1) | Setor Santos Dumont (1)
74463510	SEGURO	SANTOS DUMONT	SETOR SANTOS DUMONT	7	6	1	100.0	1	SETOR SANTOS DUMONT (6) | Setor Santos Dumont (1)
74463520	SEGURO	SANTOS DUMONT	SETOR SANTOS DUMONT	5	2	3	100.0	1	SETOR SANTOS DUMONT (2) | Setor Santos Dumont (2) | SANTOS DUMONT (1)
74463550	SEGURO	SANTOS DUMONT	SANTOS DUMONT	4	2	2	100.0	1	SANTOS DUMONT (2) | SETOR SANTOS DUMONT (1) | Setor Santos Dumont (1)
74463560	SEGURO	SANTOS DUMONT	SETOR SANTOS DUMONT	5	4	1	100.0	1	SETOR SANTOS DUMONT (4) | Setor Santos Dumont (1)
74463570	SEGURO	SANTOS DUMONT	SETOR SANTOS DUMONT	4	3	1	100.0	1	SETOR SANTOS DUMONT (3) | Setor Santos Dumont (1)
74463580	SEGURO	SANTOS DUMONT	SETOR SANTOS DUMONT	4	2	2	100.0	1	SETOR SANTOS DUMONT (2) | SANTOS DUMONT (1) | Setor Santos Dumont (1)
74463590	SEGURO	SANTOS DUMONT	SETOR SANTOS DUMONT	2	1	1	100.0	1	SETOR SANTOS DUMONT (1) | Setor Santos Dumont (1)
74463600	SEGURO	SANTOS DUMONT	SETOR SANTOS DUMONT	5	4	1	100.0	1	SETOR SANTOS DUMONT (4) | Setor Santos Dumont (1)
74463610	SEGURO	SANTOS DUMONT	SANTOS DUMONT	6	4	2	100.0	1	SANTOS DUMONT (4) | SETOR SANTOS DUMONT (2)
74463615	BLOQUEADO	SANTOS DUMONT	SETOR SANTOS DUMONT	5	2	3	60.0	3	SETOR SANTOS DUMONT (2) | Jardim nova esperança (1) | SETOR CÂNDIDA DE MORAIS (1) | Setor Santos Dumont (1)
74463620	SEGURO	SANTOS DUMONT	SETOR SANTOS DUMONT	3	2	1	100.0	1	SETOR SANTOS DUMONT (2) | SANTOS DUMONT (1)
74463630	SEGURO	SANTOS DUMONT	SETOR SANTOS DUMONT	3	2	1	100.0	1	SETOR SANTOS DUMONT (2) | SANTOS DUMONT (1)
74463640	SEGURO	SANTOS DUMONT	SETOR SANTOS DUMONT	7	3	4	100.0	1	SETOR SANTOS DUMONT (3) | SANTOS DUMONT (2) | Setor Santos Dumont (2)
74463650	SEGURO	SANTOS DUMONT	SETOR SANTOS DUMONT	2	1	1	100.0	1	SETOR SANTOS DUMONT (1) | Setor Santos Dumont (1)
74463660	SEGURO	SANTOS DUMONT	SANTOS DUMONT	24	8	16	100.0	1	SANTOS DUMONT (8) | Setor Santos Dumont (8) | SETOR SANTOS DUMONT (8)
74463670	SEGURO	SANTOS DUMONT	SANTOS DUMONT	12	7	5	100.0	1	SANTOS DUMONT (7) | SETOR SANTOS DUMONT (3) | Setor Santos Dumont (2)
74463680	SEGURO	SANTOS DUMONT	SANTOS DUMONT	5	3	2	100.0	1	SANTOS DUMONT (3) | Setor Santos Dumont (1) | SETOR SANTOS DUMONT (1)
74463690	SEGURO	SANTOS DUMONT	SETOR SANTOS DUMONT	13	10	3	100.0	1	SETOR SANTOS DUMONT (10) | SANTOS DUMONT (2) | Setor Santos Dumont (1)
74463710	SEGURO	SANTOS DUMONT	SANTOS DUMONT	2	1	1	100.0	1	SANTOS DUMONT (1) | Setor Santos Dumont (1)
74463720	SEGURO	SANTOS DUMONT	SANTOS DUMONT	2	2	0	100.0	1	SANTOS DUMONT (2)
74463730	SEGURO	SANTOS DUMONT	SETOR SANTOS DUMONT	2	1	1	100.0	1	SETOR SANTOS DUMONT (1) | Setor Santos Dumont (1)
74463740	SEGURO	SANTOS DUMONT	SANTOS DUMONT	3	1	2	100.0	1	SANTOS DUMONT (1) | SETOR SANTOS DUMONT (1) | Setor Santos Dumont (1)
74463750	SEGURO	SANTOS DUMONT	SETOR SANTOS DUMONT	8	4	4	100.0	1	SETOR SANTOS DUMONT (4) | SANTOS DUMONT (3) | Setor Santos Dumont (1)
74463760	SEGURO	SANTOS DUMONT	SANTOS DUMONT	33	16	17	100.0	1	SANTOS DUMONT (16) | SETOR SANTOS DUMONT (14) | Setor Santos Dumont (3)
74463770	SEGURO	SANTOS DUMONT	SANTOS DUMONT	26	13	13	100.0	1	SANTOS DUMONT (13) | SETOR SANTOS DUMONT (10) | Setor Santos Dumont (3)
74463780	SEGURO	SANTOS DUMONT	SETOR SANTOS DUMONT	15	9	6	100.0	1	SETOR SANTOS DUMONT (9) | SANTOS DUMONT (4) | Setor Santos Dumont (2)
74463790	SEGURO	SANTOS DUMONT	SANTOS DUMONT	7	4	3	100.0	1	SANTOS DUMONT (4) | SETOR SANTOS DUMONT (3)
74463800	SEGURO	SANTOS DUMONT	SETOR SANTOS DUMONT	8	5	3	100.0	1	SETOR SANTOS DUMONT (5) | Setor Santos Dumont (3)
74463810	SEGURO	SANTOS DUMONT	SETOR SANTOS DUMONT	18	11	7	100.0	1	SETOR SANTOS DUMONT (11) | SANTOS DUMONT (7)
74463820	SEGURO	SANTOS DUMONT	SETOR SANTOS DUMONT	10	6	4	100.0	1	SETOR SANTOS DUMONT (6) | Setor Santos Dumont (3) | SANTOS DUMONT (1)
74463830	SEGURO	SANTOS DUMONT	SETOR SANTOS DUMONT	14	7	7	100.0	1	SETOR SANTOS DUMONT (7) | SANTOS DUMONT (6) | Setor Santos Dumont (1)
74463831	SEGURO	RESIDENCIAL 14 BIS	RESIDENCIAL 14 BIS	1	1	0	100.0	1	RESIDENCIAL 14 BIS (1)
74463833	SEGURO	RESIDENCIAL 14 BIS	RESIDENCIAL 14 BIS	2	2	0	100.0	1	RESIDENCIAL 14 BIS (2)
74463835	SEGURO	RESIDENCIAL 14 BIS	RESIDENCIAL 14 BIS	8	4	4	100.0	1	RESIDENCIAL 14 BIS (4) | Residencial 14 Bis (4)
74463836	SEGURO	RESIDENCIAL 14 BIS	RESIDENCIAL 14 BIS	9	5	4	100.0	1	RESIDENCIAL 14 BIS (5) | Residencial 14 Bis (4)
74463837	SEGURO	RESIDENCIAL 14 BIS	RESIDENCIAL 14 BIS	2	1	1	100.0	1	RESIDENCIAL 14 BIS (1) | Residencial 14 Bis (1)
74463838	SEGURO	RESIDENCIAL 14 BIS	RESIDENCIAL 14 BIS	2	2	0	100.0	1	RESIDENCIAL 14 BIS (2)
74463840	SEGURO	JARDIM BONANZA	Jardim Bonanza	3	3	0	100.0	1	Jardim Bonanza (3)
74463846	SEGURO	JARDIM BONANZA	JARDIM BONANZA	2	1	1	100.0	1	JARDIM BONANZA (1) | Jardim Bonanza (1)
74463848	SEGURO	JARDIM BONANZA	JARDIM BONANZA	4	3	1	100.0	1	JARDIM BONANZA (3) | Jardim Bonanza (1)
74463850	BLOQUEADO	JARDIM BONANZA	JARDIM BONANZA	6	3	3	83.33	2	JARDIM BONANZA (3) | Jardim Bonanza (2) | SANTOS DUMONT (1)
74463852	SEGURO	JARDIM BONANZA	JARDIM BONANZA	3	3	0	100.0	1	JARDIM BONANZA (3)
74463856	SEGURO	JARDIM BONANZA	JARDIM BONANZA	3	2	1	100.0	1	JARDIM BONANZA (2) | Jardim Bonanza (1)
74463860	SEGURO	JARDIM BONANZA	JARDIM BONANZA	2	2	0	100.0	1	JARDIM BONANZA (2)
74463862	SEGURO	JARDIM BONANZA	JARDIM BONANZA	7	5	2	100.0	1	JARDIM BONANZA (5) | Jardim Bonanza (2)
74463868	SEGURO	JARDIM BONANZA	JARDIM BONANZA	6	4	2	100.0	1	JARDIM BONANZA (4) | Jardim Bonanza (2)
74463870	SEGURO	JARDIM BONANZA	JARDIM BONANZA	1	1	0	100.0	1	JARDIM BONANZA (1)
74463872	SEGURO	JARDIM BONANZA	JARDIM BONANZA	2	2	0	100.0	1	JARDIM BONANZA (2)
74463874	SEGURO	JARDIM BONANZA	Jardim Bonanza	1	1	0	100.0	1	Jardim Bonanza (1)
74463875	SEGURO	JARDIM BONANZA	JARDIM BONANZA	7	7	0	100.0	1	JARDIM BONANZA (7)
74464000	SEGURO	BARRA DA TIJUCA	SETOR BARRA DA TIJUCA	4	2	2	100.0	1	SETOR BARRA DA TIJUCA (2) | BARRA DA TIJUCA (1) | Setor Barra da Tijuca (1)
74464010	SEGURO	BARRA DA TIJUCA	BARRA DA TIJUCA	13	6	7	100.0	1	BARRA DA TIJUCA (6) | SETOR BARRA DA TIJUCA (5) | Setor Barra da Tijuca (2)
74464016	SEGURO	DA TIJUCA	BAIRRO DA TIJUCA	1	1	0	100.0	1	BAIRRO DA TIJUCA (1)
74464020	SEGURO	BARRA DA TIJUCA	SETOR BARRA DA TIJUCA	1	1	0	100.0	1	SETOR BARRA DA TIJUCA (1)
74464025	SEGURO	BARRA DA TIJUCA	SETOR BARRA DA TIJUCA	5	4	1	100.0	1	SETOR BARRA DA TIJUCA (4) | BARRA DA TIJUCA (1)
74464030	SEGURO	BARRA DA TIJUCA	BARRA DA TIJUCA	5	2	3	100.0	1	BARRA DA TIJUCA (2) | SETOR BARRA DA TIJUCA (2) | Setor Barra da Tijuca (1)
74464040	SEGURO	BARRA DA TIJUCA	BARRA DA TIJUCA	3	1	2	100.0	1	BARRA DA TIJUCA (1) | SETOR BARRA DA TIJUCA (1) | Setor Barra da Tijuca (1)
74464045	SEGURO	BARRA DA TIJUCA	SETOR BARRA DA TIJUCA	2	2	0	100.0	1	SETOR BARRA DA TIJUCA (2)
74464055	SEGURO	BARRA DA TIJUCA	BARRA DA TIJUCA	1	1	0	100.0	1	BARRA DA TIJUCA (1)
74464060	SEGURO	BARRA DA TIJUCA	SETOR BARRA DA TIJUCA	1	1	0	100.0	1	SETOR BARRA DA TIJUCA (1)
74464065	SEGURO	BARRA DA TIJUCA	Setor Barra da Tijuca	1	1	0	100.0	1	Setor Barra da Tijuca (1)
74464070	SEGURO	BARRA DA TIJUCA	SETOR BARRA DA TIJUCA	5	3	2	100.0	1	SETOR BARRA DA TIJUCA (3) | BARRA DA TIJUCA (1) | Setor Barra da Tijuca (1)
74464075	SEGURO	BARRA DA TIJUCA	SETOR BARRA DA TIJUCA	4	2	2	100.0	1	SETOR BARRA DA TIJUCA (2) | BARRA DA TIJUCA (1) | Setor Barra da Tijuca (1)
74464110	SEGURO	JARDIM NOVO PETROPOLIS	Jardim Novo Petrópolis	1	1	0	100.0	1	Jardim Novo Petrópolis (1)
74464120	BLOQUEADO	JARDIM NOVO PETROPOLIS	JARDIM NOVO PETRÓPOLIS	2	1	1	50.0	2	JARDIM NOVO PETRÓPOLIS (1) | JARDIM PETROPOLIS (1)
74464130	BLOQUEADO	JARDIM NOVO PETROPOLIS	JARDIM NOVO PETRÓPOLIS	4	2	2	50.0	2	JARDIM NOVO PETRÓPOLIS (2) | JARDIM PETROPOLIS (1) | JARDIM PETRÓPOLIS (1)
74464135	BLOQUEADO	JARDIM NOVO PETROPOLIS	Jardim Novo Petrópolis	11	5	6	81.82	2	Jardim Novo Petrópolis (5) | JARDIM NOVO PETRÓPOLIS (4) | JARDIM PETROPOLIS (1) | JARDIM PETRÓPOLIS (1)
74464145	SEGURO	JARDIM NOVO PETROPOLIS	JARDIM NOVO PETRÓPOLIS	4	3	1	100.0	1	JARDIM NOVO PETRÓPOLIS (3) | Jardim Novo Petrópolis (1)
74464149	SEGURO	JARDIM NOVO PETROPOLIS	Jardim Novo Petrópolis	2	1	1	100.0	1	Jardim Novo Petrópolis (1) | JARDIM NOVO PETRÓPOLIS (1)
74464150	SEGURO	RESIDENCIAL 14 BIS EXTENSAO	RESIDENCIAL 14 BIS EXTENSÃO	2	2	0	100.0	1	RESIDENCIAL 14 BIS EXTENSÃO (2)
74464155	BLOQUEADO	RESIDENCIAL 14 BIS EXTENSAO	RESIDENCIAL 14 BIS EXTENSÃO	4	2	2	75.0	2	RESIDENCIAL 14 BIS EXTENSÃO (2) | RESIDENCIAL 14 BIS (1) | Residencial 14 Bis Extensão (1)
74464165	SEGURO	RESIDENCIAL 14 BIS EXTENSAO	RESIDENCIAL 14 BIS EXTENSÃO	1	1	0	100.0	1	RESIDENCIAL 14 BIS EXTENSÃO (1)
74464534	SEGURO	MARABA	SETOR MARABÁ	1	1	0	100.0	1	SETOR MARABÁ (1)
74465010	REVISAR	JARDIM NOVA ESPERANCA	JARDIM NOVA ESPERANÇA	33	27	6	96.97	2	JARDIM NOVA ESPERANÇA (27) | Jardim Nova Esperança (5) | JARDIM NOVA ESPERANÇAA (1)
74465020	SEGURO	JARDIM NOVA ESPERANCA	JARDIM NOVA ESPERANÇA	36	33	3	100.0	1	JARDIM NOVA ESPERANÇA (33) | Jardim Nova Esperança (3)
74465025	BLOQUEADO	JARDIM NOVA ESPERANCA	JARDIM NOVA ESPERANÇA	15	11	4	86.67	3	JARDIM NOVA ESPERANÇA (11) | Jardim Nova Esperança (2) | CANDIDA DE MORAES (1) | CANDIDA DE MORAIS (1)
74465030	SEGURO	JARDIM NOVA ESPERANCA	JARDIM NOVA ESPERANÇA	4	4	0	100.0	1	JARDIM NOVA ESPERANÇA (4)
74465040	SEGURO	JARDIM NOVA ESPERANCA	JARDIM NOVA ESPERANÇA	6	6	0	100.0	1	JARDIM NOVA ESPERANÇA (6)
74465050	REVISAR	JARDIM NOVA ESPERANCA	JARDIM NOVA ESPERANÇA	46	39	7	97.83	2	JARDIM NOVA ESPERANÇA (39) | Jardim Nova Esperança (6) | NOVA ESPERANÇA (1)
74465060	SEGURO	JARDIM NOVA ESPERANCA	JARDIM NOVA ESPERANÇA	3	3	0	100.0	1	JARDIM NOVA ESPERANÇA (3)
74465070	SEGURO	JARDIM NOVA ESPERANCA	JARDIM NOVA ESPERANÇA	45	35	10	100.0	1	JARDIM NOVA ESPERANÇA (35) | Jardim Nova Esperança (8) | JARDIM NOVA ESPERANCA (1) | Jardim Nova esperança (1)
74465080	BLOQUEADO	JARDIM NOVA ESPERANCA	JARDIM NOVA ESPERANÇA	2	1	1	50.0	2	JARDIM NOVA ESPERANÇA (1) | PARQUE TREMENDÃO (1)
74465090	BLOQUEADO	JARDIM NOVA ESPERANCA	JARDIM NOVA ESPERANÇA	4	2	2	75.0	2	JARDIM NOVA ESPERANÇA (2) | Jardim Nova Esperança (1) | PARQUE DAS FLORES (1)
74465100	REVISAR	JARDIM NOVA ESPERANCA	JARDIM NOVA ESPERANÇA	81	63	18	97.53	3	JARDIM NOVA ESPERANÇA (63) | Jardim Nova Esperança (16) | JARDIM GRAMADO (1) | NOVA ESPERANÇA (1)
74465110	SEGURO	JARDIM NOVA ESPERANCA	JARDIM NOVA ESPERANÇA	1	1	0	100.0	1	JARDIM NOVA ESPERANÇA (1)
74465120	SEGURO	JARDIM NOVA ESPERANCA	JARDIM NOVA ESPERANÇA	47	36	11	100.0	1	JARDIM NOVA ESPERANÇA (36) | Jardim Nova Esperança (11)
74465140	BLOQUEADO	JARDIM NOVA ESPERANCA	JARDIM NOVA ESPERANÇA	130	69	61	63.85	16	JARDIM NOVA ESPERANÇA (69) | JARDIM COLORADO (13) | Jardim Nova Esperança (12) | JARDIM DAS HORTÊNCIAS (6) | NOVO PLANALTO (5) | SETOR MARABÁ (4) | CANDIDA DE MORAES (3) | JARDIM DAS HORTENCIAS (2) | JARDIM LIBERDADE (2) | JARDIM NOVA ESPERANCA (2) | MANSÕES PARAÍSO (2) | NOVA ESPERANÇA (2) | SETOR NOROESTE (2) | ALBINO BOAVENTURA (1) | JARDIM HELLOU (1) | MORADA DO SOL (1) | PARQUE TREMENDÃO (1) | RESIDENCIAL MANSOES PARAISO (1) | VILA FINSOCIAL (1)
74465150	SEGURO	JARDIM NOVA ESPERANCA	JARDIM NOVA ESPERANÇA	34	28	6	100.0	1	JARDIM NOVA ESPERANÇA (28) | Jardim Nova Esperança (6)
74465160	SEGURO	JARDIM NOVA ESPERANCA	JARDIM NOVA ESPERANÇA	48	41	7	100.0	1	JARDIM NOVA ESPERANÇA (41) | Jardim Nova Esperança (7)
74465170	SEGURO	JARDIM NOVA ESPERANCA	JARDIM NOVA ESPERANÇA	17	15	2	100.0	1	JARDIM NOVA ESPERANÇA (15) | Jardim Nova Esperança (2)
74465180	SEGURO	JARDIM NOVA ESPERANCA	JARDIM NOVA ESPERANÇA	2	2	0	100.0	1	JARDIM NOVA ESPERANÇA (2)
74465190	REVISAR	JARDIM NOVA ESPERANCA	JARDIM NOVA ESPERANÇA	57	42	15	98.25	2	JARDIM NOVA ESPERANÇA (42) | Jardim Nova Esperança (14) | NOVA ESPERANÇA (1)
74465200	SEGURO	JARDIM NOVA ESPERANCA	JARDIM NOVA ESPERANÇA	21	21	0	100.0	1	JARDIM NOVA ESPERANÇA (21)
74465210	SEGURO	JARDIM NOVA ESPERANCA	JARDIM NOVA ESPERANÇA	52	43	9	100.0	1	JARDIM NOVA ESPERANÇA (43) | Jardim Nova Esperança (8) | JARDIM NOVA ESPERANCA (1)
74465215	BLOQUEADO	JARDIM NOVA ESPERANCA	JARDIM NOVA ESPERANÇA	18	12	6	94.44	2	JARDIM NOVA ESPERANÇA (12) | Jardim Nova Esperança (5) | PARQUE TREMENDAO (1)
74465220	SEGURO	JARDIM NOVA ESPERANCA	Jardim Nova Esperança	4	2	2	100.0	1	Jardim Nova Esperança (2) | JARDIM NOVA ESPERANCA (1) | JARDIM NOVA ESPERANÇA (1)
74465230	SEGURO	JARDIM NOVA ESPERANCA	JARDIM NOVA ESPERANÇA	3	2	1	100.0	1	JARDIM NOVA ESPERANÇA (2) | Jardim Nova Esperança (1)
74465240	SEGURO	JARDIM NOVA ESPERANCA	JARDIM NOVA ESPERANÇA	2	2	0	100.0	1	JARDIM NOVA ESPERANÇA (2)
74465250	SEGURO	JARDIM NOVA ESPERANCA	JARDIM NOVA ESPERANÇA	13	8	5	100.0	1	JARDIM NOVA ESPERANÇA (8) | Jardim Nova Esperança (5)
74465260	SEGURO	JARDIM NOVA ESPERANCA	JARDIM NOVA ESPERANÇA	7	6	1	100.0	1	JARDIM NOVA ESPERANÇA (6) | Jardim Nova Esperança (1)
74465270	SEGURO	JARDIM NOVA ESPERANCA	JARDIM NOVA ESPERANÇA	59	45	14	100.0	1	JARDIM NOVA ESPERANÇA (45) | Jardim Nova Esperança (13) | JARDIM NOVA ESPERANCA (1)
74465280	REVISAR	JARDIM NOVA ESPERANCA	JARDIM NOVA ESPERANÇA	60	53	7	95.0	4	JARDIM NOVA ESPERANÇA (53) | Jardim Nova Esperança (4) | CANDIDA DE MORAES (1) | NOVA ESPERANÇA (1) | SANTOS DUMONT (1)
74465290	SEGURO	JARDIM NOVA ESPERANCA	JARDIM NOVA ESPERANÇA	62	55	7	100.0	1	JARDIM NOVA ESPERANÇA (55) | Jardim Nova Esperança (7)
74465299	SEGURO	JARDIM NOVA ESPERANCA	JARDIM NOVA ESPERANÇA	1	1	0	100.0	1	JARDIM NOVA ESPERANÇA (1)
74465300	SEGURO	JARDIM NOVA ESPERANCA	JARDIM NOVA ESPERANÇA	10	6	4	100.0	1	JARDIM NOVA ESPERANÇA (6) | Jardim Nova Esperança (3) | JARDIM NOVA ESPERANCA (1)
74465310	BLOQUEADO	JARDIM NOVA ESPERANCA	JARDIM NOVA ESPERANÇA	24	12	12	87.5	3	JARDIM NOVA ESPERANÇA (12) | Jardim Nova Esperança (9) | JARDIM NOVO MUNDO (2) | BARRA DA TIJUCA (1)
74465320	SEGURO	JARDIM NOVA ESPERANCA	JARDIM NOVA ESPERANÇA	3	3	0	100.0	1	JARDIM NOVA ESPERANÇA (3)
74465330	SEGURO	JARDIM NOVA ESPERANCA	JARDIM NOVA ESPERANÇA	1	1	0	100.0	1	JARDIM NOVA ESPERANÇA (1)
74465340	SEGURO	JARDIM NOVA ESPERANCA	JARDIM NOVA ESPERANÇA	14	13	1	100.0	1	JARDIM NOVA ESPERANÇA (13) | Jardim Nova Esperança (1)
74465350	SEGURO	JARDIM NOVA ESPERANCA	JARDIM NOVA ESPERANÇA	34	28	6	100.0	1	JARDIM NOVA ESPERANÇA (28) | Jardim Nova Esperança (6)
74465360	BLOQUEADO	JARDIM NOVA ESPERANCA	JARDIM NOVA ESPERANÇA	6	4	2	83.33	2	JARDIM NOVA ESPERANÇA (4) | Jardim Nova Esperança (1) | NOVA ESPERANÇA (1)
74465370	SEGURO	JARDIM NOVA ESPERANCA	JARDIM NOVA ESPERANÇA	20	16	4	100.0	1	JARDIM NOVA ESPERANÇA (16) | Jardim Nova Esperança (4)
74465380	SEGURO	JARDIM NOVA ESPERANCA	JARDIM NOVA ESPERANÇA	8	8	0	100.0	1	JARDIM NOVA ESPERANÇA (8)
74465390	REVISAR	JARDIM NOVA ESPERANCA	JARDIM NOVA ESPERANÇA	46	37	9	95.65	2	JARDIM NOVA ESPERANÇA (37) | Jardim Nova Esperança (6) | NOVA ESPERANÇA (2) | JARDIM NOVA ESPERANCA (1)
74465400	SEGURO	JARDIM NOVA ESPERANCA	JARDIM NOVA ESPERANÇA	4	4	0	100.0	1	JARDIM NOVA ESPERANÇA (4)
74465410	SEGURO	JARDIM NOVA ESPERANCA	JARDIM NOVA ESPERANÇA	3	2	1	100.0	1	JARDIM NOVA ESPERANÇA (2) | Jardim Nova Esperança (1)
74465420	SEGURO	JARDIM NOVA ESPERANCA	JARDIM NOVA ESPERANÇA	60	47	13	100.0	1	JARDIM NOVA ESPERANÇA (47) | Jardim Nova Esperança (13)
74465440	SEGURO	JARDIM NOVA ESPERANCA	JARDIM NOVA ESPERANÇA	48	39	9	100.0	1	JARDIM NOVA ESPERANÇA (39) | Jardim Nova Esperança (8) | JARDIM NOVA ESPERANCA (1)
74465445	BLOQUEADO	JARDIM NOVA ESPERANCA	JARDIM NOVA ESPERANÇA	306	273	33	91.18	3	JARDIM NOVA ESPERANÇA (273) | CANDIDA DE MORAES (26) | Jardim Nova Esperança (6) | JARDIM COLORADO (1)
74465450	SEGURO	JARDIM NOVA ESPERANCA	JARDIM NOVA ESPERANÇA	7	5	2	100.0	1	JARDIM NOVA ESPERANÇA (5) | JARDIM NOVA ESPERANCA (1) | Jardim Nova Esperança (1)
74465460	SEGURO	JARDIM NOVA ESPERANCA	JARDIM NOVA ESPERANÇA	23	20	3	100.0	1	JARDIM NOVA ESPERANÇA (20) | Jardim Nova Esperança (2) | JARDIM NOVA  ESPERANÇA (1)
74465470	SEGURO	JARDIM NOVA ESPERANCA	JARDIM NOVA ESPERANÇA	1	1	0	100.0	1	JARDIM NOVA ESPERANÇA (1)
74465490	SEGURO	JARDIM NOVA ESPERANCA	JARDIM NOVA ESPERANÇA	14	11	3	100.0	1	JARDIM NOVA ESPERANÇA (11) | Jardim Nova Esperança (3)
74465500	SEGURO	SANTOS DUMONT	SANTOS DUMONT	1	1	0	100.0	1	SANTOS DUMONT (1)
74465510	SEGURO	JARDIM NOVA ESPERANCA	JARDIM NOVA ESPERANÇA	3	3	0	100.0	1	JARDIM NOVA ESPERANÇA (3)
74465520	SEGURO	JARDIM NOVA ESPERANCA	JARDIM NOVA ESPERANÇA	7	6	1	100.0	1	JARDIM NOVA ESPERANÇA (6) | Jardim Nova Esperança (1)
74465521	SEGURO	MARABA	SETOR MARABÁ	7	5	2	100.0	1	SETOR MARABÁ (5) | Setor Marabá (2)
74465523	SEGURO	MARABA	SETOR MARABÁ	2	2	0	100.0	1	SETOR MARABÁ (2)
74465524	BLOQUEADO	MARABA	SETOR MARABÁ	19	14	5	89.47	2	SETOR MARABÁ (14) | Setor Marabá (2) | SETOR NOROESTE (2) | SETOR MARABA (1)
74465526	SEGURO	MARABA	SETOR MARABÁ	1	1	0	100.0	1	SETOR MARABÁ (1)
74465527	BLOQUEADO	MARABA	SETOR MARABÁ	6	4	2	83.33	2	SETOR MARABÁ (4) | RESIDENCIAL SAO MARCOS (1) | Setor Marabá (1)
74465528	SEGURO	MARABA	SETOR MARABA	2	1	1	100.0	1	SETOR MARABA (1) | SETOR MARABÁ (1)
74465529	SEGURO	MARABA	SETOR MARABÁ	1	1	0	100.0	1	SETOR MARABÁ (1)
74465530	SEGURO	MARABA	SETOR MARABÁ	2	2	0	100.0	1	SETOR MARABÁ (2)
74465531	SEGURO	MARABA	SETOR MARABÁ	6	6	0	100.0	1	SETOR MARABÁ (6)
74465532	SEGURO	MARABA	SETOR MARABÁ	5	5	0	100.0	1	SETOR MARABÁ (5)
74465534	SEGURO	MARABA	SETOR MARABÁ	2	1	1	100.0	1	SETOR MARABÁ (1) | SETOR MARABA (1)
74465535	SEGURO	MARABA	SETOR MARABÁ	3	3	0	100.0	1	SETOR MARABÁ (3)
74465536	SEGURO	MARABA	SETOR MARABÁ	1	1	0	100.0	1	SETOR MARABÁ (1)
74465537	SEGURO	MARABA	SETOR MARABÁ	6	4	2	100.0	1	SETOR MARABÁ (4) | SETOR MARABA (1) | Setor Marabá (1)
74465538	SEGURO	MARABA	Setor Marabá	1	1	0	100.0	1	Setor Marabá (1)
74465539	SEGURO	MARABA	SETOR MARABÁ	1	1	0	100.0	1	SETOR MARABÁ (1)
74465541	SEGURO	NOROESTE	SETOR NOROESTE	14	10	4	100.0	1	SETOR NOROESTE (10) | Setor Noroeste (4)
74465543	SEGURO	NOROESTE	SETOR NOROESTE	10	9	1	100.0	1	SETOR NOROESTE (9) | Setor Noroeste (1)
74465544	SEGURO	NOROESTE	SETOR NOROESTE	11	11	0	100.0	1	SETOR NOROESTE (11)
74465547	SEGURO	NOROESTE	SETOR NOROESTE	1	1	0	100.0	1	SETOR NOROESTE (1)
74465549	SEGURO	NOROESTE	SETOR NOROESTE	1	1	0	100.0	1	SETOR NOROESTE (1)
74465550	SEGURO	NOROESTE	SETOR NOROESTE	6	5	1	100.0	1	SETOR NOROESTE (5) | Setor Noroeste (1)
74465553	BLOQUEADO	MARABA	SETOR MARABA	2	1	1	50.0	2	SETOR MARABA (1) | SETOR NOROESTE (1)
74465600	SEGURO	JARDIM LIBERDADE	JARDIM LIBERDADE	1	1	0	100.0	1	JARDIM LIBERDADE (1)
74465604	SEGURO	MARABA EXTENSAO	Setor Marabá Extensão	1	1	0	100.0	1	Setor Marabá Extensão (1)
74465640	SEGURO	JARDIM LIBERDADE	JARDIM LIBERDADE	1	1	0	100.0	1	JARDIM LIBERDADE (1)
74465970	SEGURO	JARDIM NOVA ESPERANCA	JARDIM NOVA ESPERANÇA	2	2	0	100.0	1	JARDIM NOVA ESPERANÇA (2)
74466770	SEGURO	SANTOS DUMONT	SANTOS DUMONT	1	1	0	100.0	1	SANTOS DUMONT (1)
74468830	SEGURO	SANTOS DUMONT	SANTOS DUMONT	1	1	0	100.0	1	SANTOS DUMONT (1)
74470010	SEGURO	CHACARAS MANSOES ROSAS DE OURO	CHACARAS MANSOES ROSAS DE OURO	11	4	7	100.0	1	CHACARAS MANSOES ROSAS DE OURO (4) | Chácaras Mansões Rosas de Ouro (4) | CHÁCARAS MANSÕES ROSAS DE OURO (3)
74470015	BLOQUEADO	FAZENDA CAVEIRA	FAZENDA CAVEIRA	5	2	3	40.0	3	FAZENDA CAVEIRA (2) | CHACARAS MANSOES ROSAS DE OURO (1) | Chácaras Mansões Rosas de Ouro (1) | RESIDENCIAL ANGLO (1)
74470019	SEGURO	DA VITORIA	BAIRRO DA VITÓRIA	1	1	0	100.0	1	BAIRRO DA VITÓRIA (1)
74470025	SEGURO	JARDIM COLORADO	JARDIM COLORADO	1	1	0	100.0	1	JARDIM COLORADO (1)
74470060	SEGURO	CHACARAS MANSOES ROSAS DE OURO	CHÁCARAS MANSÕES ROSAS DE OURO	10	8	2	100.0	1	CHÁCARAS MANSÕES ROSAS DE OURO (8) | Chácaras Mansões Rosas de Ouro (2)
74470065	BLOQUEADO	CHACARAS DE RECREIO SAO JOAQUIM	CHÁCARAS DE RECREIO SÃO JOAQUIM	2	1	1	50.0	2	CHÁCARAS DE RECREIO SÃO JOAQUIM (1) | RECREIO SÃO JOAQUIM (1)
74470071	BLOQUEADO	CHACARAS MANSOES ROSAS DE OURO	CHACARAS MANSOES ROSAS DE OURO	3	1	2	66.67	2	CHACARAS MANSOES ROSAS DE OURO (1) | CHÁCARAS MANSÕES ROSAS DE OURO (1) | SETOR MANSÕES ROSAS DE OURO (1)
74470230	SEGURO	RECREIO SAO JOAQUIM	RECREIO SÃO JOAQUIM	1	1	0	100.0	1	RECREIO SÃO JOAQUIM (1)
74470245	SEGURO	SAO JOSE	SETOR SÃO JOSÉ	1	1	0	100.0	1	SETOR SÃO JOSÉ (1)
74470275	BLOQUEADO	CHACARAS DE RECREIO SAO JOAQUIM	Chácaras de Recreio São Joaquim	3	1	2	33.33	3	Chácaras de Recreio São Joaquim (1) | RECREIO SÃO JOAQUIM (1) | santos dumont (1)
74470290	SEGURO	CHACARAS MANSOES ROSAS DE OURO	CHACARAS MANSOES ROSAS DE OURO	1	1	0	100.0	1	CHACARAS MANSOES ROSAS DE OURO (1)
74470300	SEGURO	CHACARAS DE RECREIO SAO JOAQUIM	CHÁCARAS DE RECREIO SÃO JOAQUIM	1	1	0	100.0	1	CHÁCARAS DE RECREIO SÃO JOAQUIM (1)
74470312	SEGURO	SANTOS DUMONT	SANTOS DUMONT	1	1	0	100.0	1	SANTOS DUMONT (1)
74470360	SEGURO	CHACARAS MANSOES ROSAS DE OURO	CHACARAS MANSOES ROSAS DE OURO	1	1	0	100.0	1	CHACARAS MANSOES ROSAS DE OURO (1)
74470390	SEGURO	NOVO PLANALTO	NOVO PLANALTO	1	1	0	100.0	1	NOVO PLANALTO (1)
74470440	SEGURO	FAZENDA CAVEIRA	FAZENDA CAVEIRA	1	1	0	100.0	1	FAZENDA CAVEIRA (1)
74470700	BLOQUEADO	RESIDENCIAL JARDIM HELOU	RESIDENCIAL JARDIM HELOU	10	6	4	70.0	2	RESIDENCIAL JARDIM HELOU (6) | JARDIM HELLOU (3) | Residencial Jardim Helou (1)
74470705	BLOQUEADO	JARDIM HELLOU	JARDIM HELLOU	23	13	10	56.52	4	JARDIM HELLOU (13) | RESIDENCIAL JARDIM HELOU (4) | Residencial Jardim Helou (3) | JARDIM VISTA BELA (2) | JARDIM NOVA ESPERANÇA (1)
74470710	BLOQUEADO	JARDIM HELLOU	JARDIM HELLOU	17	10	7	58.82	7	JARDIM HELLOU (10) | CHACARAS MANSOES ROSAS DE OURO (1) | JARDIM CAMARGO (1) | JARDIM DAS HORTENCIAS (1) | JARDIM HELOU (1) | JARDIM VISTA BELA (1) | RESIDENCIAL JARDIM HELOU (1) | Residencial Jardim Helou (1)
74470720	SEGURO	JARDIM HELLOU	JARDIM HELLOU	2	2	0	100.0	1	JARDIM HELLOU (2)
74470730	SEGURO	JARDIM HELLOU	JARDIM HELLOU	1	1	0	100.0	1	JARDIM HELLOU (1)
74470740	SEGURO	JARDIM HELLOU	JARDIM HELLOU	1	1	0	100.0	1	JARDIM HELLOU (1)
74470750	BLOQUEADO	RESIDENCIAL JARDIM HELOU	RESIDENCIAL JARDIM HELOU	3	2	1	66.67	2	RESIDENCIAL JARDIM HELOU (2) | JARDIM HELLOU (1)
74470760	BLOQUEADO	JARDIM COLORADO	JARDIM COLORADO	3	1	2	33.33	3	JARDIM COLORADO (1) | JARDIM HELLOU (1) | RESIDENCIAL JARDIM HELOU (1)
74470820	SEGURO	RESIDENCIAL JARDIM CAMARGO	RESIDENCIAL JARDIM CAMARGO	1	1	0	100.0	1	RESIDENCIAL JARDIM CAMARGO (1)
74470825	BLOQUEADO	JARDIM CAMARGO	JARDIM CAMARGO	11	7	4	63.64	3	JARDIM CAMARGO (7) | RESIDENCIAL JARDIM CAMARGO (3) | JARDIM COLORADO (1)
74470828	SEGURO	RESIDENCIAL JARDIM CAMARGO	RESIDENCIAL JARDIM CAMARGO	1	1	0	100.0	1	RESIDENCIAL JARDIM CAMARGO (1)
74470850	BLOQUEADO	JARDIM CAMARGO	JARDIM CAMARGO	17	11	6	64.71	2	JARDIM CAMARGO (11) | Residencial Jardim Camargo (3) | RESIDENCIAL JARDIM CAMARGO (3)
74470855	BLOQUEADO	JARDIM CAMARGO	JARDIM CAMARGO	5	2	3	40.0	3	JARDIM CAMARGO (2) | JARDIM HELLOU (2) | RESIDENCIAL JARDIM CAMARGO (1)
74471110	SEGURO	RESIDENCIAL LONDON PARK	RESIDENCIAL LONDON PARK	1	1	0	100.0	1	RESIDENCIAL LONDON PARK (1)
74472041	SEGURO	JARDIM COLORADO	JARDIM COLORADO	1	1	0	100.0	1	JARDIM COLORADO (1)
74473170	SEGURO	VILA FINSOCIAL	VILA FINSOCIAL	1	1	0	100.0	1	VILA FINSOCIAL (1)
74473175	SEGURO	CANDIDA DE MORAES	CANDIDA DE MORAES	2	2	0	100.0	1	CANDIDA DE MORAES (2)
74473210	SEGURO	VILA FINSOCIAL	VILA FINSOCIAL	1	1	0	100.0	1	VILA FINSOCIAL (1)
74473320	SEGURO	VILA FINSOCIAL	VILA FINSOCIAL	1	1	0	100.0	1	VILA FINSOCIAL (1)
74473370	SEGURO	VILA FINSOCIAL	VILA FINSOCIAL	1	1	0	100.0	1	VILA FINSOCIAL (1)
74473401	SEGURO	HUGO DE MORAES	HUGO DE MORAES	1	1	0	100.0	1	HUGO DE MORAES (1)
74473490	SEGURO	VILA FINSOCIAL	VILA FINSOCIAL	1	1	0	100.0	1	VILA FINSOCIAL (1)
74473510	SEGURO	VILA FINSOCIAL	VILA FINSOCIAL	7	6	1	100.0	1	VILA FINSOCIAL (6) | Vila Finsocial (1)
74473516	SEGURO	VILA FINSOCIAL	VILA FINSOCIAL	2	2	0	100.0	1	VILA FINSOCIAL (2)
74473525	SEGURO	FINSOCIAL	FINSOCIAL	1	1	0	100.0	1	FINSOCIAL (1)
74473530	BLOQUEADO	VILA FINSOCIAL	VILA FINSOCIAL	4	3	1	75.0	2	VILA FINSOCIAL (3) | FINSOCIAL (1)
74473545	SEGURO	VILA FINSOCIAL	VILA FINSOCIAL	1	1	0	100.0	1	VILA FINSOCIAL (1)
74473550	SEGURO	VILA FINSOCIAL	VILA FINSOCIAL	3	3	0	100.0	1	VILA FINSOCIAL (3)
74473560	SEGURO	VILA FINSOCIAL	VILA FINSOCIAL	6	5	1	100.0	1	VILA FINSOCIAL (5) | Vila Finsocial (1)
74473565	SEGURO	VILA FINSOCIAL	VILA FINSOCIAL	2	2	0	100.0	1	VILA FINSOCIAL (2)
74473570	SEGURO	VILA FINSOCIAL	VILA FINSOCIAL	7	4	3	100.0	1	VILA FINSOCIAL (4) | Vila Finsocial (3)
74473590	SEGURO	VILA FINSOCIAL	VILA FINSOCIAL	13	12	1	100.0	1	VILA FINSOCIAL (12) | Vila Finsocial (1)
74473630	SEGURO	VILA FINSOCIAL	VILA FINSOCIAL	3	2	1	100.0	1	VILA FINSOCIAL (2) | Vila Finsocial (1)
74473650	SEGURO	VILA FINSOCIAL	VILA FINSOCIAL	6	6	0	100.0	1	VILA FINSOCIAL (6)
74473690	SEGURO	VILA FINSOCIAL	VILA FINSOCIAL	1	1	0	100.0	1	VILA FINSOCIAL (1)
74473710	SEGURO	VILA FINSOCIAL	VILA FINSOCIAL	1	1	0	100.0	1	VILA FINSOCIAL (1)
74473720	SEGURO	VILA FINSOCIAL	VILA FINSOCIAL	1	1	0	100.0	1	VILA FINSOCIAL (1)
74473730	SEGURO	VILA FINSOCIAL	VILA FINSOCIAL	7	7	0	100.0	1	VILA FINSOCIAL (7)
74473735	SEGURO	VILA FINSOCIAL	VILA FINSOCIAL	3	2	1	100.0	1	VILA FINSOCIAL (2) | Vila Finsocial (1)
74473740	SEGURO	VILA FINSOCIAL	VILA FINSOCIAL	3	3	0	100.0	1	VILA FINSOCIAL (3)
74473750	SEGURO	VILA FINSOCIAL	VILA FINSOCIAL	5	5	0	100.0	1	VILA FINSOCIAL (5)
74473760	SEGURO	VILA FINSOCIAL	VILA FINSOCIAL	6	6	0	100.0	1	VILA FINSOCIAL (6)
74473770	SEGURO	VILA FINSOCIAL	VILA FINSOCIAL	1	1	0	100.0	1	VILA FINSOCIAL (1)
74473780	SEGURO	VILA FINSOCIAL	VILA FINSOCIAL	4	4	0	100.0	1	VILA FINSOCIAL (4)
74473782	BLOQUEADO	VILA FINSOCIAL	VILA FINSOCIAL	3	2	1	66.67	2	VILA FINSOCIAL (2) | FINSOCIAL (1)
74473784	SEGURO	VILA FINSOCIAL	VILA FINSOCIAL	1	1	0	100.0	1	VILA FINSOCIAL (1)
74473786	SEGURO	VILA FINSOCIAL	VILA FINSOCIAL	1	1	0	100.0	1	VILA FINSOCIAL (1)
74473788	SEGURO	VILA FINSOCIAL	VILA FINSOCIAL	5	4	1	100.0	1	VILA FINSOCIAL (4) | Vila Finsocial (1)
74473790	SEGURO	VILA FINSOCIAL	VILA FINSOCIAL	3	3	0	100.0	1	VILA FINSOCIAL (3)
74473792	BLOQUEADO	VILA FINSOCIAL	VILA FINSOCIAL	6	3	3	83.33	2	VILA FINSOCIAL (3) | Vila Finsocial (2) | FINSOCIAL (1)
74473793	SEGURO	VILA FINSOCIAL	VILA FINSOCIAL	1	1	0	100.0	1	VILA FINSOCIAL (1)
74473796	SEGURO	MORADA DO SOL	Setor Morada do Sol	1	1	0	100.0	1	Setor Morada do Sol (1)
74473806	SEGURO	MORADA DO SOL	SETOR MORADA DO SOL	1	1	0	100.0	1	SETOR MORADA DO SOL (1)
74473830	SEGURO	MORADA DO SOL	MORADA DO SOL	2	1	1	100.0	1	MORADA DO SOL (1) | SETOR MORADA DO SOL (1)
74473831	SEGURO	RESIDENCIAL MARINGA	RESIDENCIAL MARINGÁ	4	4	0	100.0	1	RESIDENCIAL MARINGÁ (4)
74473832	SEGURO	RESIDENCIAL MARINGA	RESIDENCIAL MARINGÁ	4	2	2	100.0	1	RESIDENCIAL MARINGÁ (2) | Residencial Maringá (2)
74473833	SEGURO	RESIDENCIAL MARINGA	RESIDENCIAL MARINGÁ	1	1	0	100.0	1	RESIDENCIAL MARINGÁ (1)
74473834	SEGURO	RESIDENCIAL MARINGA	RESIDENCIAL MARINGÁ	11	9	2	100.0	1	RESIDENCIAL MARINGÁ (9) | Residencial Maringá (2)
74473835	SEGURO	RESIDENCIAL MARINGA	RESIDENCIAL MARINGÁ	32	23	9	100.0	1	RESIDENCIAL MARINGÁ (23) | RESIDENCIAL MARINGA (5) | Residencial Maringá (4)
74473836	SEGURO	RESIDENCIAL MARINGA	RESIDENCIAL MARINGÁ	16	14	2	100.0	1	RESIDENCIAL MARINGÁ (14) | Residencial Maringá (2)
74473838	BLOQUEADO	RESIDENCIAL MARINGA	RESIDENCIAL MARINGÁ	12	10	2	83.33	2	RESIDENCIAL MARINGÁ (10) | JARDIM COLORADO (2)
74473839	SEGURO	JARDIM DAS HORTENCIAS	JARDIM DAS HORTENCIAS	1	1	0	100.0	1	JARDIM DAS HORTENCIAS (1)
74474000	BLOQUEADO	JARDIM COLORADO	JARDIM COLORADO	6	5	1	83.33	2	JARDIM COLORADO (5) | PARQUE TREMENDÃO (1)
74474001	BLOQUEADO	JARDIM COLORADO	JARDIM COLORADO	20	16	4	90.0	3	JARDIM COLORADO (16) | Jardim Colorado (2) | JARDIM DAS HORTENCIAS (1) | JARDIM VISTA BELA (1)
74474003	BLOQUEADO	JARDIM COLORADO	JARDIM COLORADO	15	10	5	93.33	2	JARDIM COLORADO (10) | Jardim Colorado (4) | JARDIM HELLOU (1)
74474004	SEGURO	JARDIM COLORADO	JARDIM COLORADO	4	4	0	100.0	1	JARDIM COLORADO (4)
74474006	REVISAR	JARDIM COLORADO	JARDIM COLORADO	85	78	7	97.65	3	JARDIM COLORADO (78) | Jardim Colorado (5) | JARDIM COLORADO QD- 12 LT- 11 (1) | SAO CARLOS (1)
74474008	BLOQUEADO	JARDIM COLORADO	JARDIM COLORADO	7	5	2	71.43	3	JARDIM COLORADO (5) | JARDIM VISTA BELA (1) | PARQUE TREMENDÃO (1)
74474009	REVISAR	JARDIM COLORADO	JARDIM COLORADO	60	55	5	98.33	2	JARDIM COLORADO (55) | Jardim Colorado (4) | JARDIM DAS HORTENCIAS (1)
74474010	BLOQUEADO	JARDIM COLORADO	JARDIM COLORADO	12	8	4	66.67	2	JARDIM COLORADO (8) | JARDIM DAS HORTENCIAS (3) | JARDIM DAS HORTÊNCIAS (1)
74474011	REVISAR	JARDIM COLORADO	JARDIM COLORADO	59	46	13	96.61	3	JARDIM COLORADO (46) | Jardim Colorado (11) | JARDIM DAS HORTENCIAS (1) | RESIDENCIAL JARDIM COLORADO (1)
74474012	SEGURO	JARDIM COLORADO	JARDIM COLORADO	5	4	1	100.0	1	JARDIM COLORADO (4) | Jardim Colorado (1)
74474014	SEGURO	JARDIM COLORADO	JARDIM COLORADO	34	28	6	100.0	1	JARDIM COLORADO (28) | Jardim Colorado (6)
74474015	BLOQUEADO	JARDIM COLORADO	JARDIM COLORADO	10	9	1	90.0	2	JARDIM COLORADO (9) | MANSÕES PARAISO (1)
74474016	SEGURO	JARDIM COLORADO	JARDIM COLORADO	16	15	1	100.0	1	JARDIM COLORADO (15) | Jardim Colorado (1)
74474017	BLOQUEADO	JARDIM COLORADO	JARDIM COLORADO	14	12	2	92.86	2	JARDIM COLORADO (12) | Jardim Colorado (1) | NOVO PLANALTO (1)
74474018	REVISAR	JARDIM COLORADO	JARDIM COLORADO	33	29	4	96.97	2	JARDIM COLORADO (29) | Jardim Colorado (3) | JARDIM COLORADO 1 (1)
74474020	SEGURO	JARDIM COLORADO	JARDIM COLORADO	11	11	0	100.0	1	JARDIM COLORADO (11)
74474021	SEGURO	JARDIM COLORADO	JARDIM COLORADO	31	30	1	100.0	1	JARDIM COLORADO (30) | Jardim Colorado (1)
74474022	BLOQUEADO	JARDIM COLORADO	JARDIM COLORADO	9	8	1	88.89	2	JARDIM COLORADO (8) | JARDIM VISTA BELA (1)
74474023	REVISAR	JARDIM COLORADO	JARDIM COLORADO	33	30	3	96.97	2	JARDIM COLORADO (30) | Jardim Colorado (2) | PARQUE TREMENDÃO (1)
74474024	BLOQUEADO	JARDIM COLORADO	JARDIM COLORADO	11	6	5	54.55	4	JARDIM COLORADO (6) | JARDIM HELLOU (2) | JARDIM VISTA BELA (2) | JARDIM CAMARGO (1)
74474026	SEGURO	JARDIM COLORADO	JARDIM COLORADO	26	23	3	100.0	1	JARDIM COLORADO (23) | Jardim Colorado (3)
74474027	SEGURO	JARDIM COLORADO	JARDIM COLORADO	6	5	1	100.0	1	JARDIM COLORADO (5) | Jardim Colorado (1)
74474028	SEGURO	JARDIM COLORADO	JARDIM COLORADO	5	4	1	100.0	1	JARDIM COLORADO (4) | Jardim Colorado (1)
74474029	SEGURO	JARDIM COLORADO	JARDIM COLORADO	5	5	0	100.0	1	JARDIM COLORADO (5)
74474030	BLOQUEADO	VISTA BELA	JARDIM VISTA BELA	3	1	2	66.67	2	JARDIM VISTA BELA (1) | SETOR VISTA BELA (1) | VISTA BELA (1)
74474031	BLOQUEADO	JARDIM COLORADO	JARDIM COLORADO	6	4	2	83.33	2	JARDIM COLORADO (4) | Jardim Colorado (1) | RESIDENCIAL FORTALEZA (1)
74474032	SEGURO	JARDIM COLORADO	JARDIM COLORADO	4	4	0	100.0	1	JARDIM COLORADO (4)
74474033	SEGURO	JARDIM COLORADO	JARDIM COLORADO	8	6	2	100.0	1	JARDIM COLORADO (6) | Jardim Colorado (2)
74474034	SEGURO	JARDIM COLORADO	JARDIM COLORADO	7	7	0	100.0	1	JARDIM COLORADO (7)
74474038	BLOQUEADO	JARDIM COLORADO	JARDIM COLORADO	4	2	2	50.0	2	JARDIM COLORADO (2) | JARDIM DAS HORTENCIAS (2)
74474039	SEGURO	JARDIM COLORADO	JARDIM COLORADO	3	3	0	100.0	1	JARDIM COLORADO (3)
74474040	BLOQUEADO	JARDIM COLORADO	JARDIM COLORADO	3	2	1	66.67	2	JARDIM COLORADO (2) | JARDIM DAS HORTENCIAS (1)
74474041	BLOQUEADO	JARDIM COLORADO	JARDIM COLORADO	9	6	3	88.89	2	JARDIM COLORADO (6) | Jardim Colorado (2) | NOVO PLANALTO (1)
74474044	SEGURO	JARDIM COLORADO	JARDIM COLORADO	2	2	0	100.0	1	JARDIM COLORADO (2)
74474045	SEGURO	JARDIM COLORADO	JARDIM COLORADO	3	3	0	100.0	1	JARDIM COLORADO (3)
74474046	SEGURO	JARDIM COLORADO	JARDIM COLORADO	2	2	0	100.0	1	JARDIM COLORADO (2)
74474047	REVISAR	JARDIM COLORADO	JARDIM COLORADO	52	47	5	98.08	2	JARDIM COLORADO (47) | Jardim Colorado (4) | VILA MUTIRAO (1)
74474048	REVISAR	JARDIM COLORADO	JARDIM COLORADO	45	39	6	95.56	3	JARDIM COLORADO (39) | Jardim Colorado (4) | JARDIM DAS HORTENCIAS (1) | JARDIM VISTA BELA (1)
74474049	SEGURO	JARDIM COLORADO	JARDIM COLORADO	18	17	1	100.0	1	JARDIM COLORADO (17) | Jardim Colorado (1)
74474080	SEGURO	JARDIM COLORADO	JARDIM COLORADO	1	1	0	100.0	1	JARDIM COLORADO (1)
74474100	SEGURO	JARDIM DAS HORTENCIAS	JARDIM DAS HORTENCIAS	26	16	10	100.0	1	JARDIM DAS HORTENCIAS (16) | JARDIM DAS HORTÊNCIAS (7) | Jardim das Hortências (3)
74474101	BLOQUEADO	JARDIM DAS HORTENCIAS	JARDIM DAS HORTÊNCIAS	62	32	30	93.55	3	JARDIM DAS HORTÊNCIAS (32) | JARDIM DAS HORTENCIAS (22) | Jardim das Hortências (4) | JARDIM DAS HORTENSIAS (2) | JARDIM  DAS HORTENCIA (1) | JARDIM DAS HORTÊNSIAS (1)
74474102	SEGURO	JARDIM DAS HORTENCIAS	JARDIM DAS HORTENCIAS	33	18	15	100.0	1	JARDIM DAS HORTENCIAS (18) | JARDIM DAS HORTÊNCIAS (12) | Jardim das Hortências (3)
74474103	REVISAR	JARDIM DAS HORTENCIAS	JARDIM DAS HORTENCIAS	34	19	15	97.06	2	JARDIM DAS HORTENCIAS (19) | JARDIM DAS HORTÊNCIAS (10) | Jardim das Hortências (4) | PARQUE TREMENDAO (1)
74474104	SEGURO	JARDIM DAS HORTENCIAS	JARDIM DAS HORTÊNCIAS	17	9	8	100.0	1	JARDIM DAS HORTÊNCIAS (9) | JARDIM DAS HORTENCIAS (8)
74474105	SEGURO	JARDIM DAS HORTENCIAS	JARDIM DAS HORTENCIAS	29	14	15	100.0	1	JARDIM DAS HORTENCIAS (14) | JARDIM DAS HORTÊNCIAS (9) | Jardim das Hortências (6)
74474106	SEGURO	JARDIM DAS HORTENCIAS	JARDIM DAS HORTÊNCIAS	7	4	3	100.0	1	JARDIM DAS HORTÊNCIAS (4) | JARDIM DAS HORTENCIAS (2) | Jardim das Hortências (1)
74474107	SEGURO	JARDIM DAS HORTENCIAS	JARDIM DAS HORTENCIAS	1	1	0	100.0	1	JARDIM DAS HORTENCIAS (1)
74474108	BLOQUEADO	JARDIM DAS HORTENCIAS	JARDIM DAS HORTÊNCIAS	3	2	1	66.67	2	JARDIM DAS HORTÊNCIAS (2) | JARDIM COLORADO (1)
74474109	SEGURO	JARDIM DAS HORTENCIAS	JARDIM DAS HORTENCIAS	1	1	0	100.0	1	JARDIM DAS HORTENCIAS (1)
74474110	BLOQUEADO	JARDIM DAS HORTENCIAS	JARDIM DAS HORTENCIAS	4	2	2	75.0	2	JARDIM DAS HORTENCIAS (2) | JARDIM CURITIBA IV (1) | JARDIM DAS HORTÊNCIAS (1)
74474113	SEGURO	JARDIM DAS HORTENCIAS	JARDIM DAS HORTENCIAS	2	2	0	100.0	1	JARDIM DAS HORTENCIAS (2)
74474114	BLOQUEADO	JARDIM DAS HORTENCIAS	JARDIM DAS HORTENCIAS	3	2	1	66.67	2	JARDIM DAS HORTENCIAS (2) | JARDIM VISTA BELA (1)
74474115	BLOQUEADO	JARDIM DAS HORTENCIAS	JARDIM DAS HORTÊNCIAS	10	6	4	90.0	2	JARDIM DAS HORTÊNCIAS (6) | JARDIM DAS HORTENCIAS (3) | RESIDENCIAL MARINGÁ (1)
74474116	REVISAR	JARDIM DAS HORTENCIAS	JARDIM DAS HORTÊNCIAS	24	13	11	95.83	2	JARDIM DAS HORTÊNCIAS (13) | JARDIM DAS HORTENCIAS (9) | JARDIM DAS HORTENCIA (1) | Jardim das Hortências (1)
74474117	SEGURO	JARDIM DAS HORTENCIAS	JARDIM DAS HORTENCIAS	8	5	3	100.0	1	JARDIM DAS HORTENCIAS (5) | JARDIM DAS HORTÊNCIAS (2) | Jardim das Hortências (1)
74474118	SEGURO	JARDIM DAS HORTENCIAS	JARDIM DAS HORTÊNCIAS	10	7	3	100.0	1	JARDIM DAS HORTÊNCIAS (7) | JARDIM DAS HORTENCIAS (3)
74474119	BLOQUEADO	JARDIM COLORADO	JARDIM COLORADO	2	1	1	50.0	2	JARDIM COLORADO (1) | JARDIM DAS HORTÊNCIAS (1)
74474120	BLOQUEADO	JARDIM DAS HORTENCIAS	JARDIM DAS HORTENCIAS	2	1	1	50.0	2	JARDIM DAS HORTENCIAS (1) | JARDIM DAS HORTENSIAS (1)
74474121	SEGURO	JARDIM DAS HORTENCIAS	JARDIM DAS HORTENCIAS	14	9	5	100.0	1	JARDIM DAS HORTENCIAS (9) | JARDIM DAS HORTÊNCIAS (5)
74474122	SEGURO	JARDIM DAS HORTENCIAS	JARDIM DAS HORTÊNCIAS	8	5	3	100.0	1	JARDIM DAS HORTÊNCIAS (5) | JARDIM DAS HORTENCIAS (3)
74474123	BLOQUEADO	JARDIM DAS HORTENCIAS	JARDIM DAS HORTENCIAS	17	10	7	94.12	2	JARDIM DAS HORTENCIAS (10) | JARDIM DAS HORTÊNCIAS (4) | Jardim das Hortências (2) | JARDIM COLORADO (1)
74474125	SEGURO	JARDIM DAS HORTENCIAS	JARDIM DAS HORTÊNCIAS	8	5	3	100.0	1	JARDIM DAS HORTÊNCIAS (5) | JARDIM DAS HORTENCIAS (3)
74474126	SEGURO	JARDIM DAS HORTENCIAS	JARDIM DAS HORTÊNCIAS	2	1	1	100.0	1	JARDIM DAS HORTÊNCIAS (1) | Jardim das Hortências (1)
74474127	BLOQUEADO	JARDIM DAS HORTENCIAS	JARDIM DAS HORTENCIAS	11	5	6	90.91	2	JARDIM DAS HORTENCIAS (5) | JARDIM DAS HORTÊNCIAS (4) | Jardim das Hortências (1) | JARDIM DAS HORTÊNSIAS (1)
74474128	SEGURO	JARDIM DAS HORTENCIAS	JARDIM DAS HORTENCIAS	22	12	10	100.0	1	JARDIM DAS HORTENCIAS (12) | JARDIM DAS HORTÊNCIAS (10)
74474129	BLOQUEADO	JARDIM DAS HORTENCIAS	JARDIM DAS HORTENCIAS	12	8	4	91.67	2	JARDIM DAS HORTENCIAS (8) | JARDIM DAS HORTÊNCIAS (2) | JARDIM COLORADO (1) | Jardim das Hortências (1)
74474130	SEGURO	JARDIM DAS HORTENCIAS	JARDIM DAS HORTENCIAS	10	6	4	100.0	1	JARDIM DAS HORTENCIAS (6) | JARDIM DAS HORTÊNCIAS (4)
74474131	BLOQUEADO	JARDIM DAS HORTENCIAS	JARDIM DAS HORTENCIAS	9	4	5	88.89	2	JARDIM DAS HORTENCIAS (4) | JARDIM DAS HORTÊNCIAS (3) | JARDIM DAS HORTENCIA (1) | Jardim das Hortências (1)
74474133	SEGURO	JARDIM DAS HORTENCIAS	JARDIM DAS HORTENCIAS	6	3	3	100.0	1	JARDIM DAS HORTENCIAS (3) | JARDIM DAS HORTÊNCIAS (3)
74474134	SEGURO	JARDIM DAS HORTENCIAS	JARDIM DAS HORTÊNCIAS	3	2	1	100.0	1	JARDIM DAS HORTÊNCIAS (2) | JARDIM DAS HORTENCIAS (1)
74474136	BLOQUEADO	JARDIM DAS HORTENCIAS	JARDIM DAS HORTENCIAS	12	6	6	91.67	2	JARDIM DAS HORTENCIAS (6) | JARDIM DAS HORTÊNCIAS (5) | PARQUE TREMENDÃO (1)
74474137	BLOQUEADO	JARDIM DAS HORTENCIAS	JARDIM DAS HORTÊNCIAS	7	4	3	71.43	3	JARDIM DAS HORTÊNCIAS (4) | JARDIM DAS HORTÊNCIA (1) | JARDIM DAS HORTENCIAS (1) | JARDIN DAS HORTENCIAS (1)
74474138	SEGURO	JARDIM DAS HORTENCIAS	JARDIM DAS HORTENCIAS	5	3	2	100.0	1	JARDIM DAS HORTENCIAS (3) | JARDIM DAS HORTÊNCIAS (2)
74474139	SEGURO	JARDIM DAS HORTENCIAS	JARDIM DAS HORTÊNCIAS	4	3	1	100.0	1	JARDIM DAS HORTÊNCIAS (3) | JARDIM DAS HORTENCIAS (1)
74474140	BLOQUEADO	JARDIM DAS HORTENCIAS	JARDIM DAS HORTENCIAS	25	10	15	64.0	8	JARDIM DAS HORTENCIAS (10) | JARDIM DAS HORTÊNCIAS (5) | JARDIM CURITIBA IV (2) | CANDIDA DE MORAES (1) | JARDIM COLORADO (1) | Jardim das Hortências (1) | NOVO PLANALTO (1) | PARQUE TREMENDÃO (1) | Parque Tremendão (1) | PORTAL DAS HORTENCIAS (1) | RESIDENCIAL GREEN PARK (1)
74474141	SEGURO	JARDIM DAS HORTENCIAS	JARDIM DAS HORTÊNCIAS	3	2	1	100.0	1	JARDIM DAS HORTÊNCIAS (2) | JARDIM DAS HORTENCIAS (1)
74474142	BLOQUEADO	JARDIM DAS HORTENCIAS	JARDIM DAS HORTENCIAS	16	11	5	93.75	2	JARDIM DAS HORTENCIAS (11) | JARDIM DAS HORTÊNCIAS (4) | JARDIM DAS HORTENCIA (1)
74474143	SEGURO	JARDIM DAS HORTENCIAS	JARDIM DAS HORTÊNCIAS	1	1	0	100.0	1	JARDIM DAS HORTÊNCIAS (1)
74474144	SEGURO	JARDIM DAS HORTENCIAS	JARDIM DAS HORTENCIAS	8	5	3	100.0	1	JARDIM DAS HORTENCIAS (5) | JARDIM DAS HORTÊNCIAS (3)
74474145	SEGURO	JARDIM DAS HORTENCIAS	JARDIM DAS HORTÊNCIAS	2	2	0	100.0	1	JARDIM DAS HORTÊNCIAS (2)
74474146	SEGURO	JARDIM DAS HORTENCIAS	JARDIM DAS HORTENCIAS	3	2	1	100.0	1	JARDIM DAS HORTENCIAS (2) | JARDIM DAS HORTÊNCIAS (1)
74474148	SEGURO	JARDIM DAS HORTENCIAS	JARDIM DAS HORTÊNCIAS	1	1	0	100.0	1	JARDIM DAS HORTÊNCIAS (1)
74474200	BLOQUEADO	JARDIM VISTA BELA	JARDIM VISTA BELA	42	36	6	88.1	2	JARDIM VISTA BELA (36) | JARDIM COLORADO (5) | Jardim Vista Bela (1)
74474201	SEGURO	JARDIM VISTA BELA	JARDIM VISTA BELA	8	8	0	100.0	1	JARDIM VISTA BELA (8)
74474202	SEGURO	JARDIM VISTA BELA	JARDIM VISTA BELA	17	15	2	100.0	1	JARDIM VISTA BELA (15) | Jardim Vista Bela (2)
74474203	BLOQUEADO	JARDIM VISTA BELA	JARDIM VISTA BELA	60	49	11	90.0	7	JARDIM VISTA BELA (49) | Jardim Vista Bela (5) | JARDIM DAS HORTENCIAS (1) | JARDIM LIBERDADE (1) | MANSÕES PARAÍSO (1) | NOVO PLANALTO (1) | PARQUE TREMENDÃO (1) | VISTA BELA (1)
74474204	BLOQUEADO	JARDIM VISTA BELA	JARDIM VISTA BELA	10	8	2	90.0	2	JARDIM VISTA BELA (8) | Jardim Vista Bela (1) | ST MARABÁ (1)
74474205	SEGURO	JARDIM VISTA BELA	JARDIM VISTA BELA	11	9	2	100.0	1	JARDIM VISTA BELA (9) | Jardim Vista Bela (2)
74474206	SEGURO	JARDIM VISTA BELA	JARDIM VISTA BELA	27	25	2	100.0	1	JARDIM VISTA BELA (25) | Jardim Vista Bela (2)
74474208	BLOQUEADO	JARDIM VISTA BELA	JARDIM VISTA BELA	9	8	1	88.89	2	JARDIM VISTA BELA (8) | JARDIM COLORADO (1)
74474209	SEGURO	JARDIM VISTA BELA	JARDIM VISTA BELA	23	18	5	100.0	1	JARDIM VISTA BELA (18) | Jardim Vista Bela (5)
74474210	SEGURO	JARDIM VISTA BELA	JARDIM VISTA BELA	9	9	0	100.0	1	JARDIM VISTA BELA (9)
74474211	SEGURO	JARDIM VISTA BELA	JARDIM VISTA BELA	11	10	1	100.0	1	JARDIM VISTA BELA (10) | Jardim Vista Bela (1)
74474212	BLOQUEADO	JARDIM VISTA BELA	JARDIM VISTA BELA	14	12	2	92.86	2	JARDIM VISTA BELA (12) | JARDIM COLORADO (1) | Jardim Vista Bela (1)
74474250	REVISAR	RESIDENCIAL ANGLO	RESIDENCIAL ANGLO	23	18	5	95.65	2	RESIDENCIAL ANGLO (18) | Residencial Anglo (4) | JARDIM COLORADO (1)
74474251	SEGURO	RESIDENCIAL ANGLO	RESIDENCIAL ANGLO	5	4	1	100.0	1	RESIDENCIAL ANGLO (4) | Residencial Anglo (1)
74474252	SEGURO	RESIDENCIAL ANGLO	RESIDENCIAL ANGLO	2	2	0	100.0	1	RESIDENCIAL ANGLO (2)
74474253	SEGURO	RESIDENCIAL ANGLO	RESIDENCIAL ANGLO	15	15	0	100.0	1	RESIDENCIAL ANGLO (15)
74474257	BLOQUEADO	JARDIM COLORADO	JARDIM COLORADO	4	1	3	25.0	4	JARDIM COLORADO (1) | JARDIM COLORADO SUL (1) | RESIDENCIAL ANGLO (1) | RESIDENCIAL JARDIM COLORADO (1)
74474258	BLOQUEADO	JARDIM COLORADO	JARDIM COLORADO	2	1	1	50.0	2	JARDIM COLORADO (1) | RESIDENCIAL ANGLO (1)
74474275	SEGURO	JARDIM NOVA ESPERANCA	JARDIM NOVA ESPERANÇA	1	1	0	100.0	1	JARDIM NOVA ESPERANÇA (1)
74474309	SEGURO	RECANTO DO BOSQUE	RECANTO DO BOSQUE	1	1	0	100.0	1	RECANTO DO BOSQUE (1)
74474310	SEGURO	RESIDENCIAL RECANTO DO BOSQUE	Residencial Recanto do Bosque	1	1	0	100.0	1	Residencial Recanto do Bosque (1)
74474315	SEGURO	RESIDENCIAL RECANTO DO BOSQUE	Residencial Recanto do Bosque	1	1	0	100.0	1	Residencial Recanto do Bosque (1)
74474367	SEGURO	RESIDENCIAL RECANTO DO BOSQUE	Residencial Recanto do Bosque	1	1	0	100.0	1	Residencial Recanto do Bosque (1)
74474396	SEGURO	RESIDENCIAL RECANTO DO BOSQUE	Residencial Recanto do Bosque	1	1	0	100.0	1	Residencial Recanto do Bosque (1)
74474400	SEGURO	VILA MUTIRAO	VILA MUTIRÃO	1	1	0	100.0	1	VILA MUTIRÃO (1)
74474401	SEGURO	RESIDENCIAL RECANTO DO BOSQUE	Residencial Recanto do Bosque	1	1	0	100.0	1	Residencial Recanto do Bosque (1)
74474410	BLOQUEADO	RESIDENCIAL PRIVE NORTE	DOM CONSTANTINO	29	11	18	58.62	3	DOM CONSTANTINO (11) | RESIDENCIAL PRIVÊ NORTE (9) | Residencial Privê Norte (5) | RESIDENCIAL PRIVE NORTE (3) | JARDIM DAS HORTENCIAS (1)
74474411	SEGURO	NOVO PLANALTO	NOVO PLANALTO	1	1	0	100.0	1	NOVO PLANALTO (1)
74474412	SEGURO	RESIDENCIAL PRIVE NORTE	RESIDENCIAL PRIVE NORTE	5	3	2	100.0	1	RESIDENCIAL PRIVE NORTE (3) | RESIDENCIAL PRIVÊ NORTE (2)
74474413	SEGURO	RESIDENCIAL PRIVE NORTE	RESIDENCIAL PRIVÊ NORTE	11	7	4	100.0	1	RESIDENCIAL PRIVÊ NORTE (7) | RESIDENCIAL PRIVE NORTE (3) | Residencial Privê Norte (1)
74474414	SEGURO	RESIDENCIAL PRIVE NORTE	RESIDENCIAL PRIVÊ NORTE	5	3	2	100.0	1	RESIDENCIAL PRIVÊ NORTE (3) | RESIDENCIAL PRIVE NORTE (2)
74474415	BLOQUEADO	RESIDENCIAL PRIVE NORTE	RESIDENCIAL PRIVÊ NORTE	18	11	7	94.44	2	RESIDENCIAL PRIVÊ NORTE (11) | RESIDENCIAL PRIVE NORTE (3) | Residencial Privê Norte (3) | JARDIM COLORADO (1)
74474416	SEGURO	RESIDENCIAL PRIVE NORTE	RESIDENCIAL PRIVÊ NORTE	3	3	0	100.0	1	RESIDENCIAL PRIVÊ NORTE (3)
74474418	SEGURO	RESIDENCIAL PRIVE NORTE	RESIDENCIAL PRIVE NORTE	7	5	2	100.0	1	RESIDENCIAL PRIVE NORTE (5) | RESIDENCIAL PRIVÊ NORTE (1) | Residencial Privê Norte (1)
74474420	SEGURO	RESIDENCIAL PRIVE NORTE	RESIDENCIAL PRIVÊ NORTE	18	10	8	100.0	1	RESIDENCIAL PRIVÊ NORTE (10) | RESIDENCIAL PRIVE NORTE (8)
74474422	SEGURO	RESIDENCIAL PRIVE NORTE	RESIDENCIAL PRIVE NORTE	4	2	2	100.0	1	RESIDENCIAL PRIVE NORTE (2) | RESIDENCIAL PRIVÊ NORTE (1) | Residencial Privê Norte (1)
74474473	SEGURO	VILA FINSOCIAL	VILA FINSOCIAL	1	1	0	100.0	1	VILA FINSOCIAL (1)
74474500	BLOQUEADO	JARDIM COLORADO EXTENSAO	JARDIM COLORADO EXTENSÃO	5	3	2	60.0	2	JARDIM COLORADO EXTENSÃO (3) | JARDIM COLORADO (2)
74474505	BLOQUEADO	JARDIM COLORADO	JARDIM COLORADO	21	12	9	57.14	2	JARDIM COLORADO (12) | JARDIM COLORADO EXTENSÃO (8) | Jardim Colorado Extensão (1)
74474506	SEGURO	JARDIM COLORADO	JARDIM COLORADO	1	1	0	100.0	1	JARDIM COLORADO (1)
74474510	BLOQUEADO	JARDIM COLORADO	JARDIM COLORADO	6	3	3	50.0	3	JARDIM COLORADO (3) | JARDIM COLORADO EXTENSÃO (2) | PARQUE TREMENDÃO (1)
74474550	SEGURO	JARDIM COLORADO	JARDIM COLORADO	2	2	0	100.0	1	JARDIM COLORADO (2)
74474555	BLOQUEADO	JARDIM COLORADO	JARDIM COLORADO	4	2	2	50.0	2	JARDIM COLORADO (2) | JARDIM COLORADO SUL (1) | Jardim Colorado Sul (1)
74474600	SEGURO	JARDIM COLORADO	JARDIM COLORADO	2	2	0	100.0	1	JARDIM COLORADO (2)
74474605	BLOQUEADO	JARDIM COLORADO	JARDIM COLORADO	48	33	15	68.75	3	JARDIM COLORADO (33) | JARDIM COLORADO I (9) | Jardim Colorado I (5) | JARDIM DAS HORTENCIAS (1)
74474615	BLOQUEADO	JARDIM COLORADO	JARDIM COLORADO	5	3	2	60.0	2	JARDIM COLORADO (3) | JARDIM COLORADO I (1) | Jardim Colorado I (1)
74474620	SEGURO	JARDIM COLORADO I	Jardim Colorado I	1	1	0	100.0	1	Jardim Colorado I (1)
74474625	BLOQUEADO	JARDIM COLORADO	JARDIM COLORADO	16	13	3	81.25	2	JARDIM COLORADO (13) | JARDIM COLORADO I (2) | Jardim Colorado I (1)
74474630	SEGURO	JARDIM COLORADO I	JARDIM COLORADO I	2	2	0	100.0	1	JARDIM COLORADO I (2)
74474635	BLOQUEADO	JARDIM COLORADO	JARDIM COLORADO	2	1	1	50.0	2	JARDIM COLORADO (1) | Jardim Colorado I (1)
74474640	BLOQUEADO	JARDIM COLORADO	JARDIM COLORADO	23	16	7	69.57	3	JARDIM COLORADO (16) | JARDIM COLORADO I (4) | Jardim Colorado I (2) | SETOR NOROESTE (1)
74474645	BLOQUEADO	JARDIM COLORADO	JARDIM COLORADO	15	11	4	73.33	3	JARDIM COLORADO (11) | JARDIM COLORADO I (2) | Jardim Colorado I (1) | JARDIM COLORADO L (1)
74474650	SEGURO	JARDIM COLORADO II	Jardim Colorado II	1	1	0	100.0	1	Jardim Colorado II (1)
74474655	SEGURO	JARDIM COLORADO II	JARDIM COLORADO II	1	1	0	100.0	1	JARDIM COLORADO II (1)
74474660	SEGURO	JARDIM COLORADO	JARDIM COLORADO	2	2	0	100.0	1	JARDIM COLORADO (2)
74474665	BLOQUEADO	JARDIM COLORADO	JARDIM COLORADO	2	1	1	50.0	2	JARDIM COLORADO (1) | JARDIM COLORADO II (1)
74474670	BLOQUEADO	JARDIM COLORADO	JARDIM COLORADO	6	4	2	83.33	2	JARDIM COLORADO (4) | Jardim Colorado (1) | JARDIM COLORADO II (1)
74474675	SEGURO	JARDIM LIBERDADE	JARDIM LIBERDADE	1	1	0	100.0	1	JARDIM LIBERDADE (1)
74474680	SEGURO	JARDIM LAGO AZUL	JARDIM LAGO AZUL	1	1	0	100.0	1	JARDIM LAGO AZUL (1)
74474705	BLOQUEADO	JARDIM COLORADO	JARDIM COLORADO	3	2	1	66.67	2	JARDIM COLORADO (2) | JARDIM LAGO AZUL (1)
74474744	SEGURO	JARDIM COLORADO	JARDIM COLORADO	1	1	0	100.0	1	JARDIM COLORADO (1)
74474805	SEGURO	PARQUE TREMENDAO	PARQUE TREMENDÃO	1	1	0	100.0	1	PARQUE TREMENDÃO (1)
74475003	SEGURO	PARQUE TREMENDAO	PARQUE TREMENDÃO	1	1	0	100.0	1	PARQUE TREMENDÃO (1)
74475005	SEGURO	PARQUE TREMENDAO	PARQUE TREMENDÃO	2	1	1	100.0	1	PARQUE TREMENDÃO (1) | SETOR PARQUE TREMENDÃO (1)
74475009	BLOQUEADO	PARQUE TREMENDAO	PARQUE TREMENDÃO	12	7	5	91.67	2	PARQUE TREMENDÃO (7) | Setor Parque Tremendão (3) | NOVO PLANALTO (1) | SETOR PARQUE TREMENDÃO (1)
74475010	SEGURO	PARQUE TREMENDAO	SETOR PARQUE TREMENDÃO	1	1	0	100.0	1	SETOR PARQUE TREMENDÃO (1)
74475012	SEGURO	PARQUE TREMENDAO	SETOR PARQUE TREMENDÃO	1	1	0	100.0	1	SETOR PARQUE TREMENDÃO (1)
74475014	SEGURO	PARQUE TREMENDAO	Setor Parque Tremendão	1	1	0	100.0	1	Setor Parque Tremendão (1)
74475017	SEGURO	PARQUE TREMENDAO	Setor Parque Tremendão	1	1	0	100.0	1	Setor Parque Tremendão (1)
74475020	REVISAR	PARQUE TREMENDAO	PARQUE TREMENDÃO	24	17	7	95.83	2	PARQUE TREMENDÃO (17) | SETOR PARQUE TREMENDÃO (5) | PARQUE TREMENDAO (1) | PARQUE TREMENDÃO 2 (1)
74475023	SEGURO	PARQUE TREMENDAO	Setor Parque Tremendão	2	2	0	100.0	1	Setor Parque Tremendão (2)
74475028	SEGURO	PARQUE TREMENDAO	PARQUE TREMENDÃO	7	5	2	100.0	1	PARQUE TREMENDÃO (5) | Setor Parque Tremendão (1) | SETOR PARQUE TREMENDÃO (1)
74475029	SEGURO	PARQUE TREMENDAO	PARQUE TREMENDÃO	1	1	0	100.0	1	PARQUE TREMENDÃO (1)
74475030	SEGURO	PARQUE TREMENDAO	PARQUE TREMENDÃO	1	1	0	100.0	1	PARQUE TREMENDÃO (1)
74475032	SEGURO	PARQUE TREMENDAO	PARQUE TREMENDÃO	2	2	0	100.0	1	PARQUE TREMENDÃO (2)
74475035	SEGURO	PARQUE TREMENDAO	Setor Parque Tremendão	1	1	0	100.0	1	Setor Parque Tremendão (1)
74475037	SEGURO	PARQUE TREMENDAO	PARQUE TREMENDÃO	1	1	0	100.0	1	PARQUE TREMENDÃO (1)
74475038	SEGURO	PARQUE TREMENDAO	Setor Parque Tremendão	1	1	0	100.0	1	Setor Parque Tremendão (1)
74475041	SEGURO	PARQUE TREMENDAO	Setor Parque Tremendão	1	1	0	100.0	1	Setor Parque Tremendão (1)
74475047	SEGURO	PARQUE TREMENDAO	PARQUE TREMENDÃO	2	1	1	100.0	1	PARQUE TREMENDÃO (1) | Setor Parque Tremendão (1)
74475050	SEGURO	PARQUE TREMENDAO	PARQUE TREMENDÃO	4	3	1	100.0	1	PARQUE TREMENDÃO (3) | SETOR PARQUE TREMENDÃO (1)
74475052	SEGURO	PARQUE TREMENDAO	PARQUE TREMENDÃO	1	1	0	100.0	1	PARQUE TREMENDÃO (1)
74475053	SEGURO	PARQUE TREMENDAO	Setor Parque Tremendão	1	1	0	100.0	1	Setor Parque Tremendão (1)
74475054	SEGURO	PARQUE TREMENDAO	PARQUE TREMENDÃO	1	1	0	100.0	1	PARQUE TREMENDÃO (1)
74475055	SEGURO	PARQUE TREMENDAO	Setor Parque Tremendão	1	1	0	100.0	1	Setor Parque Tremendão (1)
74475056	SEGURO	PARQUE TREMENDAO	PARQUE TREMENDÃO	2	2	0	100.0	1	PARQUE TREMENDÃO (2)
74475057	SEGURO	PARQUE TREMENDAO	SETOR PARQUE TREMENDÃO	2	1	1	100.0	1	SETOR PARQUE TREMENDÃO (1) | Setor Parque Tremendão (1)
74475059	SEGURO	PARQUE TREMENDAO	PARQUE TREMENDÃO	3	3	0	100.0	1	PARQUE TREMENDÃO (3)
74475060	BLOQUEADO	PARQUE TREMENDAO	PARQUE TREMENDÃO	4	2	2	75.0	2	PARQUE TREMENDÃO (2) | JARDIM LIBERDADE (1) | SETOR PARQUE TREMENDÃO (1)
74475061	SEGURO	PARQUE TREMENDAO	PARQUE TREMENDÃO	1	1	0	100.0	1	PARQUE TREMENDÃO (1)
74475062	SEGURO	PARQUE TREMENDAO	PARQUE TREMENDÃO	3	1	2	100.0	1	PARQUE TREMENDÃO (1) | PARQUE TREMENDÂO (1) | SETOR PARQUE TREMENDÃO (1)
74475064	SEGURO	PARQUE TREMENDAO	PARQUE TREMENDÃO	1	1	0	100.0	1	PARQUE TREMENDÃO (1)
74475070	SEGURO	PARQUE TREMENDAO	Setor Parque Tremendão	5	3	2	100.0	1	Setor Parque Tremendão (3) | PARQUE TREMENDÃO (1) | SETOR PARQUE TREMENDÃO (1)
74475073	SEGURO	PARQUE TREMENDAO	Setor Parque Tremendão	1	1	0	100.0	1	Setor Parque Tremendão (1)
74475075	BLOQUEADO	PARQUE TREMENDAO	PARQUE TREMENDÃO	7	3	4	42.86	4	PARQUE TREMENDÃO (3) | VILAGE NOROESTE (2) | PARQUE TREMNDÃO (1) | VILLAGE NOROESTE (1)
74475076	SEGURO	PARQUE TREMENDAO	Setor Parque Tremendão	1	1	0	100.0	1	Setor Parque Tremendão (1)
74475077	SEGURO	PARQUE TREMENDAO	PARQUE TREMENDÃO	3	3	0	100.0	1	PARQUE TREMENDÃO (3)
74475078	SEGURO	PARQUE TREMENDAO	SETOR PARQUE TREMENDÃO	1	1	0	100.0	1	SETOR PARQUE TREMENDÃO (1)
74475079	SEGURO	PARQUE TREMENDAO	PARQUE TREMENDÃO	1	1	0	100.0	1	PARQUE TREMENDÃO (1)
74475082	SEGURO	PARQUE TREMENDAO	PARQUE TREMENDÃO	3	2	1	100.0	1	PARQUE TREMENDÃO (2) | Setor Parque Tremendão (1)
74475090	SEGURO	PARQUE TREMENDAO	PARQUE TREMENDÃO	4	3	1	100.0	1	PARQUE TREMENDÃO (3) | Setor Parque Tremendão (1)
74475092	SEGURO	PARQUE TREMENDAO	PARQUE TREMENDÃO	1	1	0	100.0	1	PARQUE TREMENDÃO (1)
74475094	SEGURO	PARQUE TREMENDAO	PARQUE TREMENDÃO	2	2	0	100.0	1	PARQUE TREMENDÃO (2)
74475095	BLOQUEADO	PARQUE TREMENDAO	PARQUE TREMENDÃO	3	1	2	66.67	2	PARQUE TREMENDÃO (1) | RESIDENCIAL VALE DOS CARAIBAS (1) | Setor Parque Tremendão (1)
74475104	SEGURO	PARQUE TREMENDAO	SETOR PARQUE TREMENDÃO	1	1	0	100.0	1	SETOR PARQUE TREMENDÃO (1)
74475110	SEGURO	MORADA DO SOL	Setor Morada do Sol	1	1	0	100.0	1	Setor Morada do Sol (1)
74475115	SEGURO	MORADA DO SOL	MORADA DO SOL	9	7	2	100.0	1	MORADA DO SOL (7) | SETOR MORADA DO SOL (2)
74475116	SEGURO	MORADA DO SOL	MORADA DO SOL	1	1	0	100.0	1	MORADA DO SOL (1)
74475122	BLOQUEADO	VILA FINSOCIAL	VILA FINSOCIAL	3	2	1	66.67	2	VILA FINSOCIAL (2) | MORADA DO SOL (1)
74475124	SEGURO	MORADA DO SOL	SETOR MORADA DO SOL	4	3	1	100.0	1	SETOR MORADA DO SOL (3) | MORADA DO SOL (1)
74475125	SEGURO	MORADA DO SOL	MORADA DO SOL	1	1	0	100.0	1	MORADA DO SOL (1)
74475130	SEGURO	MORADA DO SOL	MORADA DO SOL	1	1	0	100.0	1	MORADA DO SOL (1)
74475132	SEGURO	MORADA DO SOL	Setor Morada do Sol	1	1	0	100.0	1	Setor Morada do Sol (1)
74475137	BLOQUEADO	MORADA DO SOL	SETOR MORADA DO SOL	6	4	2	83.33	2	SETOR MORADA DO SOL (4) | MORADA DO SOL (1) | SITIO RECREIO MORADA DO SOL (1)
74475138	SEGURO	MORADA DO SOL	MORADA DO SOL	4	2	2	100.0	1	MORADA DO SOL (2) | SETOR MORADA DO SOL (2)
74475140	SEGURO	MORADA DO SOL	MORADA DO SOL	2	2	0	100.0	1	MORADA DO SOL (2)
74475143	BLOQUEADO	MORADA DO SOL	MORADA DO SOL	13	6	7	92.31	2	MORADA DO SOL (6) | SETOR MORADA DO SOL (6) | VILA FINSOCIAL (1)
74475160	SEGURO	MORADA DO SOL	MORADA DO SOL	1	1	0	100.0	1	MORADA DO SOL (1)
74475179	SEGURO	MORADA DO SOL	Setor Morada do Sol	1	1	0	100.0	1	Setor Morada do Sol (1)
74475204	SEGURO	MORADA DO SOL	MORADA DO SOL	3	2	1	100.0	1	MORADA DO SOL (2) | Setor Morada do Sol (1)
74475214	SEGURO	MORADA DO SOL	Setor Morada do Sol	1	1	0	100.0	1	Setor Morada do Sol (1)
74475223	SEGURO	MORADA DO SOL	MORADA DO SOL	1	1	0	100.0	1	MORADA DO SOL (1)
74475226	SEGURO	MORADA DO SOL	MORADA DO SOL	1	1	0	100.0	1	MORADA DO SOL (1)
74475230	SEGURO	MORADA DO SOL	MORADA DO SOL	1	1	0	100.0	1	MORADA DO SOL (1)
74475237	SEGURO	MORADA DO SOL	SETOR MORADA DO SOL	1	1	0	100.0	1	SETOR MORADA DO SOL (1)
74475260	SEGURO	ESTRELA DALVA	SETOR ESTRELA DALVA	1	1	0	100.0	1	SETOR ESTRELA DALVA (1)
74475292	SEGURO	ESTRELA DALVA	Setor Estrela Dalva	1	1	0	100.0	1	Setor Estrela Dalva (1)
74475296	SEGURO	ESTRELA DALVA	Setor Estrela Dalva	1	1	0	100.0	1	Setor Estrela Dalva (1)
74475298	SEGURO	ESTRELA DALVA	ESTRELA DALVA	1	1	0	100.0	1	ESTRELA DALVA (1)
74475300	SEGURO	ESTRELA DALVA	ESTRELA DALVA	1	1	0	100.0	1	ESTRELA DALVA (1)
74475314	SEGURO	ESTRELA DALVA	SETOR ESTRELA DALVA	1	1	0	100.0	1	SETOR ESTRELA DALVA (1)
74475318	SEGURO	ESTRELA DALVA	Setor Estrela Dalva	1	1	0	100.0	1	Setor Estrela Dalva (1)
74475332	SEGURO	ESTRELA DALVA	SETOR ESTRELA DALVA	1	1	0	100.0	1	SETOR ESTRELA DALVA (1)
74475343	SEGURO	RESIDENCIAL BRISAS DA MATA	RESIDENCIAL BRISAS DA MATA	1	1	0	100.0	1	RESIDENCIAL BRISAS DA MATA (1)
74475344	SEGURO	RESIDENCIAL BRISAS DA MATA	RESIDENCIAL BRISAS DA MATA	1	1	0	100.0	1	RESIDENCIAL BRISAS DA MATA (1)
74475354	SEGURO	RESIDENCIAL BRISAS DA MATA	Residencial Brisas da Mata	1	1	0	100.0	1	Residencial Brisas da Mata (1)
74475356	SEGURO	RESIDENCIAL BRISAS DA MATA	Residencial Brisas da Mata	1	1	0	100.0	1	Residencial Brisas da Mata (1)
74475358	SEGURO	RESIDENCIAL BRISAS DA MATA	Residencial Brisas da Mata	1	1	0	100.0	1	Residencial Brisas da Mata (1)
74475400	BLOQUEADO	VILA MUTIRAO	VILA MUTIRÃO	2	1	1	50.0	2	VILA MUTIRÃO (1) | Vila Mutirão II (1)
74475405	BLOQUEADO	VILA MUTIRAO	VILA MUTIRÃO	5	2	3	60.0	2	VILA MUTIRÃO (2) | VILA MUTIRÃO II (2) | Vila Mutirão (1)
74475410	BLOQUEADO	VILA MUTIRAO	VILA MUTIRÃO	15	10	5	73.33	3	VILA MUTIRÃO (10) | JARDIM LIBERDADE (2) | VILA MUTIRAO (1) | VILA MUTIRÃO II (1) | Vila Mutirão II (1)
74475415	BLOQUEADO	VILA MUTIRAO II	VILA MUTIRÃO II	3	2	1	66.67	2	VILA MUTIRÃO II (2) | VILA MUTIRÃO (1)
74475417	BLOQUEADO	VILA MUTIRAO II	VILA MUTIRÃO II	3	2	1	66.67	2	VILA MUTIRÃO II (2) | VILA MUTIRÃO (1)
74475420	BLOQUEADO	VILA MUTIRAO II	VILA MUTIRÃO	18	7	11	50.0	3	VILA MUTIRÃO (7) | VILA MUTIRÃO II (6) | Vila Mutirão II (3) | JARDIM LIBERDADE (2)
74475422	SEGURO	RESIDENCIAL PRIVE NORTE	RESIDENCIAL PRIVE NORTE	1	1	0	100.0	1	RESIDENCIAL PRIVE NORTE (1)
74475425	BLOQUEADO	VILA MUTIRAO	VILA MUTIRÃO	3	2	1	66.67	2	VILA MUTIRÃO (2) | Vila Mutirão II (1)
74475430	BLOQUEADO	VILA MUTIRAO	VILA MUTIRÃO	4	3	1	75.0	2	VILA MUTIRÃO (3) | VILA MUTIRÃO II (1)
74475440	BLOQUEADO	VILA MUTIRAO	VILA MUTIRÃO	9	6	3	77.78	2	VILA MUTIRÃO (6) | VILA MUTIRÃO II (2) | VILA  MUTIRÃO (1)
74475450	BLOQUEADO	VILA MUTIRAO	VILA MUTIRÃO	10	5	5	60.0	3	VILA MUTIRÃO (5) | VILA MUTIRÃO II (2) | JARDIM LIBERDADE (1) | Vila Mutirão (1) | Vila Mutirão II (1)
74475455	BLOQUEADO	VILA MUTIRAO	VILA MUTIRÃO	5	2	3	60.0	2	VILA MUTIRÃO (2) | VILA MUTIRÂO (1) | Vila Mutirão II (1) | VILA MUTIRÃO II (1)
74475460	BLOQUEADO	VILA MUTIRAO	VILA MUTIRÃO	30	17	13	56.67	3	VILA MUTIRÃO (17) | VILA MUTIRÃO II (5) | JARDIM LIBERDADE (4) | Vila Mutirão II (4)
74475463	BLOQUEADO	JARDIM LIBERDADE	JARDIM LIBERDADE	9	5	4	55.56	2	JARDIM LIBERDADE (5) | Vila Mutirão II (3) | VILA MUTIRÃO II (1)
74475465	BLOQUEADO	VILA MUTIRAO	VILA MUTIRÃO	6	3	3	50.0	3	VILA MUTIRÃO (3) | JARDIM LIBERDADE (1) | VILA MUTIRÃO II (1) | Vila Mutirão II (1)
74475467	BLOQUEADO	VILA MUTIRAO	VILA MUTIRÃO	7	4	3	71.43	2	VILA MUTIRÃO (4) | JARDIM LIBERDADE (2) | Vila Mutirão (1)
74475470	BLOQUEADO	VILA MUTIRAO	VILA MUTIRÃO	17	11	6	64.71	2	VILA MUTIRÃO (11) | VILA MUTIRÃO II (3) | Vila Mutirão II (3)
74475474	SEGURO	VILA MUTIRAO	VILA MUTIRÃO	1	1	0	100.0	1	VILA MUTIRÃO (1)
74475475	BLOQUEADO	VILA MUTIRAO	VILA MUTIRÃO	16	10	6	62.5	2	VILA MUTIRÃO (10) | VILA MUTIRÃO II (5) | Vila Mutirão II (1)
74475485	BLOQUEADO	JARDIM LIBERDADE	JARDIM LIBERDADE	2	1	1	50.0	2	JARDIM LIBERDADE (1) | VILA MUTIRÃO (1)
74475490	SEGURO	JARDIM LIBERDADE	JARDIM LIBERDADE	1	1	0	100.0	1	JARDIM LIBERDADE (1)
74475500	SEGURO	VILA MUTIRAO	VILA MUTIRÃO	1	1	0	100.0	1	VILA MUTIRÃO (1)
74475520	BLOQUEADO	JARDIM LIBERDADE	JARDIM LIBERDADE	47	36	11	91.49	2	JARDIM LIBERDADE (36) | Jardim Liberdade (7) | VILA MUTIRÃO (3) | VILA MUTIRAO (1)
74475530	REVISAR	JARDIM LIBERDADE	JARDIM LIBERDADE	43	39	4	97.67	2	JARDIM LIBERDADE (39) | Jardim Liberdade (3) | LIBERDADE (1)
74475535	SEGURO	JARDIM LIBERDADE	JARDIM LIBERDADE	29	28	1	100.0	1	JARDIM LIBERDADE (28) | Jardim Liberdade (1)
74475540	BLOQUEADO	JARDIM LIBERDADE	JARDIM LIBERDADE	16	11	5	87.5	2	JARDIM LIBERDADE (11) | Jardim Liberdade (3) | VILA MUTIRÃO (2)
74475550	REVISAR	JARDIM LIBERDADE	JARDIM LIBERDADE	24	21	3	95.83	2	JARDIM LIBERDADE (21) | Jardim Liberdade (2) | SETOR PERIM (1)
74475570	SEGURO	JARDIM LIBERDADE	JARDIM LIBERDADE	10	8	2	100.0	1	JARDIM LIBERDADE (8) | Jardim Liberdade (2)
74475574	SEGURO	JARDIM LIBERDADE	JARDIM LIBERDADE	1	1	0	100.0	1	JARDIM LIBERDADE (1)
74475575	SEGURO	JARDIM LIBERDADE	JARDIM LIBERDADE	36	34	2	100.0	1	JARDIM LIBERDADE (34) | Jardim Liberdade (2)
74475580	BLOQUEADO	JARDIM LIBERDADE	JARDIM LIBERDADE	38	30	8	89.47	4	JARDIM LIBERDADE (30) | Jardim Liberdade (4) | JARDIM VISTA BELA (1) | RESIDENCIAL FORTALEZA (1) | VILA MUTIRÃO (1) | Vila mutirão (1)
74475590	SEGURO	JARDIM LIBERDADE	JARDIM LIBERDADE	41	39	2	100.0	1	JARDIM LIBERDADE (39) | Jardim Liberdade (2)
74475600	SEGURO	JARDIM LIBERDADE	JARDIM LIBERDADE	11	11	0	100.0	1	JARDIM LIBERDADE (11)
74475610	REVISAR	JARDIM LIBERDADE	JARDIM LIBERDADE	27	24	3	96.3	2	JARDIM LIBERDADE (24) | Jardim Liberdade (2) | NOVO PLANALTO (1)
74475620	SEGURO	JARDIM LIBERDADE	JARDIM LIBERDADE	10	8	2	100.0	1	JARDIM LIBERDADE (8) | Jardim Liberdade (2)
74475625	SEGURO	JARDIM COLORADO	JARDIM COLORADO	1	1	0	100.0	1	JARDIM COLORADO (1)
74475630	BLOQUEADO	JARDIM LIBERDADE	JARDIM LIBERDADE	4	3	1	75.0	2	JARDIM LIBERDADE (3) | VILA MUTIRÃO (1)
74475640	SEGURO	JARDIM LIBERDADE	JARDIM LIBERDADE	39	35	4	100.0	1	JARDIM LIBERDADE (35) | Jardim Liberdade (4)
74475650	SEGURO	JARDIM LIBERDADE	JARDIM LIBERDADE	27	25	2	100.0	1	JARDIM LIBERDADE (25) | Jardim Liberdade (2)
74475660	REVISAR	JARDIM LIBERDADE	JARDIM LIBERDADE	77	68	9	96.1	2	JARDIM LIBERDADE (68) | Jardim Liberdade (6) | VILA MUTIRÃO (3)
74475670	SEGURO	JARDIM LIBERDADE	JARDIM LIBERDADE	15	15	0	100.0	1	JARDIM LIBERDADE (15)
74475675	SEGURO	JARDIM LIBERDADE	JARDIM LIBERDADE	13	13	0	100.0	1	JARDIM LIBERDADE (13)
74475680	BLOQUEADO	JARDIM LIBERDADE	JARDIM LIBERDADE	10	9	1	90.0	2	JARDIM LIBERDADE (9) | NOVO PLANALTO (1)
74475742	SEGURO	ESTRELA DALVA	SETOR ESTRELA DALVA	1	1	0	100.0	1	SETOR ESTRELA DALVA (1)
74475757	SEGURO	JARDIM LIBERDADE	JARDIM LIBERDADE	1	1	0	100.0	1	JARDIM LIBERDADE (1)
74475801	SEGURO	PARQUE TREMENDAO	PARQUE TREMENDÃO	11	5	6	100.0	1	PARQUE TREMENDÃO (5) | SETOR PARQUE TREMENDÃO (5) | Setor Parque Tremendão (1)
74475802	BLOQUEADO	PARQUE TREMENDAO	SETOR PARQUE TREMENDÃO	9	4	5	77.78	3	SETOR PARQUE TREMENDÃO (4) | PARQUE TREMENDÃO (3) | PARQUE TREMENDÃO 2 (1) | TREMENDÃO (1)
74475803	SEGURO	PARQUE TREMENDAO	PARQUE TREMENDÃO	20	14	6	100.0	1	PARQUE TREMENDÃO (14) | SETOR PARQUE TREMENDÃO (4) | PARQUE TREMENDAO (2)
74475804	SEGURO	PARQUE TREMENDAO	PARQUE TREMENDÃO	16	8	8	100.0	1	PARQUE TREMENDÃO (8) | SETOR PARQUE TREMENDÃO (7) | SETOR PARQUE TREMENDAO (1)
74475805	SEGURO	PARQUE TREMENDAO	PARQUE TREMENDÃO	2	2	0	100.0	1	PARQUE TREMENDÃO (2)
74475807	SEGURO	PARQUE TREMENDAO	PARQUE TREMENDÃO	11	8	3	100.0	1	PARQUE TREMENDÃO (8) | SETOR PARQUE TREMENDÃO (2) | Setor Parque Tremendão (1)
74475809	SEGURO	PARQUE TREMENDAO	PARQUE TREMENDÃO	1	1	0	100.0	1	PARQUE TREMENDÃO (1)
74475810	SEGURO	PARQUE TREMENDAO	PARQUE TREMENDÃO	8	4	4	100.0	1	PARQUE TREMENDÃO (4) | Setor Parque Tremendão (3) | SETOR PARQUE TREMENDÃO (1)
74475813	SEGURO	PARQUE TREMENDAO	PARQUE TREMENDÃO	2	2	0	100.0	1	PARQUE TREMENDÃO (2)
74475818	SEGURO	PARQUE TREMENDAO	Setor Parque Tremendão	1	1	0	100.0	1	Setor Parque Tremendão (1)
74475820	SEGURO	PARQUE TREMENDAO	Setor Parque Tremendão	1	1	0	100.0	1	Setor Parque Tremendão (1)
74475845	SEGURO	VILA MUTIRAO	VILA MUTIRÃO	1	1	0	100.0	1	VILA MUTIRÃO (1)
74475860	SEGURO	PARQUE TREMENDAO	PARQUE TREMENDÃO	14	10	4	100.0	1	PARQUE TREMENDÃO (10) | SETOR PARQUE TREMENDÃO (3) | Setor Parque Tremendão (1)
74476005	SEGURO	RESIDENCIAL FORTALEZA	RESIDENCIAL FORTALEZA	1	1	0	100.0	1	RESIDENCIAL FORTALEZA (1)
74476010	SEGURO	RESIDENCIAL FORTALEZA	RESIDENCIAL FORTALEZA	2	2	0	100.0	1	RESIDENCIAL FORTALEZA (2)
74476020	SEGURO	RESIDENCIAL FORTALEZA	RESIDENCIAL FORTALEZA	1	1	0	100.0	1	RESIDENCIAL FORTALEZA (1)
74476030	BLOQUEADO	RESIDENCIAL FORTALEZA	RESIDENCIAL FORTALEZA	11	10	1	90.91	2	RESIDENCIAL FORTALEZA (10) | BAIRRO DA VITORIA (1)
74476040	SEGURO	RESIDENCIAL FORTALEZA	RESIDENCIAL FORTALEZA	4	4	0	100.0	1	RESIDENCIAL FORTALEZA (4)
74476050	SEGURO	RESIDENCIAL FORTALEZA	RESIDENCIAL FORTALEZA	19	16	3	100.0	1	RESIDENCIAL FORTALEZA (16) | Residencial Fortaleza (3)
74476065	BLOQUEADO	RESIDENCIAL FORTALEZA	Residencial Fortaleza	7	3	4	71.43	3	Residencial Fortaleza (3) | RESIDENCIAL FORTALEZA (2) | JARDIM LIBERDADE (1) | NOVO PLANALTO (1)
74476070	SEGURO	RESIDENCIAL FORTALEZA	RESIDENCIAL FORTALEZA	23	21	2	100.0	1	RESIDENCIAL FORTALEZA (21) | Residencial Fortaleza (2)
74476080	SEGURO	RESIDENCIAL FORTALEZA	RESIDENCIAL FORTALEZA	2	1	1	100.0	1	RESIDENCIAL FORTALEZA (1) | Residencial Fortaleza (1)
74476100	BLOQUEADO	RESIDENCIAL FORTALEZA	RESIDENCIAL FORTALEZA	3	2	1	66.67	2	RESIDENCIAL FORTALEZA (2) | CONDOMÍNIO TERRA NOVA (1)
74476110	BLOQUEADO	RESIDENCIAL FORTALEZA	RESIDENCIAL FORTALEZA	9	6	3	66.67	3	RESIDENCIAL FORTALEZA (6) | JARDIM LIBERDADE (2) | VILA MUTIRÃO (1)
74476125	SEGURO	CONJUNTO RESIDENCIAL PAULO PACHECO	CONJUNTO RESIDENCIAL PAULO PACHECO	1	1	0	100.0	1	CONJUNTO RESIDENCIAL PAULO PACHECO (1)
74477001	SEGURO	DA VITORIA	BAIRRO DA VITORIA	5	2	3	100.0	1	BAIRRO DA VITORIA (2) | DA VITÓRIA (2) | BAIRRO DA VITÓRIA (1)
74477002	SEGURO	DA VITORIA	BAIRRO DA VITORIA	1	1	0	100.0	1	BAIRRO DA VITORIA (1)
74477003	SEGURO	DA VITORIA	BAIRRO DA VITÓRIA	7	3	4	100.0	1	BAIRRO DA VITÓRIA (3) | Da Vitória (2) | BAIRRO DA VITORIA (1) | DA VITÓRIA (1)
74477004	SEGURO	DA VITORIA	BAIRRO DA VITÓRIA	3	2	1	100.0	1	BAIRRO DA VITÓRIA (2) | Da Vitória (1)
74477005	SEGURO	DA VITORIA	BAIRRO DA VITÓRIA	1	1	0	100.0	1	BAIRRO DA VITÓRIA (1)
74477006	SEGURO	DA VITORIA	BAIRRO DA VITÓRIA	7	3	4	100.0	1	BAIRRO DA VITÓRIA (3) | Da Vitória (2) | BAIRRO DA VITORIA (1) | DA VITÓRIA (1)
74477007	SEGURO	DA VITORIA	DA VITÓRIA	1	1	0	100.0	1	DA VITÓRIA (1)
74477008	SEGURO	DA VITORIA	DA VITÓRIA	2	1	1	100.0	1	DA VITÓRIA (1) | Da Vitória (1)
74477009	BLOQUEADO	DA VITORIA	BAIRRO DA VITÓRIA	2	1	1	50.0	2	BAIRRO DA VITÓRIA (1) | SAO CARLOS (1)
74477010	BLOQUEADO	DA VITORIA	BAIRRO DA VITÓRIA	4	2	2	50.0	3	BAIRRO DA VITÓRIA (2) | CONDOMÍNIO TERRA NOVA (1) | RESERVA CAMPO BELO (1)
74477011	SEGURO	DA VITORIA	BAIRRO DA VITORIA	2	2	0	100.0	1	BAIRRO DA VITORIA (2)
74477012	BLOQUEADO	DA VITORIA	BAIRRO DA VITÓRIA	10	4	6	60.0	4	BAIRRO DA VITÓRIA (4) | JARDIM NOVA ESPERANÇA (2) | BAIRRO DA VITORIA (1) | CANDIDA DE MORAES (1) | Da Vitória (1) | SÃO CARLOS (1)
74477018	SEGURO	DA VITORIA	Da Vitória	1	1	0	100.0	1	Da Vitória (1)
74477019	SEGURO	DA VITORIA	BAIRRO DA VITÓRIA	4	3	1	100.0	1	BAIRRO DA VITÓRIA (3) | BAIRRO DA VITORIA (1)
74477020	SEGURO	DA VITORIA	BAIRRO DA VITÓRIA	12	5	7	100.0	1	BAIRRO DA VITÓRIA (5) | DA VITÓRIA (5) | BAIRRO DA VITORIA (1) | Da Vitória (1)
74477021	SEGURO	DA VITORIA	BAIRRO DA VITÓRIA	5	4	1	100.0	1	BAIRRO DA VITÓRIA (4) | DA VITÓRIA (1)
74477022	SEGURO	DA VITORIA	BAIRRO DA VITORIA	3	2	1	100.0	1	BAIRRO DA VITORIA (2) | BAIRRO DA VITÓRIA (1)
74477024	SEGURO	DA VITORIA	BAIRRO DA VITORIA	3	1	2	100.0	1	BAIRRO DA VITORIA (1) | BAIRRO DA VITÓRIA (1) | Da Vitória (1)
74477025	SEGURO	DA VITORIA	BAIRRO DA VITÓRIA	3	1	2	100.0	1	BAIRRO DA VITÓRIA (1) | BAIRRO DA VITORIA (1) | Da Vitória (1)
74477026	SEGURO	DA VITORIA	BAIRRO DA VITÓRIA	1	1	0	100.0	1	BAIRRO DA VITÓRIA (1)
74477027	SEGURO	DA VITORIA	BAIRRO DA VITÓRIA	3	2	1	100.0	1	BAIRRO DA VITÓRIA (2) | DA VITÓRIA (1)
74477030	SEGURO	DA VITORIA	BAIRRO DA VITÓRIA	7	4	3	100.0	1	BAIRRO DA VITÓRIA (4) | BAIRRO DA VITORIA (2) | DA VITÓRIA (1)
74477031	SEGURO	DA VITORIA	BAIRRO DA VITÓRIA	4	2	2	100.0	1	BAIRRO DA VITÓRIA (2) | BAIRRO DA VITORIA (2)
74477032	SEGURO	DA VITORIA	DA VITÓRIA	2	2	0	100.0	1	DA VITÓRIA (2)
74477033	SEGURO	DA VITORIA	DA VITÓRIA	2	2	0	100.0	1	DA VITÓRIA (2)
74477034	SEGURO	DA VITORIA	BAIRRO DA VITÓRIA	5	4	1	100.0	1	BAIRRO DA VITÓRIA (4) | Da Vitória (1)
74477036	SEGURO	DA VITORIA	BAIRRO DA VITÓRIA	11	4	7	100.0	1	BAIRRO DA VITÓRIA (4) | DA VITÓRIA (4) | Da Vitória (3)
74477038	SEGURO	DA VITORIA	BAIRRO DA VITORIA	3	2	1	100.0	1	BAIRRO DA VITORIA (2) | BAIRRO DA VITÓRIA (1)
74477040	SEGURO	DA VITORIA	BAIRRO DA VITÓRIA	1	1	0	100.0	1	BAIRRO DA VITÓRIA (1)
74477041	SEGURO	DA VITORIA	BAIRRO DA VITORIA	4	2	2	100.0	1	BAIRRO DA VITORIA (2) | BAIRRO DA VITÓRIA (1) | Da Vitória (1)
74477043	SEGURO	DA VITORIA	Da Vitória	5	3	2	100.0	1	Da Vitória (3) | BAIRRO DA VITÓRIA (2)
74477044	SEGURO	DA VITORIA	BAIRRO DA VITORIA	2	1	1	100.0	1	BAIRRO DA VITORIA (1) | Da Vitória (1)
74477045	SEGURO	DA VITORIA	DA VITÓRIA	4	2	2	100.0	1	DA VITÓRIA (2) | BAIRRO DA VITÓRIA (1) | BAIRRO DA VITORIA (1)
74477048	SEGURO	DA VITORIA	BAIRRO DA VITÓRIA	5	4	1	100.0	1	BAIRRO DA VITÓRIA (4) | BAIRRO DA VITORIA (1)
74477049	SEGURO	DA VITORIA	DA VITÓRIA	1	1	0	100.0	1	DA VITÓRIA (1)
74477050	SEGURO	DA VITORIA	DA VITÓRIA	2	1	1	100.0	1	DA VITÓRIA (1) | Da Vitória (1)
74477051	SEGURO	DA VITORIA	DA VITÓRIA	2	2	0	100.0	1	DA VITÓRIA (2)
74477053	SEGURO	DA VITORIA	BAIRRO DA VITÓRIA	4	3	1	100.0	1	BAIRRO DA VITÓRIA (3) | DA VITÓRIA (1)
74477054	SEGURO	DA VITORIA	DA VITÓRIA	3	2	1	100.0	1	DA VITÓRIA (2) | BAIRRO DA VITÓRIA (1)
74477055	SEGURO	DA VITORIA	BAIRRO DA VITÓRIA	3	2	1	100.0	1	BAIRRO DA VITÓRIA (2) | BAIRRO DA VITORIA (1)
74477056	SEGURO	DA VITORIA	BAIRRO DA VITÓRIA	2	2	0	100.0	1	BAIRRO DA VITÓRIA (2)
74477057	SEGURO	DA VITORIA	DA VITÓRIA	12	5	7	100.0	1	DA VITÓRIA (5) | BAIRRO DA VITORIA (4) | BAIRRO DA VITÓRIA (2) | Da Vitória (1)
74477058	SEGURO	SAO CARLOS	SÃO CARLOS	4	3	1	100.0	1	SÃO CARLOS (3) | São Carlos (1)
74477059	SEGURO	SAO CARLOS	SÃO CARLOS	2	2	0	100.0	1	SÃO CARLOS (2)
74477060	SEGURO	SAO CARLOS	SÃO CARLOS	1	1	0	100.0	1	SÃO CARLOS (1)
74477061	SEGURO	SAO CARLOS	SÃO CARLOS	7	5	2	100.0	1	SÃO CARLOS (5) | São Carlos (2)
74477062	SEGURO	SAO CARLOS	SÃO CARLOS	12	10	2	100.0	1	SÃO CARLOS (10) | SAO CARLOS (1) | São Carlos (1)
74477063	SEGURO	SAO CARLOS	SÃO CARLOS	1	1	0	100.0	1	SÃO CARLOS (1)
74477064	SEGURO	SAO CARLOS	SÃO CARLOS	1	1	0	100.0	1	SÃO CARLOS (1)
74477066	SEGURO	SAO CARLOS	SÃO CARLOS	10	10	0	100.0	1	SÃO CARLOS (10)
74477067	SEGURO	SAO CARLOS	SÃO CARLOS	6	5	1	100.0	1	SÃO CARLOS (5) | BAIRRO SÃO CARLOS (1)
74477068	SEGURO	SAO CARLOS	SÃO CARLOS	6	4	2	100.0	1	SÃO CARLOS (4) | São Carlos (2)
74477069	SEGURO	SAO CARLOS	SÃO CARLOS	2	2	0	100.0	1	SÃO CARLOS (2)
74477070	SEGURO	SAO CARLOS	SÃO CARLOS	6	4	2	100.0	1	SÃO CARLOS (4) | BAIRRO SÃO CARLOS (1) | SAO CARLOS (1)
74477071	SEGURO	SAO CARLOS	SÃO CARLOS	4	3	1	100.0	1	SÃO CARLOS (3) | São Carlos (1)
74477072	SEGURO	DA VITORIA	BAIRRO DA VITÓRIA	2	1	1	100.0	1	BAIRRO DA VITÓRIA (1) | Da Vitoria (1)
74477074	SEGURO	SAO CARLOS	SÃO CARLOS	4	3	1	100.0	1	SÃO CARLOS (3) | São Carlos (1)
74477076	BLOQUEADO	SAO CARLOS	SÃO CARLOS	4	2	2	75.0	2	SÃO CARLOS (2) | BAIRRO SÃO CARLOS (1) | Da Vitória (1)
74477078	SEGURO	SAO CARLOS	SÃO CARLOS	4	4	0	100.0	1	SÃO CARLOS (4)
74477079	SEGURO	SAO CARLOS	SÃO CARLOS	2	2	0	100.0	1	SÃO CARLOS (2)
74477080	SEGURO	SAO CARLOS	SÃO CARLOS	4	3	1	100.0	1	SÃO CARLOS (3) | São Carlos (1)
74477081	SEGURO	SAO CARLOS	SÃO CARLOS	7	7	0	100.0	1	SÃO CARLOS (7)
74477083	SEGURO	SAO CARLOS	SÃO CARLOS	4	2	2	100.0	1	SÃO CARLOS (2) | SAO CARLOS (1) | São Carlos (1)
74477084	SEGURO	SAO CARLOS	SÃO CARLOS	3	2	1	100.0	1	SÃO CARLOS (2) | São Carlos (1)
74477086	SEGURO	SAO CARLOS	SÃO CARLOS	1	1	0	100.0	1	SÃO CARLOS (1)
74477087	SEGURO	SAO CARLOS	SÃO CARLOS	3	2	1	100.0	1	SÃO CARLOS (2) | São Carlos (1)
74477088	BLOQUEADO	SAO CARLOS	SÃO CARLOS	14	7	7	92.86	2	SÃO CARLOS (7) | São Carlos (4) | SAO CARLOS (2) | Jardim Nova Esperança (1)
74477089	SEGURO	SAO CARLOS	SÃO CARLOS	6	3	3	100.0	1	SÃO CARLOS (3) | São Carlos (3)
74477091	SEGURO	SAO CARLOS	SÃO CARLOS	4	4	0	100.0	1	SÃO CARLOS (4)
74477092	SEGURO	SAO CARLOS	São Carlos	1	1	0	100.0	1	São Carlos (1)
74477093	SEGURO	SAO CARLOS	SÃO CARLOS	1	1	0	100.0	1	SÃO CARLOS (1)
74477094	SEGURO	SAO CARLOS	SÃO CARLOS	3	3	0	100.0	1	SÃO CARLOS (3)
74477096	SEGURO	SAO CARLOS	SÃO CARLOS	2	2	0	100.0	1	SÃO CARLOS (2)
74477097	SEGURO	SAO CARLOS	SÃO CARLOS	7	5	2	100.0	1	SÃO CARLOS (5) | SAO CARLOS (2)
74477098	SEGURO	SAO CARLOS	SÃO CARLOS	4	3	1	100.0	1	SÃO CARLOS (3) | SAO CARLOS (1)
74477099	SEGURO	SAO CARLOS	SÃO CARLOS	4	3	1	100.0	1	SÃO CARLOS (3) | São Carlos (1)
74477100	SEGURO	SAO CARLOS	SÃO CARLOS	4	3	1	100.0	1	SÃO CARLOS (3) | São Carlos (1)
74477101	SEGURO	SAO CARLOS	São Carlos	3	2	1	100.0	1	São Carlos (2) | SÃO CARLOS (1)
74477103	SEGURO	SAO CARLOS	SÃO CARLOS	2	2	0	100.0	1	SÃO CARLOS (2)
74477104	SEGURO	SAO CARLOS	SAO CARLOS	1	1	0	100.0	1	SAO CARLOS (1)
74477105	SEGURO	SAO CARLOS	São Carlos	9	6	3	100.0	1	São Carlos (6) | SÃO CARLOS (3)
74477106	SEGURO	SAO CARLOS	SÃO CARLOS	6	5	1	100.0	1	SÃO CARLOS (5) | SAO CARLOS (1)
74477107	SEGURO	SAO CARLOS	SÃO CARLOS	11	9	2	100.0	1	SÃO CARLOS (9) | São Carlos (2)
74477108	SEGURO	SAO CARLOS	SÃO CARLOS	4	3	1	100.0	1	SÃO CARLOS (3) | SAO CARLOS (1)
74477109	SEGURO	SAO CARLOS	SÃO CARLOS	2	2	0	100.0	1	SÃO CARLOS (2)
74477110	SEGURO	SAO CARLOS	SÃO CARLOS	4	3	1	100.0	1	SÃO CARLOS (3) | São Carlos (1)
74477112	SEGURO	SAO CARLOS	SÃO CARLOS	1	1	0	100.0	1	SÃO CARLOS (1)
74477115	SEGURO	FLORESTA	Floresta	1	1	0	100.0	1	Floresta (1)
74477122	SEGURO	FLORESTA	Floresta	2	2	0	100.0	1	Floresta (2)
74477147	SEGURO	DA VITORIA	DA VITÓRIA	4	4	0	100.0	1	DA VITÓRIA (4)
74477186	SEGURO	SAO CARLOS	SÃO CARLOS	3	3	0	100.0	1	SÃO CARLOS (3)
74477187	SEGURO	SAO CARLOS	SÃO CARLOS	2	2	0	100.0	1	SÃO CARLOS (2)
74477189	SEGURO	SAO CARLOS	SÃO CARLOS	1	1	0	100.0	1	SÃO CARLOS (1)
74477190	SEGURO	SAO CARLOS	SÃO CARLOS	11	8	3	100.0	1	SÃO CARLOS (8) | BAIRRO SAO CARLOS (2) | São Carlos (1)
74477200	SEGURO	JARDIM VISTA BELA	JARDIM VISTA BELA	2	2	0	100.0	1	JARDIM VISTA BELA (2)
74477447	SEGURO	JARDIM LIBERDADE	JARDIM LIBERDADE	1	1	0	100.0	1	JARDIM LIBERDADE (1)
74477600	SEGURO	FAZENDA SAO DOMINGOS	FAZENDA SÃO DOMINGOS	1	1	0	100.0	1	FAZENDA SÃO DOMINGOS (1)
74477657	SEGURO	DA VITORIA	BAIRRO DA VITORIA	1	1	0	100.0	1	BAIRRO DA VITORIA (1)
74477720	SEGURO	CONDOMINIO CAMPO BELO	CONDOMÍNIO CAMPO BELO	1	1	0	100.0	1	CONDOMÍNIO CAMPO BELO (1)
74478036	SEGURO	NOVO PLANALTO	NOVO PLANALTO	1	1	0	100.0	1	NOVO PLANALTO (1)
74478395	SEGURO	NOVO PLANALTO	NOVO PLANALTO	1	1	0	100.0	1	NOVO PLANALTO (1)
74478710	SEGURO	MANSOES PARAISO	MANSÕES PARAÍSO	1	1	0	100.0	1	MANSÕES PARAÍSO (1)
74480000	BLOQUEADO	CAPUAVA	BAIRRO CAPUAVA	4	1	3	25.0	4	BAIRRO CAPUAVA (1) | COLORADO (1) | JARDIM COLORADO (1) | JARDIM NOVO MUNDO (1)
74480003	SEGURO	JARDIM LIBERDADE	JARDIM LIBERDADE	1	1	0	100.0	1	JARDIM LIBERDADE (1)
74480008	SEGURO	VILA MUTIRAO	VILA MUTIRÃO	1	1	0	100.0	1	VILA MUTIRÃO (1)
74480010	SEGURO	JARDIM LIBERDADE	JARDIM LIBERDADE	3	3	0	100.0	1	JARDIM LIBERDADE (3)
74480020	BLOQUEADO	VILA MUTIRAO	VILA MUTIRÃO	3	2	1	66.67	2	VILA MUTIRÃO (2) | JARDIM LIBERDADE (1)
74480030	REVISAR	JARDIM LIBERDADE	JARDIM LIBERDADE	41	37	4	95.12	2	JARDIM LIBERDADE (37) | Jardim Liberdade (2) | VILA MUTIRÃO (2)
74480040	BLOQUEADO	VILA MUTIRAO	VILA MUTIRÃO	9	6	3	66.67	2	VILA MUTIRÃO (6) | Vila Mutirão I (2) | VILA MUTIRÃO I (1)
74480050	SEGURO	NOVO PLANALTO	NOVO PLANALTO	5	3	2	100.0	1	NOVO PLANALTO (3) | SETOR NOVO PLANALTO (2)
74480060	BLOQUEADO	NOVO PLANALTO	NOVO PLANALTO	55	32	23	94.55	4	NOVO PLANALTO (32) | SETOR NOVO PLANALTO (15) | Setor Novo Planalto (5) | JARDIM NOVA ESPERANÇA (1) | MANSÕES PARAISO (1) | Vila Mutirão (1)
74480070	BLOQUEADO	JARDIM LIBERDADE	JARDIM LIBERDADE	29	23	6	82.76	3	JARDIM LIBERDADE (23) | NOVO PLANALTO (2) | Jardim Liberdade (1) | SETOR NOVO PLANALTO (1) | VILA MUTIRÃO (1) | VILA MUTIRAO (1)
74480080	SEGURO	NOVO PLANALTO	NOVO PLANALTO	1	1	0	100.0	1	NOVO PLANALTO (1)
74480098	SEGURO	SAO CARLOS	SÃO CARLOS	1	1	0	100.0	1	SÃO CARLOS (1)
74480110	BLOQUEADO	VILA MUTIRAO	VILA MUTIRÃO	29	13	16	44.83	4	VILA MUTIRÃO (13) | VILA MUTIRÃO I (8) | JARDIM LIBERDADE (5) | Vila Mutirão I (2) | JARDIM CURITIBA IV (1)
74480120	BLOQUEADO	VILA MUTIRAO I	VILA MUTIRÃO I	13	6	7	53.85	3	VILA MUTIRÃO I (6) | VILA MUTIRÃO (5) | CURITIBA 4 (1) | Vila Mutirão I (1)
74480130	SEGURO	NOVO PLANALTO	NOVO PLANALTO	4	3	1	100.0	1	NOVO PLANALTO (3) | SETOR NOVO PLANALTO (1)
74480140	BLOQUEADO	VILA MUTIRAO	VILA MUTIRÃO	14	9	5	64.29	3	VILA MUTIRÃO (9) | VILA MUTIRÃO I (3) | JARDIM LIBERDADE (1) | Vila Mutirão I (1)
74480150	BLOQUEADO	VILA MUTIRAO I	VILA MUTIRÃO	18	8	10	50.0	3	VILA MUTIRÃO (8) | Vila Mutirão I (7) | VILA MUTIRÃO I (2) | JARDIM LIBERDADE (1)
74480160	BLOQUEADO	VILA MUTIRAO I	VILA MUTIRÃO	22	10	12	54.55	2	VILA MUTIRÃO (10) | VILA MUTIRÃO I (8) | Vila Mutirão I (4)
74480170	BLOQUEADO	VILA MUTIRAO	VILA MUTIRÃO	20	11	9	65.0	2	VILA MUTIRÃO (11) | VILA MUTIRÃO I (4) | Vila Mutirão I (3) | VILA MUTIRAO (2)
74480180	BLOQUEADO	VILA MUTIRAO	VILA MUTIRÃO	26	14	12	61.54	3	VILA MUTIRÃO (14) | VILA MUTIRÃO I (5) | Vila Mutirão I (4) | VILA MUTIRAO (2) | VILA MULTIRÃO I (1)
74480190	BLOQUEADO	VILA MUTIRAO	VILA MUTIRÃO	5	3	2	60.0	3	VILA MUTIRÃO (3) | VILA MULTIRÃO (1) | Vila Mutirão I (1)
74480230	BLOQUEADO	VILA MUTIRAO	VILA MUTIRÃO	16	10	6	62.5	2	VILA MUTIRÃO (10) | VILA MUTIRÃO I (3) | Vila Mutirão I (3)
74480240	BLOQUEADO	VILA MUTIRAO I	VILA MUTIRÃO I	27	11	16	51.85	4	VILA MUTIRÃO I (11) | VILA MUTIRÃO (10) | Vila Mutirão I (3) | CANDIDA DE MORAIS (1) | NOVO PLANALTO (1) | VILA MUTIRAO (1)
74480250	BLOQUEADO	VILA MUTIRAO	VILA MUTIRÃO	27	11	16	55.56	4	VILA MUTIRÃO (11) | VILA MUTIRÃO I (6) | Vila Mutirão I (4) | VILA MUTIRAO (3) | Jardim Liberdade (1) | VILA MULTIRÃO (1) | Vila Mutirão (1)
74480260	BLOQUEADO	VILA MUTIRAO	VILA MUTIRÃO	29	16	13	55.17	3	VILA MUTIRÃO (16) | VILA MUTIRÃO I (9) | Vila Mutirão I (3) | RESIDENCIAL GREEN PARK (1)
74480270	BLOQUEADO	VILA MUTIRAO	VILA MUTIRÃO	20	8	12	50.0	3	VILA MUTIRÃO (8) | VILA MUTIRÃO I (6) | Vila Mutirão I (3) | Vila Mutirão (2) | JARDIM LIBERDADE (1)
74480280	BLOQUEADO	VILA MUTIRAO I	VILA MUTIRÃO	20	9	11	50.0	3	VILA MUTIRÃO (9) | VILA MUTIRÃO I (6) | Vila Mutirão I (4) | NOVO PLANALTO (1)
74480282	BLOQUEADO	VILA MUTIRAO	VILA MUTIRÃO	8	6	2	75.0	2	VILA MUTIRÃO (6) | VILA MUTIRÃO I (2)
74480290	BLOQUEADO	VILA MUTIRAO	VILA MUTIRÃO	5	2	3	60.0	3	VILA MUTIRÃO (2) | SETOR PERIM (1) | Vila Mutirão (1) | Vila Mutirão I (1)
74480300	BLOQUEADO	VILA MUTIRAO I	VILA MUTIRÃO I	15	6	9	60.0	4	VILA MUTIRÃO I (6) | VILA MUTIRÃO (4) | Vila Mutirão I (3) | VILA MULTIRÃO (1) | VILA MUTIRAO 1 (1)
74480310	BLOQUEADO	VILA MUTIRAO I	VILA MUTIRÃO I	7	3	4	57.14	4	VILA MUTIRÃO I (3) | JARDIM LIBERDADE (1) | NOVO PLANALTO (1) | VILA MUTIRÃO (1) | Vila Mutirão I (1)
74480320	BLOQUEADO	JARDIM LIBERDADE	JARDIM LIBERDADE	9	4	5	44.44	3	JARDIM LIBERDADE (4) | VILA MUTIRÃO (4) | VILA MUTIRÃO I (1)
74480330	REVISAR	NOVO PLANALTO	NOVO PLANALTO	45	29	16	97.78	2	NOVO PLANALTO (29) | SETOR NOVO PLANALTO (13) | Setor Novo Planalto (2) | JARDIM COLORADO (1)
74480335	SEGURO	NOVO PLANALTO	NOVO PLANALTO	24	13	11	100.0	1	NOVO PLANALTO (13) | SETOR NOVO PLANALTO (10) | Setor Novo Planalto (1)
74480340	REVISAR	NOVO PLANALTO	NOVO PLANALTO	41	23	18	97.56	2	NOVO PLANALTO (23) | SETOR NOVO PLANALTO (9) | Setor Novo Planalto (8) | JARDIM COLORADO (1)
74480350	REVISAR	NOVO PLANALTO	NOVO PLANALTO	52	29	23	96.15	3	NOVO PLANALTO (29) | SETOR NOVO PLANALTO (16) | Setor Novo Planalto (5) | CANDIDA DE MORAES (1) | JARDIM COLORADO (1)
74480355	REVISAR	NOVO PLANALTO	NOVO PLANALTO	47	27	20	97.87	2	NOVO PLANALTO (27) | SETOR NOVO PLANALTO (14) | Setor Novo Planalto (4) | JARDIM VISTA BELA (1) | Novo Planalto (1)
74480358	SEGURO	NOVO PLANALTO	NOVO PLANALTO	1	1	0	100.0	1	NOVO PLANALTO (1)
74480360	SEGURO	NOVO PLANALTO	NOVO PLANALTO	23	12	11	100.0	1	NOVO PLANALTO (12) | SETOR NOVO PLANALTO (9) | Setor Novo Planalto (2)
74480365	SEGURO	NOVO PLANALTO	NOVO PLANALTO	1	1	0	100.0	1	NOVO PLANALTO (1)
74480370	SEGURO	NOVO PLANALTO	NOVO PLANALTO	11	6	5	100.0	1	NOVO PLANALTO (6) | SETOR NOVO PLANALTO (5)
74480380	SEGURO	NOVO PLANALTO	NOVO PLANALTO	17	10	7	100.0	1	NOVO PLANALTO (10) | SETOR NOVO PLANALTO (7)
74480382	BLOQUEADO	NOVO PLANALTO	NOVO PLANALTO	19	13	6	89.47	3	NOVO PLANALTO (13) | SETOR NOVO PLANALTO (3) | RESIDENCIAL PRIVE NORTE (1) | Setor Novo Planalto (1) | VILA MARTINS (1)
74480385	SEGURO	NOVO PLANALTO	NOVO PLANALTO	9	8	1	100.0	1	NOVO PLANALTO (8) | SETOR NOVO PLANALTO (1)
74480387	BLOQUEADO	NOVO PLANALTO	NOVO PLANALTO	3	2	1	66.67	2	NOVO PLANALTO (2) | SETOR PERIM (1)
74480390	REVISAR	NOVO PLANALTO	NOVO PLANALTO	29	15	14	96.55	2	NOVO PLANALTO (15) | Setor Novo Planalto (8) | SETOR NOVO PLANALTO (5) | JARDIM COLORADO (1)
74480395	SEGURO	NOVO PLANALTO	NOVO PLANALTO	34	25	9	100.0	1	NOVO PLANALTO (25) | SETOR NOVO PLANALTO (6) | Setor Novo Planalto (3)
74480400	SEGURO	NOVO PLANALTO	NOVO PLANALTO	36	22	14	100.0	1	NOVO PLANALTO (22) | SETOR NOVO PLANALTO (11) | Setor Novo Planalto (3)
74480420	SEGURO	VILA MUTIRAO	VILA MUTIRÃO	1	1	0	100.0	1	VILA MUTIRÃO (1)
74480430	BLOQUEADO	JARDIM CURITIBA IV	JARDIM CURITIBA IV	23	17	6	78.26	3	JARDIM CURITIBA IV (17) | JARDIM CURITIBA (3) | Jardim Curitiba (1) | JARDIM CURITIBA  IV (1) | JARDIM LIBERDADE (1)
74480440	BLOQUEADO	JARDIM CURITIBA IV	JARDIM CURITIBA IV	17	14	3	82.35	2	JARDIM CURITIBA IV (14) | JARDIM CURITIBA (2) | Jardim Curitiba (1)
74480450	BLOQUEADO	JARDIM CURITIBA IV	JARDIM CURITIBA IV	40	25	15	65.0	5	JARDIM CURITIBA IV (25) | JARDIM CURITIBA (5) | Jardim Curitiba (5) | Jardim Curitiba 4 (2) | CURITIBA IV (1) | JARDIM CURITBA IV (1) | Jardim Curitiba IV (1)
74480460	BLOQUEADO	JARDIM CURITIBA IV	JARDIM CURITIBA IV	15	9	6	60.0	3	JARDIM CURITIBA IV (9) | JARDIM CURITIBA (4) | Jardim Curitiba (1) | PARQUE MARACANÃ (1)
74480470	BLOQUEADO	JARDIM CURITIBA	JARDIM CURITIBA	7	2	5	57.14	3	JARDIM CURITIBA (2) | Jardim Curitiba (2) | JARDIM CURITIBA IV (2) | JARDIM CURITIBA I (1)
74480480	BLOQUEADO	JARDIM CURITIBA IV	JARDIM CURITIBA IV	3	2	1	66.67	2	JARDIM CURITIBA IV (2) | Jardim Curitiba (1)
74480485	BLOQUEADO	JARDIM CURITIBA	JARDIM CURITIBA	6	2	4	50.0	4	JARDIM CURITIBA (2) | Jardim Curitiba (1) | JARDIM CURITIBA IV (1) | Jardim Curitiba lV (1) | JARDIM VISTA BELA (1)
74480490	BLOQUEADO	JARDIM CURITIBA IV	JARDIM CURITIBA IV	5	4	1	80.0	2	JARDIM CURITIBA IV (4) | JARDIM CURITIBA 4 (1)
74480500	BLOQUEADO	JARDIM CURITIBA IV	JARDIM CURITIBA IV	5	3	2	60.0	3	JARDIM CURITIBA IV (3) | JARDIM CURITIBA (1) | Jardim Curitiba 4 (1)
74480510	BLOQUEADO	JARDIM CURITIBA	Jardim Curitiba	2	1	1	50.0	2	Jardim Curitiba (1) | JARDIM CURITIBA IV (1)
74480520	BLOQUEADO	JARDIM CURITIBA IV	JARDIM CURITIBA IV	11	10	1	90.91	2	JARDIM CURITIBA IV (10) | Jardim Curitiba (1)
74480530	BLOQUEADO	JARDIM CURITIBA IV	JARDIM CURITIBA IV	17	13	4	76.47	4	JARDIM CURITIBA IV (13) | CURITIBA IV (1) | Jardim Curitiba (1) | JARDIM CURITIBA (1) | Jardim Curitiba 4 (1)
74480540	BLOQUEADO	JARDIM CURITIBA IV	JARDIM CURITIBA IV	6	5	1	83.33	2	JARDIM CURITIBA IV (5) | JARDIM CURITIBA (1)
74480550	BLOQUEADO	JARDIM CURITIBA IV	JARDIM CURITIBA IV	6	4	2	66.67	2	JARDIM CURITIBA IV (4) | JARDIM CURITIBA (2)
74480558	SEGURO	JARDIM CURITIBA IV	JARDIM CURITIBA IV	1	1	0	100.0	1	JARDIM CURITIBA IV (1)
74480560	BLOQUEADO	JARDIM CURITIBA IV	JARDIM CURITIBA IV	14	9	5	64.29	2	JARDIM CURITIBA IV (9) | JARDIM CURITIBA (3) | Jardim Curitiba (2)
74480570	BLOQUEADO	JARDIM CURITIBA IV	JARDIM CURITIBA IV	10	7	3	80.0	2	JARDIM CURITIBA IV (7) | Jardim Curitiba (2) | Jardim Curitiba IV (1)
74480579	SEGURO	JARDIM CURITIBA IV	JARDIM CURITIBA IV	1	1	0	100.0	1	JARDIM CURITIBA IV (1)
74480580	SEGURO	JARDIM CURITIBA IV	JARDIM CURITIBA IV	1	1	0	100.0	1	JARDIM CURITIBA IV (1)
74480590	BLOQUEADO	JARDIM CURITIBA IV	JARDIM CURITIBA IV	6	4	2	66.67	3	JARDIM CURITIBA IV (4) | Jardim Curitiba (1) | RESIDENCIAL FORTALEZA (1)
74480600	BLOQUEADO	JARDIM CURITIBA	JARDIM CURITIBA	2	1	1	50.0	2	JARDIM CURITIBA (1) | JARDIM CURITIBA IV (1)
74480610	BLOQUEADO	JARDIM CURITIBA	JARDIM CURITIBA	5	2	3	40.0	3	JARDIM CURITIBA (2) | JARDIM CURITIBA IV (2) | PARQUE TREMENDÃO (1)
74480620	BLOQUEADO	JARDIM CURITIBA IV	JARDIM CURITIBA IV	8	5	3	62.5	3	JARDIM CURITIBA IV (5) | JARDIM CURITIBA (2) | JARDIM CURITIBA 4 (1)
74480630	SEGURO	JARDIM CURITIBA IV	JARDIM CURITIBA IV	4	4	0	100.0	1	JARDIM CURITIBA IV (4)
74480640	BLOQUEADO	JARDIM CURITIBA IV	JARDIM CURITIBA IV	5	3	2	60.0	2	JARDIM CURITIBA IV (3) | JARDIM CURITIBA (2)
74480650	BLOQUEADO	JARDIM CURITIBA IV	JARDIM CURITIBA IV	30	19	11	63.33	5	JARDIM CURITIBA IV (19) | JARDIM CURITIBA (7) | Jardim Curitiba (1) | JARDIM LIBERDADE (1) | SÃO CARLOS (1) | VILA MUTIRÃO (1)
74480660	BLOQUEADO	JARDIM CURITIBA IV	JARDIM CURITIBA IV	11	6	5	54.55	4	JARDIM CURITIBA IV (6) | JARDIM CURITIBA (3) | CURITIBA IV (1) | Jardim Curitiba 4 (1)
74480700	SEGURO	JARDIM CURITIBA	JARDIM CURITIBA	1	1	0	100.0	1	JARDIM CURITIBA (1)
74480710	BLOQUEADO	JARDIM CURITIBA	Jardim Curitiba	2	1	1	50.0	2	Jardim Curitiba (1) | MANSOES PARAISO (1)
74480711	SEGURO	JARDIM CURITIBA 2	Jardim Curitiba 2	1	1	0	100.0	1	Jardim Curitiba 2 (1)
74480720	BLOQUEADO	JARDIM CURITIBA II	JARDIM CURITIBA II	2	1	1	50.0	2	JARDIM CURITIBA II (1) | MANSÕES PARAÍSO (1)
74480800	BLOQUEADO	JARDIM CURITIBA IV	JARDIM CURITIBA IV	11	4	7	36.36	7	JARDIM CURITIBA IV (4) | JARDIM CURITIBA (2) | Jardim Curitiba 2 (1) | Jardim Curitiba 3 (1) | Jardim Curitiba 4 (1) | JARDIM CURITIBA II (1) | VILA MUTIRÃO (1)
74480860	SEGURO	PARQUE TREMENDAO	PARQUE TREMENDÃO	1	1	0	100.0	1	PARQUE TREMENDÃO (1)
74480970	SEGURO	VILA MUTIRAO	VILA MUTIRÃO	1	1	0	100.0	1	VILA MUTIRÃO (1)
74481030	BLOQUEADO	JARDIM CURITIBA 2	JARDIM CURITIBA 2	2	1	1	50.0	2	JARDIM CURITIBA 2 (1) | JARDIM CURITIBA IV (1)
74481070	SEGURO	JARDIM CURITIBA	Jardim Curitiba	1	1	0	100.0	1	Jardim Curitiba (1)
74481090	SEGURO	JARDIM CURITIBA	Jardim Curitiba	1	1	0	100.0	1	Jardim Curitiba (1)
74481100	SEGURO	JARDIM CURITIBA	JARDIM CURITIBA	1	1	0	100.0	1	JARDIM CURITIBA (1)
74481110	SEGURO	JARDIM CURITIBA	Jardim Curitiba	3	3	0	100.0	1	Jardim Curitiba (3)
74481130	SEGURO	JARDIM CURITIBA	JARDIM CURITIBA	2	1	1	100.0	1	JARDIM CURITIBA (1) | Jardim Curitiba (1)
74481140	SEGURO	JARDIM CURITIBA	JARDIM CURITIBA	2	2	0	100.0	1	JARDIM CURITIBA (2)
74481150	SEGURO	JARDIM CURITIBA	JARDIM CURITIBA	1	1	0	100.0	1	JARDIM CURITIBA (1)
74481160	SEGURO	JARDIM CURITIBA I	JARDIM CURITIBA I	1	1	0	100.0	1	JARDIM CURITIBA I (1)
74481190	SEGURO	JARDIM CURITIBA	Jardim Curitiba	1	1	0	100.0	1	Jardim Curitiba (1)
74481195	SEGURO	JARDIM CURITIBA	Jardim Curitiba	1	1	0	100.0	1	Jardim Curitiba (1)
74481200	SEGURO	JARDIM CURITIBA	JARDIM CURITIBA	2	1	1	100.0	1	JARDIM CURITIBA (1) | Jardim Curitiba (1)
74481220	BLOQUEADO	JARDIM CURITIBA	JARDIM CURITIBA	2	1	1	50.0	2	JARDIM CURITIBA (1) | JARDIM CURITIBA 2 (1)
74481250	SEGURO	JARDIM CURITIBA	JARDIM CURITIBA	2	2	0	100.0	1	JARDIM CURITIBA (2)
74481290	SEGURO	JARDIM CURITIBA	JARDIM CURITIBA	1	1	0	100.0	1	JARDIM CURITIBA (1)
74481375	SEGURO	JARDIM CURITIBA	JARDIM CURITIBA	1	1	0	100.0	1	JARDIM CURITIBA (1)
74481450	SEGURO	JARDIM CURITIBA III	JARDIM CURITIBA III	1	1	0	100.0	1	JARDIM CURITIBA III (1)
74481460	SEGURO	JARDIM CURITIBA	Jardim Curitiba	1	1	0	100.0	1	Jardim Curitiba (1)
74481470	SEGURO	JARDIM CURITIBA III	JARDIM CURITIBA III	1	1	0	100.0	1	JARDIM CURITIBA III (1)
74481530	SEGURO	JARDIM CURITIBA	Jardim Curitiba	1	1	0	100.0	1	Jardim Curitiba (1)
74481550	SEGURO	JARDIM CURITIBA	Jardim Curitiba	1	1	0	100.0	1	Jardim Curitiba (1)
74481560	SEGURO	JARDIM CURITIBA	JARDIM CURITIBA	2	1	1	100.0	1	JARDIM CURITIBA (1) | Jardim Curitiba (1)
74481580	BLOQUEADO	JARDIM CURITIBA	Jardim Curitiba	4	3	1	75.0	2	Jardim Curitiba (3) | Jardim Curitiba 2 (1)
74481610	SEGURO	RESIDENCIAL GREEN PARK	RESIDENCIAL GREEN PARK	6	4	2	100.0	1	RESIDENCIAL GREEN PARK (4) | Residencial Green Park (2)
74481615	BLOQUEADO	RESIDENCIAL GREEN PARK	RESIDENCIAL GREEN PARK	5	4	1	80.0	2	RESIDENCIAL GREEN PARK (4) | VILA MUTIRAO (1)
74481620	BLOQUEADO	RESIDENCIAL GREEN PARK	RESIDENCIAL GREEN PARK	7	5	2	71.43	3	RESIDENCIAL GREEN PARK (5) | GREEN PARK (1) | VILA MUTIRÃO (1)
74481625	SEGURO	RESIDENCIAL GREEN PARK	RESIDENCIAL GREEN PARK	3	3	0	100.0	1	RESIDENCIAL GREEN PARK (3)
74481630	SEGURO	RESIDENCIAL GREEN PARK	RESIDENCIAL GREEN PARK	7	7	0	100.0	1	RESIDENCIAL GREEN PARK (7)
74481635	SEGURO	RESIDENCIAL GREEN PARK	RESIDENCIAL GREEN PARK	8	7	1	100.0	1	RESIDENCIAL GREEN PARK (7) | Residencial Green Park (1)
74481640	BLOQUEADO	RESIDENCIAL GREEN PARK	RESIDENCIAL GREEN PARK	12	9	3	83.33	3	RESIDENCIAL GREEN PARK (9) | RES. GREEN PARK (1) | Residencial Green Park (1) | VILA MUTIRÃO (1)
74481655	SEGURO	RESIDENCIAL GREEN PARK	RESIDENCIAL GREEN PARK	5	3	2	100.0	1	RESIDENCIAL GREEN PARK (3) | Residencial Green Park (2)
74481657	SEGURO	RESIDENCIAL GREEN PARK	RESIDENCIAL GREEN PARK	3	3	0	100.0	1	RESIDENCIAL GREEN PARK (3)
74481700	BLOQUEADO	MANSOES PARAISO	MANSÕES PARAÍSO	32	9	23	62.5	2	MANSÕES PARAÍSO (9) | MANSOES PARAISO (7) | Residencial Mansões Paraíso (6) | RESIDENCIAL MANSÕES PARAÍSO (6) | MANSÕES PARAISO (4)
74481705	BLOQUEADO	MANSOES PARAISO	MANSÕES PARAÍSO	48	18	30	70.83	3	MANSÕES PARAÍSO (18) | MANSÕES PARAISO (11) | RESIDENCIAL MANSÕES PARAÍSO (8) | MANSOES PARAISO (5) | Residencial Mansões Paraíso (5) | MANÇOES PARAÍSO (1)
74481710	BLOQUEADO	MANSOES PARAISO	MANSÕES PARAISO	45	15	30	62.22	2	MANSÕES PARAISO (15) | Residencial Mansões Paraíso (9) | RESIDENCIAL MANSÕES PARAÍSO (8) | MANSOES PARAISO (7) | MANSÕES PARAÍSO (6)
74481715	BLOQUEADO	MANSOES PARAISO	MANSÕES PARAÍSO	50	11	39	54.0	4	MANSÕES PARAÍSO (11) | MANSÕES PARAISO (11) | RESIDENCIAL MANSÕES PARAÍSO (10) | Residencial Mansões Paraíso (8) | MANSOES PARAISO (5) | RESIDENCIAL MANSÕES PARAISO (2) | JARDIM CURITIBA IV (1) | RESIDENCIAL MANSÕES DO PARAISO (1) | RESIDENCIAL MANSOES PARAISO (1)
74481720	BLOQUEADO	MANSOES PARAISO	MANSÕES PARAISO	13	3	10	61.54	3	MANSÕES PARAISO (3) | MANSÕES PARAÍSO (2) | MANSOES PARAISO (2) | Residencial Mansões Paraíso (2) | MANSÔES PARAISO (1) | NOVO PLANALTO (1) | RESIDENCIAL MANSÕES PARAÍSO (1) | SETOR NOVO PLANALTO (1)
74481725	BLOQUEADO	MANSOES PARAISO	MANSÕES PARAISO	13	5	8	61.54	2	MANSÕES PARAISO (5) | RESIDENCIAL MANSÕES PARAÍSO (4) | MANSÕES PARAÍSO (3) | Residencial Mansões Paraíso (1)
74481730	BLOQUEADO	MANSOES PARAISO	MANSÕES PARAÍSO	14	5	9	71.43	2	MANSÕES PARAÍSO (5) | MANSÕES PARAISO (4) | RESIDENCIAL MANSÕES PARAÍSO (4) | MANSOES PARAISO (1)
74481735	SEGURO	MANSOES PARAISO	MANSÕES PARAISO	1	1	0	100.0	1	MANSÕES PARAISO (1)
74481740	SEGURO	MANSOES PARAISO	MANSÕES PARAÍSO	5	3	2	100.0	1	MANSÕES PARAÍSO (3) | MANSÕES PARAISO (2)
74481755	BLOQUEADO	MANSOES PARAISO	MANSÕES PARAISO	4	2	2	75.0	2	MANSÕES PARAISO (2) | MANSOES PARAISO (1) | RESIDENCIAL MANSÕES PARAÍSO (1)
74481760	SEGURO	MANSOES PARAISO	MANSÕES PARAÍSO	4	2	2	100.0	1	MANSÕES PARAÍSO (2) | MANSÕES PARAISO (1) | MANSOES PARAISO (1)
74481770	SEGURO	MANSOES PARAISO	MANSÕES PARAISO	1	1	0	100.0	1	MANSÕES PARAISO (1)
74482070	SEGURO	PARQUE MARACANA	PARQUE MARACANÃ	1	1	0	100.0	1	PARQUE MARACANÃ (1)
74482130	SEGURO	PARQUE MARACANA	PARQUE MARACANÃ	3	1	2	100.0	1	PARQUE MARACANÃ (1) | PARQUE MARACANA (1) | Parque Maracanã (1)
74482350	SEGURO	SITIOS DE RECREIO DOS BANDEIRANTES	SÍTIOS DE RECREIO DOS BANDEIRANTES	1	1	0	100.0	1	SÍTIOS DE RECREIO DOS BANDEIRANTES (1)
74483009	SEGURO	CAROLINA PARQUE	CAROLINA PARQUE	1	1	0	100.0	1	CAROLINA PARQUE (1)
74483010	SEGURO	PARQUE INDUSTRIAL JOAO BRAZ	PARQUE INDUSTRIAL JOÃO BRAZ	2	2	0	100.0	1	PARQUE INDUSTRIAL JOÃO BRAZ (2)
74483013	SEGURO	CAROLINA PARQUE	CAROLINA PARQUE	1	1	0	100.0	1	CAROLINA PARQUE (1)
74483018	SEGURO	CAROLINA PARQUE	Carolina Parque	1	1	0	100.0	1	Carolina Parque (1)
74483030	BLOQUEADO	PARQUE INDUSTRIAL JOAO BRAZ	PARQUE INDUSTRIAL JOÃO BRAZ	4	3	1	75.0	2	PARQUE INDUSTRIAL JOÃO BRAZ (3) | PARQUE INDUSTRIAL JOAO BRAZ QD 70 LT 12 CASA 01 (1)
74483035	SEGURO	CAROLINA PARQUE EXTENSAO	CAROLINA PARQUE EXTENSÃO	1	1	0	100.0	1	CAROLINA PARQUE EXTENSÃO (1)
74483040	SEGURO	PARQUE INDUSTRIAL JOAO BRAZ	PARQUE INDUSTRIAL JOÃO BRAZ	1	1	0	100.0	1	PARQUE INDUSTRIAL JOÃO BRAZ (1)
74483056	SEGURO	CAROLINA PARQUE EXTENSAO	CAROLINA PARQUE EXTENSÃO	1	1	0	100.0	1	CAROLINA PARQUE EXTENSÃO (1)
74483090	SEGURO	ESPLANADA DO ANICUNS	ESPLANADA DO ANICUNS	1	1	0	100.0	1	ESPLANADA DO ANICUNS (1)
74483100	SEGURO	PARQUE INDUSTRIAL JOAO BRAZ	PARQUE INDUSTRIAL JOÃO BRAZ	1	1	0	100.0	1	PARQUE INDUSTRIAL JOÃO BRAZ (1)
74483110	SEGURO	PARQUE INDUSTRIAL JOAO BRAZ	PARQUE INDUSTRIAL JOÃO BRAZ	1	1	0	100.0	1	PARQUE INDUSTRIAL JOÃO BRAZ (1)
74483130	SEGURO	PARQUE INDUSTRIAL JOAO BRAZ	PARQUE INDUSTRIAL JOÃO BRAZ	2	1	1	100.0	1	PARQUE INDUSTRIAL JOÃO BRAZ (1) | Parque Industrial João Braz (1)
74483140	SEGURO	PARQUE INDUSTRIAL JOAO BRAZ	PARQUE INDUSTRIAL JOÃO BRAZ	1	1	0	100.0	1	PARQUE INDUSTRIAL JOÃO BRAZ (1)
74483150	SEGURO	PARQUE INDUSTRIAL JOAO BRAZ	PARQUE INDUSTRIAL JOÃO BRAZ	3	3	0	100.0	1	PARQUE INDUSTRIAL JOÃO BRAZ (3)
74483160	SEGURO	PARQUE INDUSTRIAL JOAO BRAZ	PARQUE INDUSTRIAL JOÃO BRAZ	2	2	0	100.0	1	PARQUE INDUSTRIAL JOÃO BRAZ (2)
74483170	SEGURO	PARQUE INDUSTRIAL JOAO BRAZ	PARQUE INDUSTRIAL JOÃO BRAZ	2	2	0	100.0	1	PARQUE INDUSTRIAL JOÃO BRAZ (2)
74483180	SEGURO	PARQUE INSDUSTRIAL JOAO BRAZ	PARQUE INSDUSTRIAL JOAO BRAZ	1	1	0	100.0	1	PARQUE INSDUSTRIAL JOAO BRAZ (1)
74483190	SEGURO	PARQUE INDUSTRIAL JOAO BRAZ	PARQUE INDUSTRIAL JOÃO BRAZ	3	3	0	100.0	1	PARQUE INDUSTRIAL JOÃO BRAZ (3)
74483210	SEGURO	PARQUE INDUSTRIAL JOAO BRAZ	PARQUE INDUSTRIAL JOÃO BRAZ	5	4	1	100.0	1	PARQUE INDUSTRIAL JOÃO BRAZ (4) | PARQUE INDUSTRIAL JOAO BRAZ (1)
74483230	SEGURO	PARQUE INDUSTRIAL JOAO BRAZ	PARQUE INDUSTRIAL JOÃO BRAZ	3	3	0	100.0	1	PARQUE INDUSTRIAL JOÃO BRAZ (3)
74483260	SEGURO	PARQUE INDUSTRIAL JOAO BRAZ	PARQUE INDUSTRIAL JOÃO BRAZ	1	1	0	100.0	1	PARQUE INDUSTRIAL JOÃO BRAZ (1)
74483280	SEGURO	PARQUE INDUSTRIAL JOAO BRAZ	PARQUE INDUSTRIAL JOÃO BRAZ	3	2	1	100.0	1	PARQUE INDUSTRIAL JOÃO BRAZ (2) | PARQUE INDUSTRIAL JOAO BRAZ (1)
74483290	SEGURO	PARQUE INDUSTRIAL JOAO BRAZ	PARQUE INDUSTRIAL JOÃO BRAZ	1	1	0	100.0	1	PARQUE INDUSTRIAL JOÃO BRAZ (1)
74483310	SEGURO	PARQUE INDUSTRIAL JOAO BRAZ	PARQUE INDUSTRIAL JOÃO BRAZ	4	3	1	100.0	1	PARQUE INDUSTRIAL JOÃO BRAZ (3) | PARQUE INDUSTRIAL JOAO BRAZ (1)
74483330	SEGURO	PARQUE INDUSTRIAL JOAO BRAZ	PARQUE INDUSTRIAL JOÃO BRAZ	1	1	0	100.0	1	PARQUE INDUSTRIAL JOÃO BRAZ (1)
74483335	SEGURO	NOVO PLANALTO	NOVO PLANALTO	1	1	0	100.0	1	NOVO PLANALTO (1)
74483380	SEGURO	PARQUE INDUSTRIAL JOAO BRAZ	PARQUE INDUSTRIAL JOÃO BRAZ	2	2	0	100.0	1	PARQUE INDUSTRIAL JOÃO BRAZ (2)
74483440	SEGURO	PARQUE INDUSTRIAL JOAO BRAZ	PARQUE INDUSTRIAL JOÃO BRAZ	2	2	0	100.0	1	PARQUE INDUSTRIAL JOÃO BRAZ (2)
74483450	SEGURO	PARQUE INDUSTRIAL JOAO BRAZ	PARQUE INDUSTRIAL JOÃO BRAZ	1	1	0	100.0	1	PARQUE INDUSTRIAL JOÃO BRAZ (1)
74483470	SEGURO	PARQUE INDUSTRIAL JOAO BRAZ	PARQUE INDUSTRIAL JOÃO BRAZ	2	1	1	100.0	1	PARQUE INDUSTRIAL JOÃO BRAZ (1) | PARQUE INDUSTRIAL JOAO BRAZ (1)
74483500	SEGURO	PARQUE INDUSTRIAL JOAO BRAZ	PARQUE INDUSTRIAL JOÃO BRAZ	3	3	0	100.0	1	PARQUE INDUSTRIAL JOÃO BRAZ (3)
74483510	SEGURO	PARQUE INDUSTRIAL JOAO BRAZ	PARQUE INDUSTRIAL JOÃO BRAZ	1	1	0	100.0	1	PARQUE INDUSTRIAL JOÃO BRAZ (1)
74483560	SEGURO	PARQUE INDUSTRIAL JOAO BRAZ	PARQUE INDUSTRIAL JOÃO BRAZ	4	2	2	100.0	1	PARQUE INDUSTRIAL JOÃO BRAZ (2) | PARQUE INDUSTRIAL JOAO BRAZ (2)
74483612	SEGURO	LOTEAMENTO TROPICAL VERDE	LOTEAMENTO TROPICAL VERDE	1	1	0	100.0	1	LOTEAMENTO TROPICAL VERDE (1)
74483615	SEGURO	LOTEAMENTO TROPICAL VERDE	LOTEAMENTO TROPICAL VERDE	1	1	0	100.0	1	LOTEAMENTO TROPICAL VERDE (1)
74483640	SEGURO	LORENA PARQUE	LORENA PARQUE	1	1	0	100.0	1	LORENA PARQUE (1)
74483650	SEGURO	LUANA PARK	LUANA PARK	1	1	0	100.0	1	LUANA PARK (1)
74483680	SEGURO	LORENA PARQUE	LORENA PARQUE	1	1	0	100.0	1	LORENA PARQUE (1)
74483720	SEGURO	LORENA PARQUE	LORENA PARQUE	1	1	0	100.0	1	LORENA PARQUE (1)
74483730	SEGURO	LORENA PARQUE	LORENA PARQUE	3	3	0	100.0	1	LORENA PARQUE (3)
74483740	SEGURO	LORENA PARQUE	LORENA PARQUE	2	2	0	100.0	1	LORENA PARQUE (2)
74483760	SEGURO	LORENA PARQUE	LORENA PARQUE	1	1	0	100.0	1	LORENA PARQUE (1)
74483770	SEGURO	LORENA PARQUE	LORENA PARQUE	3	3	0	100.0	1	LORENA PARQUE (3)
74483780	SEGURO	LORENA PARQUE	LORENA PARQUE	3	3	0	100.0	1	LORENA PARQUE (3)
74483790	SEGURO	LORENA PARQUE	LORENA PARQUE	1	1	0	100.0	1	LORENA PARQUE (1)
74483800	SEGURO	LORENA PARQUE	LORENA PARQUE	3	3	0	100.0	1	LORENA PARQUE (3)
74483810	SEGURO	LORENA PARQUE	LORENA PARQUE	2	2	0	100.0	1	LORENA PARQUE (2)
74483820	SEGURO	LORENA PARQUE	LORENA PARQUE	1	1	0	100.0	1	LORENA PARQUE (1)
74483821	SEGURO	RESIDENCIAL LUANA PARK	RESIDENCIAL LUANA PARK	2	2	0	100.0	1	RESIDENCIAL LUANA PARK (2)
74483830	SEGURO	RESIDENCIAL LUANA PARK	RESIDENCIAL LUANA PARK	2	2	0	100.0	1	RESIDENCIAL LUANA PARK (2)
74483840	SEGURO	RESIDENCIAL LUANA PARK	RESIDENCIAL LUANA PARK	2	2	0	100.0	1	RESIDENCIAL LUANA PARK (2)
74483860	SEGURO	RESIDENCIAL LUANA PARK	RESIDENCIAL LUANA PARK	1	1	0	100.0	1	RESIDENCIAL LUANA PARK (1)
74484010	SEGURO	ARAGUAIA PARK	ARAGUAIA PARK	3	3	0	100.0	1	ARAGUAIA PARK (3)
74484020	SEGURO	ARAGUAIA PARK	ARAGUAIA PARK	4	4	0	100.0	1	ARAGUAIA PARK (4)
74484030	SEGURO	ARAGUAIA PARK	ARAGUAIA PARK	7	7	0	100.0	1	ARAGUAIA PARK (7)
74484040	SEGURO	ARAGUAIA PARK	ARAGUAIA PARK	4	4	0	100.0	1	ARAGUAIA PARK (4)
74484050	SEGURO	ARAGUAIA PARK	ARAGUAIA PARK	4	4	0	100.0	1	ARAGUAIA PARK (4)
74484070	SEGURO	SOLANGE PARK I	SOLANGE PARK I	6	5	1	100.0	1	SOLANGE PARK I (5) | Solange Park I (1)
74484075	SEGURO	SOLANGE PARK I	SOLANGE PARK I	1	1	0	100.0	1	SOLANGE PARK I (1)
74484080	BLOQUEADO	SOLANGE PARK I	SOLANGE PARK I	9	8	1	88.89	2	SOLANGE PARK I (8) | SOLANGE PARK 3 (1)
74484085	SEGURO	SOLANGE PARK I	SOLANGE PARK I	2	2	0	100.0	1	SOLANGE PARK I (2)
74484090	SEGURO	SOLANGE PARK I	SOLANGE PARK I	18	18	0	100.0	1	SOLANGE PARK I (18)
74484100	SEGURO	SOLANGE PARK I	SOLANGE PARK I	2	2	0	100.0	1	SOLANGE PARK I (2)
74484115	SEGURO	SOLANGE PARK II	SOLANGE PARK II	1	1	0	100.0	1	SOLANGE PARK II (1)
74484120	SEGURO	SOLANGE PARK I	SOLANGE PARK I	4	4	0	100.0	1	SOLANGE PARK I (4)
74484130	SEGURO	SOLANGE PARK I	SOLANGE PARK I	1	1	0	100.0	1	SOLANGE PARK I (1)
74484140	BLOQUEADO	SOLANGE PARK I	SOLANGE PARK I	3	2	1	66.67	2	SOLANGE PARK I (2) | SOLANGE PARK 1 (1)
74484145	SEGURO	SOLANGE PARK I	SOLANGE PARK I	2	2	0	100.0	1	SOLANGE PARK I (2)
74484150	BLOQUEADO	SOLANGE PARK I	SOLANGE PARK I	4	3	1	75.0	2	SOLANGE PARK I (3) | SOLANGE PARK 1 (1)
74484153	SEGURO	SOLANGE PARK I	SOLANGE PARK I	5	5	0	100.0	1	SOLANGE PARK I (5)
74484157	SEGURO	SOLANGE PARK I	SOLANGE PARK I	7	7	0	100.0	1	SOLANGE PARK I (7)
74484160	BLOQUEADO	SOLANGE PARK I	SOLANGE PARK I	4	3	1	75.0	2	SOLANGE PARK I (3) | GREEN PARK (1)
74484190	SEGURO	SOLANGE PARK I	SOLANGE PARK I	3	3	0	100.0	1	SOLANGE PARK I (3)
74484195	SEGURO	SOLANGE PARK I	SOLANGE PARK I	3	3	0	100.0	1	SOLANGE PARK I (3)
74484199	SEGURO	SOLANGE PARK I	SOLANGE PARK I	1	1	0	100.0	1	SOLANGE PARK I (1)
74484200	SEGURO	PARQUE PARAISO	PARQUE PARAISO	1	1	0	100.0	1	PARQUE PARAISO (1)
74484205	SEGURO	PARQUE PARAISO	PARQUE PARAÍSO	2	2	0	100.0	1	PARQUE PARAÍSO (2)
74484210	SEGURO	SOLANGE PARK I	SOLANGE PARK I	6	6	0	100.0	1	SOLANGE PARK I (6)
74484220	SEGURO	PARQUE PARAISO	PARQUE PARAÍSO	1	1	0	100.0	1	PARQUE PARAÍSO (1)
74484240	SEGURO	PARQUE PARAISO	PARQUE PARAÍSO	1	1	0	100.0	1	PARQUE PARAÍSO (1)
74484243	SEGURO	PARQUE PARAISO	PARQUE PARAÍSO	2	2	0	100.0	1	PARQUE PARAÍSO (2)
74484245	SEGURO	PARQUE PARAISO	PARQUE PARAÍSO	1	1	0	100.0	1	PARQUE PARAÍSO (1)
74484250	SEGURO	PARQUE PARAISO	PARQUE PARAÍSO	2	1	1	100.0	1	PARQUE PARAÍSO (1) | Parque Paraíso (1)
74484270	SEGURO	SOLANGE PARK II	SOLANGE PARK II	2	2	0	100.0	1	SOLANGE PARK II (2)
74484275	SEGURO	SOLANGE PARK II	SOLANGE PARK II	3	3	0	100.0	1	SOLANGE PARK II (3)
74484290	SEGURO	SOLANGE PARK II	SOLANGE PARK II	1	1	0	100.0	1	SOLANGE PARK II (1)
74484300	SEGURO	SOLANGE PARK II	SOLANGE PARK II	7	7	0	100.0	1	SOLANGE PARK II (7)
74484302	SEGURO	SOLANGE PARK II	SOLANGE PARK II	5	5	0	100.0	1	SOLANGE PARK II (5)
74484304	BLOQUEADO	SOLANGE PARK II	SOLANGE PARK II	6	5	1	83.33	2	SOLANGE PARK II (5) | SOLANGE PARK I (1)
74484306	SEGURO	SOLANGE PARK II	SOLANGE PARK II	7	7	0	100.0	1	SOLANGE PARK II (7)
74484308	SEGURO	SOLANGE PARK II	SOLANGE PARK II	1	1	0	100.0	1	SOLANGE PARK II (1)
74484310	SEGURO	SOLANGE PARK II	SOLANGE PARK II	5	5	0	100.0	1	SOLANGE PARK II (5)
74484320	SEGURO	SOLANGE PARK II	SOLANGE PARK II	4	4	0	100.0	1	SOLANGE PARK II (4)
74484340	SEGURO	SOLANGE PARK II	SOLANGE PARK II	8	6	2	100.0	1	SOLANGE PARK II (6) | Solange Park II (2)
74484350	SEGURO	SOLANGE PARK III	SOLANGE PARK III	3	3	0	100.0	1	SOLANGE PARK III (3)
74484354	SEGURO	SOLANGE PARK I	SOLANGE PARK I	1	1	0	100.0	1	SOLANGE PARK I (1)
74484360	BLOQUEADO	SOLANGE PARK III	SOLANGE PARK III	3	2	1	66.67	2	SOLANGE PARK III (2) | SOLANGE PARK I (1)
74484362	SEGURO	SOLANGE PARK III	SOLANGE PARK III	4	4	0	100.0	1	SOLANGE PARK III (4)
74484364	SEGURO	SOLANGE PARK III	SOLANGE PARK III	1	1	0	100.0	1	SOLANGE PARK III (1)
74484367	SEGURO	SOLANGE PARK III	SOLANGE PARK III	2	2	0	100.0	1	SOLANGE PARK III (2)
74484370	SEGURO	SOLANGE PARK III	SOLANGE PARK III	1	1	0	100.0	1	SOLANGE PARK III (1)
74484380	SEGURO	SOLANGE PARK III	SOLANGE PARK III	1	1	0	100.0	1	SOLANGE PARK III (1)
74484400	BLOQUEADO	RESIDENCIAL GOIANIA VIVA	RESIDENCIAL GOIÂNIA VIVA	6	3	3	66.67	2	RESIDENCIAL GOIÂNIA VIVA (3) | RESIDENCIAL GOI NIA VIVA (2) | RESIDENCIAL GOIANIA VIVA (1)
74484404	SEGURO	RESIDENCIAL GOIANIA VIVA	RESIDENCIAL GOIANIA VIVA	2	1	1	100.0	1	RESIDENCIAL GOIANIA VIVA (1) | RESIDENCIAL GOIÂNIA VIVA (1)
74484408	SEGURO	RESIDENCIAL GOI NIA VIVA	RESIDENCIAL GOI NIA VIVA	1	1	0	100.0	1	RESIDENCIAL GOI NIA VIVA (1)
74484409	BLOQUEADO	RESIDENCIAL GOIANIA VIVA	RESIDENCIAL GOI NIA VIVA	6	2	4	50.0	3	RESIDENCIAL GOI NIA VIVA (2) | RESIDENCIAL GOIÂNIA VIVA (2) | RESIDENCIAL GOÂNIA VIVA (1) | RESIDENCIAL GOIANIA VIVA (1)
74484410	BLOQUEADO	RESIDENCIAL GOI NIA VIVA	RESIDENCIAL GOI NIA VIVA	14	8	6	57.14	2	RESIDENCIAL GOI NIA VIVA (8) | RESIDENCIAL GOIÂNIA VIVA (6)
74484413	BLOQUEADO	RESIDENCIAL GOIANIA VIVA	RESIDENCIAL GOIÂNIA VIVA	4	2	2	50.0	3	RESIDENCIAL GOIÂNIA VIVA (2) | RESIDENCIAL GOI NIA VIVA (1) | RESIDÊNCIAL GOIÂNIA VIAV (1)
74484414	BLOQUEADO	RESIDENCIAL GOI NIA VIVA	RESIDENCIAL GOI NIA VIVA	13	7	6	53.85	3	RESIDENCIAL GOI NIA VIVA (7) | RESIDENCIAL GOIÂNIA VIVA (4) | RESIDENCIAL GOIANIA VIVA (1) | RESIDENCIAL GOINIA VIVA (1)
74484415	BLOQUEADO	RESIDENCIAL GOI NIA VIVA	RESIDENCIAL GOI NIA VIVA	4	3	1	75.0	2	RESIDENCIAL GOI NIA VIVA (3) | RESIDENCIAL GOIÂNIA VIVA (1)
74484416	BLOQUEADO	RESIDENCIAL GOI NIA VIVA	RESIDENCIAL GOI NIA VIVA	4	2	2	50.0	2	RESIDENCIAL GOI NIA VIVA (2) | RESIDENCIAL GOIÂNIA VIVA (2)
74484418	BLOQUEADO	RESIDENCIAL GOIANIA VIVA	RESIDENCIAL GOI NIA VIVA	9	3	6	66.67	2	RESIDENCIAL GOI NIA VIVA (3) | RESIDENCIAL GOIANIA VIVA (3) | RESIDENCIAL GOIÂNIA VIVA (3)
74484419	SEGURO	RESIDENCIAL GOI NIA VIVA	RESIDENCIAL GOI NIA VIVA	1	1	0	100.0	1	RESIDENCIAL GOI NIA VIVA (1)
74484420	BLOQUEADO	RESIDENCIAL GOIANIA VIVA	RESIDENCIAL GOIÂNIA VIVA	4	3	1	75.0	2	RESIDENCIAL GOIÂNIA VIVA (3) | GOIANIA VIVA (1)
74484422	BLOQUEADO	RESIDENCIAL GOI NIA VIVA	RESIDENCIAL GOI NIA VIVA	5	3	2	60.0	2	RESIDENCIAL GOI NIA VIVA (3) | RESIDENCIAL GOIANIA VIVA (1) | RESIDÊNCIAL GOIÂNIA VIVA (1)
74484423	BLOQUEADO	RESIDENCIAL GOIANIA VIVA	RESIDENCIAL GOIÂNIA VIVA	8	5	3	62.5	2	RESIDENCIAL GOIÂNIA VIVA (5) | RESIDENCIAL GOI NIA VIVA (3)
74484427	BLOQUEADO	RESIDENCIAL GOIANIA VIVA	RESIDENCIAL GOIÂNIA VIVA	9	4	5	55.56	3	RESIDENCIAL GOIÂNIA VIVA (4) | RESIDENCIAL GOI NIA VIVA (3) | RESIDENCIAL GOIANIA VIVA (1) | RESIDENCIAL GOINIA VIVA (1)
74484428	SEGURO	RESIDENCIAL GOIANIA VIVA	RESIDENCIAL GOIÂNIA VIVA	2	2	0	100.0	1	RESIDENCIAL GOIÂNIA VIVA (2)
74484430	SEGURO	RESIDENCIAL GOI NIA VIVA	RESIDENCIAL GOI NIA VIVA	1	1	0	100.0	1	RESIDENCIAL GOI NIA VIVA (1)
74484431	BLOQUEADO	RESIDENCIAL GOI NIA VIVA	RESIDENCIAL GOI NIA VIVA	9	6	3	66.67	2	RESIDENCIAL GOI NIA VIVA (6) | RESIDENCIAL GOIÂNIA VIVA (3)
74484432	BLOQUEADO	RESIDENCIAL GOI NIA VIVA	RESIDENCIAL GOI NIA VIVA	5	3	2	60.0	2	RESIDENCIAL GOI NIA VIVA (3) | RESIDENCIAL GOIÂNIA VIVA (2)
74484433	BLOQUEADO	RESIDENCIAL GOI NIA VIVA	RESIDENCIAL GOI NIA VIVA	6	5	1	83.33	2	RESIDENCIAL GOI NIA VIVA (5) | RESIDENCIAL GOIÂNIA VIVA (1)
74484434	SEGURO	RESIDENCIAL GOI NIA VIVA	RESIDENCIAL GOI NIA VIVA	1	1	0	100.0	1	RESIDENCIAL GOI NIA VIVA (1)
74484435	BLOQUEADO	RESIDENCIAL GOI NIA VIVA	RESIDENCIAL GOI NIA VIVA	2	1	1	50.0	2	RESIDENCIAL GOI NIA VIVA (1) | RESIDENCIAL GOIÂNIA VIVA (1)
74484436	SEGURO	RESIDENCIAL GOI NIA VIVA	RESIDENCIAL GOI NIA VIVA	4	4	0	100.0	1	RESIDENCIAL GOI NIA VIVA (4)
74484442	SEGURO	RESIDENCIAL GOI NIA VIVA	RESIDENCIAL GOI NIA VIVA	1	1	0	100.0	1	RESIDENCIAL GOI NIA VIVA (1)
74484444	BLOQUEADO	RESIDENCIAL GOIANIA VIVA	RESIDENCIAL GOI NIA VIVA	8	3	5	50.0	3	RESIDENCIAL GOI NIA VIVA (3) | RESIDENCIAL GOIÂNIA VIVA (3) | RESIDENCIAL GOIANIA VIVA (1) | RESIDENCIAL GOINIA VIVA (1)
74484450	SEGURO	RESIDENCIAL GOI NIA VIVA	RESIDENCIAL GOI NIA VIVA	1	1	0	100.0	1	RESIDENCIAL GOI NIA VIVA (1)
74484505	SEGURO	JARDIM COLORADO	JARDIM COLORADO	1	1	0	100.0	1	JARDIM COLORADO (1)
74484602	SEGURO	JARDIM DAS OLIVEIRAS	JARDIM DAS OLIVEIRAS	1	1	0	100.0	1	JARDIM DAS OLIVEIRAS (1)
74484606	SEGURO	CONDOMINIO JARDIM DAS OLIVEIRAS	CONDOMÍNIO JARDIM DAS OLIVEIRAS	1	1	0	100.0	1	CONDOMÍNIO JARDIM DAS OLIVEIRAS (1)
74484607	SEGURO	CONDOMINIO JARDIM DAS OLIVEIRAS	CONDOMINIO JARDIM DAS OLIVEIRAS	1	1	0	100.0	1	CONDOMINIO JARDIM DAS OLIVEIRAS (1)
74484617	SEGURO	CONDOMINIO JARDIM DAS OLIVEIRAS	CONDOMÍNIO JARDIM DAS OLIVEIRAS	1	1	0	100.0	1	CONDOMÍNIO JARDIM DAS OLIVEIRAS (1)
74484626	SEGURO	CONDOMINIO ANHANGUERA	CONDOMÍNIO ANHANGUERA	2	2	0	100.0	1	CONDOMÍNIO ANHANGUERA (2)
74484636	SEGURO	CONDOMINIO ANHANGUERA	CONDOMÍNIO ANHANGUERA	2	2	0	100.0	1	CONDOMÍNIO ANHANGUERA (2)
74484703	SEGURO	JARDIM DAS ROSAS	JARDIM DAS ROSAS	1	1	0	100.0	1	JARDIM DAS ROSAS (1)
74484704	SEGURO	JARDIM DAS ROSAS	JARDIM DAS ROSAS	2	2	0	100.0	1	JARDIM DAS ROSAS (2)
74484705	SEGURO	JARDIM DAS ROSAS	JARDIM DAS ROSAS	3	3	0	100.0	1	JARDIM DAS ROSAS (3)
74484706	SEGURO	JARDIM DAS ROSAS	JARDIM DAS ROSAS	1	1	0	100.0	1	JARDIM DAS ROSAS (1)
74484715	SEGURO	MANSOES PARAISO	MANSÕES PARAISO	1	1	0	100.0	1	MANSÕES PARAISO (1)
74484719	SEGURO	JARDIM DAS ROSAS	JARDIM DAS ROSAS	1	1	0	100.0	1	JARDIM DAS ROSAS (1)
74484725	SEGURO	RESIDENCIAL GOYAZ PARK	RESIDENCIAL GOYAZ PARK	1	1	0	100.0	1	RESIDENCIAL GOYAZ PARK (1)
74484730	SEGURO	RESIDENCIAL GOYAZ PARK	RESIDENCIAL GOYAZ PARK	1	1	0	100.0	1	RESIDENCIAL GOYAZ PARK (1)
74484740	SEGURO	RESIDENCIAL GOYAZ PARK	RESIDENCIAL GOYAZ PARK	1	1	0	100.0	1	RESIDENCIAL GOYAZ PARK (1)
74484744	SEGURO	RESIDENCIAL GOYAZ PARK	RESIDENCIAL GOYAZ PARK	1	1	0	100.0	1	RESIDENCIAL GOYAZ PARK (1)
74485005	SEGURO	GOIA	GOIÁ	2	2	0	100.0	1	GOIÁ (2)
74485030	SEGURO	GOIA	GOIÁ	3	2	1	100.0	1	GOIÁ (2) | Goiá (1)
74485035	SEGURO	GOIA	GOIÁ	1	1	0	100.0	1	GOIÁ (1)
74485040	SEGURO	GOIA	BAIRRO GOIÁ	2	1	1	100.0	1	BAIRRO GOIÁ (1) | GOIÁ (1)
74485060	SEGURO	GOIA	GOIÁ	1	1	0	100.0	1	GOIÁ (1)
74485070	SEGURO	GOIA	GOIÁ	1	1	0	100.0	1	GOIÁ (1)
74485090	SEGURO	GOIA	GOIÁ	4	4	0	100.0	1	GOIÁ (4)
74485110	SEGURO	GOIA	GOIÁ	1	1	0	100.0	1	GOIÁ (1)
74485130	SEGURO	GOIA	GOIÁ	5	5	0	100.0	1	GOIÁ (5)
74485150	SEGURO	GOIA	GOIÁ	9	9	0	100.0	1	GOIÁ (9)
74485215	SEGURO	GOIA	GOIÁ	2	2	0	100.0	1	GOIÁ (2)
74485240	SEGURO	GOIA	GOIÁ	1	1	0	100.0	1	GOIÁ (1)
74485250	SEGURO	GOIA	GOIÁ	1	1	0	100.0	1	GOIÁ (1)
74485260	BLOQUEADO	GOIA	GOIÁ	3	2	1	66.67	2	GOIÁ (2) | TROPICAL VERDE (1)
74485290	SEGURO	GOIA	GOIÁ	1	1	0	100.0	1	GOIÁ (1)
74485315	SEGURO	GOIA	Goiá	1	1	0	100.0	1	Goiá (1)
74485320	SEGURO	GOIA	GOIÁ	6	5	1	100.0	1	GOIÁ (5) | BAIRRO GOIÁ (1)
74485337	SEGURO	GOIA	GOIÁ	4	3	1	100.0	1	GOIÁ (3) | BAIRRO GOIÁ (1)
74485365	BLOQUEADO	GOIA	BAIRRO GOIÁ	3	1	2	66.67	2	BAIRRO GOIÁ (1) | GOIÁ (1) | JARDIM MIRABEL (1)
74485370	BLOQUEADO	GOIA	BAIRRO GOIÁ	6	2	4	66.67	2	BAIRRO GOIÁ (2) | JARDIM MIRABEL (2) | GOIÁ (1) | Goiá (1)
74485381	SEGURO	GOIA 2	GOIÁ 2	1	1	0	100.0	1	GOIÁ 2 (1)
74485410	SEGURO	GOIA II	GOIÁ II	1	1	0	100.0	1	GOIÁ II (1)
74485430	SEGURO	GOIA 2	GOIÁ 2	1	1	0	100.0	1	GOIÁ 2 (1)
74485433	SEGURO	GOIA 2	GOIÁ 2	1	1	0	100.0	1	GOIÁ 2 (1)
74485510	SEGURO	GOIA 2	GOIÁ 2	1	1	0	100.0	1	GOIÁ 2 (1)
74485520	SEGURO	GOIA 2	GOIÁ 2	1	1	0	100.0	1	GOIÁ 2 (1)
74485530	SEGURO	JARDIM MIRABEL	JARDIM MIRABEL	3	3	0	100.0	1	JARDIM MIRABEL (3)
74485540	SEGURO	JARDIM MIRABEL	JARDIM MIRABEL	3	3	0	100.0	1	JARDIM MIRABEL (3)
74485550	SEGURO	JARDIM MIRABEL	JARDIM MIRABEL	1	1	0	100.0	1	JARDIM MIRABEL (1)
74485555	SEGURO	JARDIM MIRABEL	JARDIM MIRABEL	3	3	0	100.0	1	JARDIM MIRABEL (3)
74485560	SEGURO	JARDIM MIRABEL	JARDIM MIRABEL	2	1	1	100.0	1	JARDIM MIRABEL (1) | Jardim Mirabel (1)
74485565	SEGURO	JARDIM MIRABEL	JARDIM MIRABEL	2	1	1	100.0	1	JARDIM MIRABEL (1) | Jardim Mirabel (1)
74485590	SEGURO	JARDIM MIRABEL	JARDIM MIRABEL	1	1	0	100.0	1	JARDIM MIRABEL (1)
74485600	SEGURO	JARDIM MIRABEL	JARDIM MIRABEL	1	1	0	100.0	1	JARDIM MIRABEL (1)
74485610	SEGURO	JARDIM MIRABEL	JARDIM MIRABEL	3	3	0	100.0	1	JARDIM MIRABEL (3)
74485615	SEGURO	JARDIM MIRABEL	JARDIM MIRABEL	1	1	0	100.0	1	JARDIM MIRABEL (1)
74485620	SEGURO	JARDIM MIRABEL	JARDIM MIRABEL	1	1	0	100.0	1	JARDIM MIRABEL (1)
74485851	SEGURO	GOIA IV	GOIÁ IV	1	1	0	100.0	1	GOIÁ IV (1)
74485852	SEGURO	GOIA IV	BAIRRO GOIÁ IV	1	1	0	100.0	1	BAIRRO GOIÁ IV (1)
74485856	SEGURO	GOIA IV	GOIÁ IV	1	1	0	100.0	1	GOIÁ IV (1)
74486115	SEGURO	GOIA SETOR VELOSO	GOIÁ SETOR VELOSO	1	1	0	100.0	1	GOIÁ SETOR VELOSO (1)
74486205	SEGURO	GOIA II COMPLEMENTO	GOIÁ II COMPLEMENTO	1	1	0	100.0	1	GOIÁ II COMPLEMENTO (1)
74486215	SEGURO	GOIA 2 COMPLMENTO	GOIÁ 2 COMPLMENTO	1	1	0	100.0	1	GOIÁ 2 COMPLMENTO (1)
74486310	BLOQUEADO	SOLANGE PARQUE COMPLEMENTO	SOLANGE PARQUE COMPLEMENTO	4	3	1	75.0	2	SOLANGE PARQUE COMPLEMENTO (3) | SOLANGE PARQUE (1)
74487000	SEGURO	RESIDENCIAL SAO MARCOS	RESIDENCIAL SÃO MARCOS	1	1	0	100.0	1	RESIDENCIAL SÃO MARCOS (1)
74487005	BLOQUEADO	RESIDENCIAL SAO MARCOS	RESIDENCIAL SÃO MARCOS	3	2	1	66.67	2	RESIDENCIAL SÃO MARCOS (2) | SETOR MARABÁ (1)
74487010	SEGURO	RESIDENCIAL SAO MARCOS	RESIDENCIAL SÃO MARCOS	2	2	0	100.0	1	RESIDENCIAL SÃO MARCOS (2)
74487060	SEGURO	RESIDENCIAL SAO MARCOS	RESIDENCIAL SÃO MARCOS	1	1	0	100.0	1	RESIDENCIAL SÃO MARCOS (1)
74487065	SEGURO	RESIDENCIAL SAO MARCOS	RESIDENCIAL SÃO MARCOS	1	1	0	100.0	1	RESIDENCIAL SÃO MARCOS (1)
74487095	SEGURO	RESIDENCIAL SAO MARCOS	RESIDENCIAL SÃO MARCOS	1	1	0	100.0	1	RESIDENCIAL SÃO MARCOS (1)
74487115	SEGURO	RESIDENCIAL SAO MARCOS	RESIDENCIAL SÃO MARCOS	3	3	0	100.0	1	RESIDENCIAL SÃO MARCOS (3)
74487120	SEGURO	RESIDENCIAL SAO MARCOS	Residencial São Marcos	2	1	1	100.0	1	Residencial São Marcos (1) | RESIDENCIAL SÃO MARCOS (1)
74487130	SEGURO	RESIDENCIAL SAO MARCOS	RESIDENCIAL SAO MARCOS	1	1	0	100.0	1	RESIDENCIAL SAO MARCOS (1)
74487150	BLOQUEADO	RESIDENCIAL SAO MARCOS	RESIDENCIAL SÃO MARCOS	5	4	1	80.0	2	RESIDENCIAL SÃO MARCOS (4) | SETOR MARABÁ (1)
74487160	SEGURO	RESIDENCIA SAO MARCOS	RESIDENCIA SÃO MARCOS	1	1	0	100.0	1	RESIDENCIA SÃO MARCOS (1)
74487720	SEGURO	JARDIM CURITIBA 1	Jardim Curitiba 1	1	1	0	100.0	1	Jardim Curitiba 1 (1)
74490110	SEGURO	JARDIM LIBERDADE	JARDIM LIBERDADE	1	1	0	100.0	1	JARDIM LIBERDADE (1)
74490215	SEGURO	PARQUE ELDORADO OESTE	PARQUE ELDORADO OESTE	1	1	0	100.0	1	PARQUE ELDORADO OESTE (1)
74490233	SEGURO	CONJUNTO VERA CRUZ	CONJUNTO VERA CRUZ	1	1	0	100.0	1	CONJUNTO VERA CRUZ (1)
74490237	SEGURO	PARQUE ELDORADO OESTE	PARQUE ELDORADO OESTE	1	1	0	100.0	1	PARQUE ELDORADO OESTE (1)
74490239	SEGURO	PARQUE ELDORADO OESTE	PARQUE ELDORADO OESTE	1	1	0	100.0	1	PARQUE ELDORADO OESTE (1)
74490271	SEGURO	PARQUE ELDORADO OESTE	PARQUE ELDORADO OESTE	1	1	0	100.0	1	PARQUE ELDORADO OESTE (1)
74490281	SEGURO	PARQUE ELDORADO OESTE	PARQUE ELDORADO OESTE	1	1	0	100.0	1	PARQUE ELDORADO OESTE (1)
74490283	SEGURO	PARQUE ELDORADO OESTE	PARQUE ELDORADO OESTE	1	1	0	100.0	1	PARQUE ELDORADO OESTE (1)
74490285	SEGURO	RESIDENCIAL ANA MORAES	RESIDENCIAL ANA MORAES	1	1	0	100.0	1	RESIDENCIAL ANA MORAES (1)
74490287	SEGURO	PARQUE ELDORADO OESTE	PARQUE ELDORADO OESTE	1	1	0	100.0	1	PARQUE ELDORADO OESTE (1)
74490297	SEGURO	PARQUE ELDORADO OESTE	PARQUE ELDORADO OESTE	2	2	0	100.0	1	PARQUE ELDORADO OESTE (2)
74490450	SEGURO	JARDIM CURITIBA IV	JARDIM CURITIBA IV	1	1	0	100.0	1	JARDIM CURITIBA IV (1)
74490855	SEGURO	RES BERTIN BELCHIOR	RES BERTIN BELCHIOR	1	1	0	100.0	1	RES BERTIN BELCHIOR (1)
74491115	SEGURO	RESIDENCIAL ANA MORAES	RESIDENCIAL ANA MORAES	1	1	0	100.0	1	RESIDENCIAL ANA MORAES (1)
74491130	BLOQUEADO	RESIDENCIAL ANA MORAES	RESIDENCIAL ANA MORAES	5	4	1	80.0	2	RESIDENCIAL ANA MORAES (4) | RESIDENCIAL ANA MORAIS (1)
74491135	SEGURO	RESIDENCIAL ANA MORAES	RESIDENCIAL ANA MORAES	1	1	0	100.0	1	RESIDENCIAL ANA MORAES (1)
74491469	BLOQUEADO	JARDIM NOVO MUNDO	JARDIM NOVO MUNDO	2	1	1	50.0	2	JARDIM NOVO MUNDO (1) | RESIDENCIAL MUNDO NOVO 3 (1)
74491735	SEGURO	MANSOES PARAISO	MANSÕES PARAISO	1	1	0	100.0	1	MANSÕES PARAISO (1)
74491792	SEGURO	RESIDENCIAL MUNDO NOVO 2	RESIDENCIAL MUNDO NOVO 2	1	1	0	100.0	1	RESIDENCIAL MUNDO NOVO 2 (1)
74492020	SEGURO	RESIDENCIAL SERRA AZUL ETAPA I	RESIDENCIAL SERRA AZUL ETAPA I	1	1	0	100.0	1	RESIDENCIAL SERRA AZUL ETAPA I (1)
74492025	SEGURO	RESIDENCIAL SERRA AZUL ETAPA 1	RESIDENCIAL SERRA AZUL ETAPA 1	1	1	0	100.0	1	RESIDENCIAL SERRA AZUL ETAPA 1 (1)
74492030	BLOQUEADO	RESIDENCIAL SERRA AZUL ETAPA I	RESIDENCIAL SERRA AZUL ETAPA I	3	2	1	66.67	2	RESIDENCIAL SERRA AZUL ETAPA I (2) | RESIDENCIAL SERRA AZUL (1)
74492035	SEGURO	RESIDENCIAL SERRA AZUL ETAPA I	RESIDENCIAL SERRA AZUL ETAPA I	1	1	0	100.0	1	RESIDENCIAL SERRA AZUL ETAPA I (1)
74492040	SEGURO	RESIDENCIAL SERRA AZUL ETAPA I	RESIDENCIAL SERRA AZUL ETAPA I	1	1	0	100.0	1	RESIDENCIAL SERRA AZUL ETAPA I (1)
74492055	SEGURO	RESIDENCIAL SERRA AZUL	RESIDENCIAL SERRA AZUL	1	1	0	100.0	1	RESIDENCIAL SERRA AZUL (1)
74492060	SEGURO	RESIDENCIAL SERRA AZUL I	RESIDENCIAL SERRA AZUL I	1	1	0	100.0	1	RESIDENCIAL SERRA AZUL I (1)
74492070	SEGURO	RESIDENCIAL SERRA AZUL ETAPA I	RESIDENCIAL SERRA AZUL ETAPA I	1	1	0	100.0	1	RESIDENCIAL SERRA AZUL ETAPA I (1)
74492135	SEGURO	RESIDENCIAL PORTINARI	RESIDENCIAL PORTINARI	1	1	0	100.0	1	RESIDENCIAL PORTINARI (1)
74492140	SEGURO	RESIDENCIAL PORTINARI	RESIDENCIAL PORTINARI	2	2	0	100.0	1	RESIDENCIAL PORTINARI (2)
74492165	SEGURO	RESIDENCIAL PORTINARI	RESIDENCIAL PORTINARI	4	4	0	100.0	1	RESIDENCIAL PORTINARI (4)
74492185	SEGURO	RESIDENCIAL PORTINARI	RESIDENCIAL PORTINARI	2	2	0	100.0	1	RESIDENCIAL PORTINARI (2)
74492200	SEGURO	RESIDENCIAL PORTINARI	RESIDENCIAL PORTINARI	3	3	0	100.0	1	RESIDENCIAL PORTINARI (3)
74492205	SEGURO	RESIDENCIAL PORTINARI	RESIDENCIAL PORTINARI	3	3	0	100.0	1	RESIDENCIAL PORTINARI (3)
74492225	SEGURO	JARDIM IMPERIAL	JARDIM IMPERIAL	1	1	0	100.0	1	JARDIM IMPERIAL (1)
74492230	SEGURO	JARDIM IMPERIAL	JARDIM IMPERIAL	1	1	0	100.0	1	JARDIM IMPERIAL (1)
74492295	SEGURO	RESIDENCIAL SERRA AZUL II	RESIDENCIAL SERRA AZUL II	1	1	0	100.0	1	RESIDENCIAL SERRA AZUL II (1)
74492338	SEGURO	RESIDENCIAL SAN MARINO	RESIDENCIAL SAN MARINO	2	2	0	100.0	1	RESIDENCIAL SAN MARINO (2)
74492359	SEGURO	RESIDENCIAL SAN MARINO	RESIDENCIAL SAN MARINO	1	1	0	100.0	1	RESIDENCIAL SAN MARINO (1)
74492405	SEGURO	RESIDENCIAL SANTA EFIGENIA	RESIDENCIAL SANTA EFIGÊNIA	3	3	0	100.0	1	RESIDENCIAL SANTA EFIGÊNIA (3)
74492411	SEGURO	RESIDENCIAL SANTA EFIGENIA	RESIDENCIAL SANTA EFIGÊNIA	1	1	0	100.0	1	RESIDENCIAL SANTA EFIGÊNIA (1)
74492413	SEGURO	RESIDENCIAL SANTA EFIGENIA	RESIDENCIAL SANTA EFIGÊNIA	1	1	0	100.0	1	RESIDENCIAL SANTA EFIGÊNIA (1)
74492423	SEGURO	RESIDENCIAL SANTA EFIGENIA	RESIDENCIAL SANTA EFIGENIA	3	2	1	100.0	1	RESIDENCIAL SANTA EFIGENIA (2) | RESIDENCIAL SANTA EFIGÊNIA (1)
74492451	SEGURO	RESIDENCIAL SANTA EFIGENIA	RESIDENCIAL SANTA EFIGÊNIA	1	1	0	100.0	1	RESIDENCIAL SANTA EFIGÊNIA (1)
74492706	BLOQUEADO	FAZENDA SANTA RITA QUADRA 01	FAZENDA SANTA RITA QUADRA 01	2	1	1	50.0	2	FAZENDA SANTA RITA QUADRA 01 (1) | JARDIM MIRABEL (1)
74493060	BLOQUEADO	CONJUNTO VERA CRUZ	CONJUNTO VERA CRUZ	4	3	1	75.0	2	CONJUNTO VERA CRUZ (3) | MONTE PASCOAL (1)
74493130	SEGURO	CONJUNTO VERA CRUZ	CONJUNTO VERA CRUZ	1	1	0	100.0	1	CONJUNTO VERA CRUZ (1)
74493750	BLOQUEADO	CONJUNTO VERA CRUZ	CONJUNTO VERA CRUZ	2	1	1	50.0	2	CONJUNTO VERA CRUZ (1) | CONJUNTO VERA CRUZ 2 (1)
74494001	SEGURO	JD. DAS HORTENCIAS	JD. DAS HORTÊNCIAS	1	1	0	100.0	1	JD. DAS HORTÊNCIAS (1)
74494081	SEGURO	RESIDENCIAL PRIMAVERA	RESIDENCIAL PRIMAVERA	1	1	0	100.0	1	RESIDENCIAL PRIMAVERA (1)
74494085	SEGURO	RESIDENCIAL PRIMAVERA	RESIDENCIAL PRIMAVERA	2	1	1	100.0	1	RESIDENCIAL PRIMAVERA (1) | Residencial Primavera (1)
74494086	SEGURO	RESIDENCIAL PRIMAVERA	RESIDENCIAL PRIMAVERA	1	1	0	100.0	1	RESIDENCIAL PRIMAVERA (1)
74494087	SEGURO	RESIDENCIAL PRIMAVERA	RESIDENCIAL PRIMAVERA	2	2	0	100.0	1	RESIDENCIAL PRIMAVERA (2)
74494088	SEGURO	RESIDENCIAL PRIMAVERA	RESIDENCIAL PRIMAVERA	2	2	0	100.0	1	RESIDENCIAL PRIMAVERA (2)
74494090	SEGURO	RESIDENCIAL PRIMAVERA	RESIDENCIAL PRIMAVERA	2	2	0	100.0	1	RESIDENCIAL PRIMAVERA (2)
74494091	SEGURO	RESIDENCIAL PRIMAVERA	RESIDENCIAL PRIMAVERA	1	1	0	100.0	1	RESIDENCIAL PRIMAVERA (1)
74494400	SEGURO	RESIDENCIAL MONTE PASCOAL	RESIDENCIAL MONTE PASCOAL	3	3	0	100.0	1	RESIDENCIAL MONTE PASCOAL (3)
74494405	SEGURO	RESIDENCIAL MONTE PASCOAL	RESIDENCIAL MONTE PASCOAL	1	1	0	100.0	1	RESIDENCIAL MONTE PASCOAL (1)
74494500	SEGURO	RESIDENCIAL MONTE PASCOAL	RESIDENCIAL MONTE PASCOAL	1	1	0	100.0	1	RESIDENCIAL MONTE PASCOAL (1)
74494510	SEGURO	RESIDENCIAL MONTE PASCOAL	RESIDENCIAL MONTE PASCOAL	2	2	0	100.0	1	RESIDENCIAL MONTE PASCOAL (2)
74494545	SEGURO	RESIDENCIAL MONTE PASCOAL	Residencial Monte Pascoal	1	1	0	100.0	1	Residencial Monte Pascoal (1)
74494560	SEGURO	RESIDENCIAL MONTE PASCOAL II	RESIDENCIAL MONTE PASCOAL II	1	1	0	100.0	1	RESIDENCIAL MONTE PASCOAL II (1)
74494568	SEGURO	RESIDENCIAL MONTE PASCOAL II	RESIDENCIAL MONTE PASCOAL II	1	1	0	100.0	1	RESIDENCIAL MONTE PASCOAL II (1)
74494574	SEGURO	RESIDENCIAL MONTE PASCOAL II	RESIDENCIAL MONTE PASCOAL II	1	1	0	100.0	1	RESIDENCIAL MONTE PASCOAL II (1)
74494576	SEGURO	RESIDENCIAL MONTE PASCOAL II	RESIDENCIAL MONTE PASCOAL II	1	1	0	100.0	1	RESIDENCIAL MONTE PASCOAL II (1)
74494582	SEGURO	RESIDENCIAL MONTE PASCOAL II	RESIDENCIAL MONTE PASCOAL II	1	1	0	100.0	1	RESIDENCIAL MONTE PASCOAL II (1)
74494686	SEGURO	JARDIM SAO JOSE	JARDIM SÃO JOSE	1	1	0	100.0	1	JARDIM SÃO JOSE (1)
74494705	SEGURO	JARDIM SAO JOSE	JARDIM SÃO JOSÉ	1	1	0	100.0	1	JARDIM SÃO JOSÉ (1)
74494740	SEGURO	JARDIM SAO JOSE	JARDIM SÃO JOSÉ	1	1	0	100.0	1	JARDIM SÃO JOSÉ (1)
74494760	SEGURO	JARDIM SAO JOSE	JARDIM SÃO JOSÉ	1	1	0	100.0	1	JARDIM SÃO JOSÉ (1)
74494790	SEGURO	SANTA EFIGENIA	SANTA EFIGENIA	1	1	0	100.0	1	SANTA EFIGENIA (1)
74495028	SEGURO	RESIDENCIAL YTAPUA	RESIDENCIAL YTAPUÃ	1	1	0	100.0	1	RESIDENCIAL YTAPUÃ (1)
74495030	SEGURO	CONJUNTO VERA CRUZ	CONJUNTO VERA CRUZ	1	1	0	100.0	1	CONJUNTO VERA CRUZ (1)
74495032	SEGURO	RESIDENCIAL YTAPUA	RESIDENCIAL YTAPUÃ	1	1	0	100.0	1	RESIDENCIAL YTAPUÃ (1)
74495070	SEGURO	CONJUNTO VERA CRUZ	CONJUNTO VERA CRUZ	1	1	0	100.0	1	CONJUNTO VERA CRUZ (1)
74495110	SEGURO	CONJUNTO VERA CRUZ	CONJUNTO VERA CRUZ	1	1	0	100.0	1	CONJUNTO VERA CRUZ (1)
74495130	SEGURO	CONJUNTO VERA CRUZ	CONJUNTO VERA CRUZ	2	2	0	100.0	1	CONJUNTO VERA CRUZ (2)
74495140	SEGURO	CONJUNTO VERA CRUZ	CONJUNTO VERA CRUZ	2	2	0	100.0	1	CONJUNTO VERA CRUZ (2)
74495220	SEGURO	CONJUNTO VERA CRUZ	CONJUNTO VERA CRUZ	2	2	0	100.0	1	CONJUNTO VERA CRUZ (2)
74495240	SEGURO	CONJUNTO VERA CRUZ	CONJUNTO VERA CRUZ	1	1	0	100.0	1	CONJUNTO VERA CRUZ (1)
74495260	SEGURO	CONJUNTO VERA CRUZ	CONJUNTO VERA CRUZ	3	3	0	100.0	1	CONJUNTO VERA CRUZ (3)
74495290	BLOQUEADO	CONJUNTO VERA CRUZ	CONJUNTO VERA CRUZ	2	1	1	50.0	2	CONJUNTO VERA CRUZ (1) | CONJUNTO VERA CRUZ 2 (1)
74495300	SEGURO	CONJUNTO VERA CRUZ	CONJUNTO VERA CRUZ	1	1	0	100.0	1	CONJUNTO VERA CRUZ (1)
74495310	SEGURO	CONJUNTO VERA CRUZ	CONJUNTO VERA CRUZ	2	2	0	100.0	1	CONJUNTO VERA CRUZ (2)
74495360	SEGURO	CONJUNTO VERA CRUZ	CONJUNTO VERA CRUZ	1	1	0	100.0	1	CONJUNTO VERA CRUZ (1)
74495380	SEGURO	CONJUNTO VERA CRUZ	CONJUNTO VERA CRUZ	2	2	0	100.0	1	CONJUNTO VERA CRUZ (2)
74495390	SEGURO	CONJUNTO VERA CRUZ	CONJUNTO VERA CRUZ	1	1	0	100.0	1	CONJUNTO VERA CRUZ (1)
74495440	BLOQUEADO	CONJUNTO VERA CRUZ	CONJUNTO VERA CRUZ	2	1	1	50.0	2	CONJUNTO VERA CRUZ (1) | CONJUNTO VERA CRUZ II 7ª ETAPA (1)
74495520	SEGURO	CONJUNTO VERA CRUZ	CONJUNTO VERA CRUZ	2	2	0	100.0	1	CONJUNTO VERA CRUZ (2)
74495540	SEGURO	CONJUNTO VERA CRUZ	CONJUNTO VERA CRUZ	2	2	0	100.0	1	CONJUNTO VERA CRUZ (2)
74495550	SEGURO	CONJUNTO VERA CRUZ	CONJUNTO VERA CRUZ	2	2	0	100.0	1	CONJUNTO VERA CRUZ (2)
74495600	BLOQUEADO	CONJUNTO VERA CRUZ	CONJUNTO VERA CRUZ	2	1	1	50.0	2	CONJUNTO VERA CRUZ (1) | CONJUNTO VERA CRUZ II (1)
74495610	SEGURO	CONJUNTO VERA CRUZ	CONJUNTO VERA CRUZ	1	1	0	100.0	1	CONJUNTO VERA CRUZ (1)
74495617	SEGURO	CONJUNTO VERA CRUZ	CONJUNTO VERA CRUZ	1	1	0	100.0	1	CONJUNTO VERA CRUZ (1)
74495740	SEGURO	DAS NACOES	SETOR DAS NAÇÕES	2	2	0	100.0	1	SETOR DAS NAÇÕES (2)
74495810	SEGURO	DAS NACOES	SETOR DAS NAÇÕES	1	1	0	100.0	1	SETOR DAS NAÇÕES (1)
74495841	SEGURO	RESIDENCIAL MENDANHA	RESIDENCIAL MENDANHA	1	1	0	100.0	1	RESIDENCIAL MENDANHA (1)
74495858	SEGURO	RESIDENCIAL MENDANHA	RESIDENCIAL MENDANHA	1	1	0	100.0	1	RESIDENCIAL MENDANHA (1)
74495873	SEGURO	RESIDENCIAL NOVA AURORA	RESIDENCIAL NOVA AURORA	1	1	0	100.0	1	RESIDENCIAL NOVA AURORA (1)
74495891	SEGURO	RESIDENCIAL NOVA AURORA	RESIDENCIAL NOVA AURORA	1	1	0	100.0	1	RESIDENCIAL NOVA AURORA (1)
74495893	SEGURO	RESIDENCIAL NOVA AURORA	RESIDENCIAL NOVA AURORA	1	1	0	100.0	1	RESIDENCIAL NOVA AURORA (1)
74495895	SEGURO	RESIDENCIAL NOVA AURORA	RESIDENCIAL NOVA AURORA	1	1	0	100.0	1	RESIDENCIAL NOVA AURORA (1)
74495897	SEGURO	RESIDENCIAL NOVA AURORA	RESIDENCIAL NOVA AURORA	2	2	0	100.0	1	RESIDENCIAL NOVA AURORA (2)
74496328	SEGURO	RESIDENCIAL TUZIMOTO	RESIDENCIAL TUZIMOTO	1	1	0	100.0	1	RESIDENCIAL TUZIMOTO (1)
74496332	SEGURO	RESIDENCIAL TUZIMOTO	RESIDENCIAL TUZIMOTO	1	1	0	100.0	1	RESIDENCIAL TUZIMOTO (1)
74523540	SEGURO	PROGRESSO	PROGRESSO	1	1	0	100.0	1	PROGRESSO (1)
74550132	SEGURO	PROGRESSO	SETOR PROGRESSO	1	1	0	100.0	1	SETOR PROGRESSO (1)
74550140	SEGURO	CENTRO OESTE	SETOR CENTRO OESTE	1	1	0	100.0	1	SETOR CENTRO OESTE (1)
74550580	SEGURO	PROGRESSO	SETOR PROGRESSO	1	1	0	100.0	1	SETOR PROGRESSO (1)
74555105	SEGURO	AEROVIARIO	SETOR AEROVIARIO	1	1	0	100.0	1	SETOR AEROVIARIO (1)
74555554	SEGURO	ALBINO BOAVENTURA	ALBINO BOAVENTURA	2	2	0	100.0	1	ALBINO BOAVENTURA (2)
74555555	SEGURO	RESIDENCIAL SENADOR ALBINO BOAVENTURA	RESIDENCIAL SENADOR ALBINO BOAVENTURA	1	1	0	100.0	1	RESIDENCIAL SENADOR ALBINO BOAVENTURA (1)
74555556	BLOQUEADO	ALBINO BOAVENTURA	ALBINO BOAVENTURA	5	3	2	60.0	3	ALBINO BOAVENTURA (3) | RESIDENCIAL ALBINO BOAVENTURA (1) | Residencial Senador Albino Boaventura (1)
74555557	BLOQUEADO	ALBINO BOAVENTURA	ALBINO BOAVENTURA	13	9	4	69.23	3	ALBINO BOAVENTURA (9) | RESIDENCIAL SENADOR ALBINO BOAVENTURA (2) | ALBINO BOA VENTURA (1) | Residencial Senador Albino Boaventura (1)
74555558	BLOQUEADO	ALBINO BOAVENTURA	ALBINO BOAVENTURA	21	11	10	52.38	3	ALBINO BOAVENTURA (11) | RESIDENCIAL SENADOR ALBINO BOAVENTURA (7) | RESIDENCIAL ALBINO BOAVENTURA (2) | Residencial Senador Albino Boaventura (1)
74555559	BLOQUEADO	ALBINO BOAVENTURA	ALBINO BOAVENTURA	11	5	6	45.45	3	ALBINO BOAVENTURA (5) | RESIDENCIAL SENADOR ALBINO BOAVENTURA (3) | Residencial Senador Albino Boaventura (2) | RESIDENCIAL ALBINO BOAVENTURA (1)
74555560	SEGURO	RESIDENCIAL SENADOR ALBINO BOAVENTURA	RESIDENCIAL SENADOR ALBINO BOAVENTURA	1	1	0	100.0	1	RESIDENCIAL SENADOR ALBINO BOAVENTURA (1)
74555561	BLOQUEADO	ALBINO BOAVENTURA	ALBINO BOAVENTURA	2	1	1	50.0	2	ALBINO BOAVENTURA (1) | SETOR MARABÁ (1)
74555562	SEGURO	ALBINO BOAVENTURA	ALBINO BOAVENTURA	2	2	0	100.0	1	ALBINO BOAVENTURA (2)
74555598	SEGURO	ALBINO BOAVENTURA	ALBINO BOAVENTURA	1	1	0	100.0	1	ALBINO BOAVENTURA (1)
74558023	SEGURO	PERIM	PERIM	1	1	0	100.0	1	PERIM (1)
74564524	SEGURO	MARABA	SETOR MARABÁ	1	1	0	100.0	1	SETOR MARABÁ (1)
74565006	SEGURO	PANORAMA PARQUE	PANORAMA PARQUE	1	1	0	100.0	1	PANORAMA PARQUE (1)
74573160	SEGURO	SEVENE	SETOR SEVENE	2	2	0	100.0	1	SETOR SEVENE (2)
74573170	SEGURO	SEVENE	Setor Sevene	1	1	0	100.0	1	Setor Sevene (1)
74573180	SEGURO	CANDIDA DE MORAES	SETOR CANDIDA DE MORAES	1	1	0	100.0	1	SETOR CANDIDA DE MORAES (1)
74573370	BLOQUEADO	SEVENE	SETOR SEVENE	4	3	1	75.0	2	SETOR SEVENE (3) | RESIDENCIAL HUGO DE MORAES (1)
74573381	SEGURO	RESIDENCIAL HUGO DE MORAES	RESIDENCIAL HUGO DE MORAES	1	1	0	100.0	1	RESIDENCIAL HUGO DE MORAES (1)
74573386	SEGURO	RESIDENCIAL HUGO DE MORAES	RESIDENCIAL HUGO DE MORAES	1	1	0	100.0	1	RESIDENCIAL HUGO DE MORAES (1)
74573387	BLOQUEADO	RESIDENCIAL HUGO DE MORAES	RESIDENCIAL HUGO DE MORAES	3	2	1	66.67	2	RESIDENCIAL HUGO DE MORAES (2) | HUGO DE MORAIS (1)
74573388	BLOQUEADO	RESIDENCIAL HUGO DE MORAES	RESIDENCIAL HUGO DE MORAES	3	2	1	66.67	2	RESIDENCIAL HUGO DE MORAES (2) | HUGO MORAES (1)
74573389	SEGURO	RESIDENCIAL HUGO DE MORAES	RESIDENCIAL HUGO DE MORAES	2	1	1	100.0	1	RESIDENCIAL HUGO DE MORAES (1) | Residencial Hugo de Moraes (1)
74573390	SEGURO	SEVENE	SETOR SEVENE	2	2	0	100.0	1	SETOR SEVENE (2)
74573391	BLOQUEADO	RESIDENCIAL HUGO DE MORAES	RESIDENCIAL HUGO DE MORAES	3	2	1	66.67	2	RESIDENCIAL HUGO DE MORAES (2) | RESIDENCIAL HUGO DE MORAIS (1)
74573392	SEGURO	RESIDENCIAL HUGO DE MORAES	RESIDENCIAL HUGO DE MORAES	1	1	0	100.0	1	RESIDENCIAL HUGO DE MORAES (1)
74573393	BLOQUEADO	RESIDENCIAL HUGO DE MORAES	RESIDENCIAL HUGO DE MORAES	3	2	1	66.67	2	RESIDENCIAL HUGO DE MORAES (2) | HUGO MORAES (1)
74573394	SEGURO	RESIDENCIAL HUGO DE MORAES	RESIDENCIAL HUGO DE MORAES	1	1	0	100.0	1	RESIDENCIAL HUGO DE MORAES (1)
74573397	SEGURO	RESIDENCIAL HUGO DE MORAES	RESIDENCIAL HUGO DE MORAES	2	2	0	100.0	1	RESIDENCIAL HUGO DE MORAES (2)
74573398	SEGURO	RESIDENCIAL HUGO DE MORAES	RESIDENCIAL HUGO DE MORAES	5	5	0	100.0	1	RESIDENCIAL HUGO DE MORAES (5)
74573401	SEGURO	HUGO DE MORAES	HUGO DE MORAES	1	1	0	100.0	1	HUGO DE MORAES (1)
74573402	SEGURO	RESIDENCIAL HUGO DE MORAES	RESIDENCIAL HUGO DE MORAES	5	4	1	100.0	1	RESIDENCIAL HUGO DE MORAES (4) | Residencial Hugo de Moraes (1)
74573403	SEGURO	RESIDENCIAL HUGO DE MORAES	RESIDENCIAL HUGO DE MORAES	2	1	1	100.0	1	RESIDENCIAL HUGO DE MORAES (1) | Residencial Hugo de Moraes (1)
74573424	SEGURO	RESIDENCIAL GUAREMA	RESIDENCIAL GUAREMA	1	1	0	100.0	1	RESIDENCIAL GUAREMA (1)
74573426	BLOQUEADO	RESIDENCIA GUAREMA	RESIDENCIA GUAREMA	2	1	1	50.0	2	RESIDENCIA GUAREMA (1) | RESIDENCIAL GUAREMA (1)
74575390	SEGURO	GENTIL MEIRELES	SETOR GENTIL MEIRELES	1	1	0	100.0	1	SETOR GENTIL MEIRELES (1)
74580000	SEGURO	PERIM	SETOR PERIM	1	1	0	100.0	1	SETOR PERIM (1)
74580080	SEGURO	VILA CRISTINA	VILA CRISTINA	1	1	0	100.0	1	VILA CRISTINA (1)
74580150	SEGURO	PERIM	SETOR PERIM	3	3	0	100.0	1	SETOR PERIM (3)
74580190	SEGURO	PERIM	SETOR PERIM	7	7	0	100.0	1	SETOR PERIM (7)
74580200	SEGURO	PERIM	Setor Perim	1	1	0	100.0	1	Setor Perim (1)
74580230	SEGURO	PERIM	SETOR PERIM	3	2	1	100.0	1	SETOR PERIM (2) | Setor Perim (1)
74580260	SEGURO	PERIM	SETOR PERIM	2	2	0	100.0	1	SETOR PERIM (2)
74580270	BLOQUEADO	PERIM	SETOR PERIM	4	3	1	75.0	2	SETOR PERIM (3) | SETOR PROGRESSO (1)
74580280	SEGURO	PERIM	SETOR PERIM	2	1	1	100.0	1	SETOR PERIM (1) | Setor Perim (1)
74580290	SEGURO	PERIM	SETOR PERIM	3	3	0	100.0	1	SETOR PERIM (3)
74580300	SEGURO	PERIM	SETOR PERIM	2	1	1	100.0	1	SETOR PERIM (1) | Setor Perim (1)
74580330	SEGURO	PERIM	SETOR PERIM	2	2	0	100.0	1	SETOR PERIM (2)
74580340	SEGURO	PERIM	SETOR PERIM	5	5	0	100.0	1	SETOR PERIM (5)
74580350	SEGURO	PERIM	SETOR PERIM	9	7	2	100.0	1	SETOR PERIM (7) | Setor Perim (2)
74580360	SEGURO	PERIM	SETOR PERIM	6	4	2	100.0	1	SETOR PERIM (4) | PERIM (1) | Setor Perim (1)
74580370	SEGURO	PERIM	SETOR PERIM	6	4	2	100.0	1	SETOR PERIM (4) | Setor Perim (2)
74580380	SEGURO	PERIM	SETOR PERIM	3	2	1	100.0	1	SETOR PERIM (2) | PERIM (1)
74580390	SEGURO	PERIM	SETOR PERIM	6	6	0	100.0	1	SETOR PERIM (6)
74580400	SEGURO	PERIM	SETOR PERIM	3	2	1	100.0	1	SETOR PERIM (2) | Setor Perim (1)
74580440	SEGURO	VILA CLEMENTE	VILA CLEMENTE	1	1	0	100.0	1	VILA CLEMENTE (1)
74580445	SEGURO	VILA SAO JOSE	VILA SÃO JOSE	1	1	0	100.0	1	VILA SÃO JOSE (1)
74580455	SEGURO	VILA CLEMENTE	VILA CLEMENTE	2	2	0	100.0	1	VILA CLEMENTE (2)
74580460	SEGURO	VILA CLEMENTE	VILA CLEMENTE	1	1	0	100.0	1	VILA CLEMENTE (1)
74580490	SEGURO	VILA CLEMENTE	VILA CLEMENTE	3	3	0	100.0	1	VILA CLEMENTE (3)
74580500	SEGURO	PROGRESSO	Setor Progresso	3	2	1	100.0	1	Setor Progresso (2) | SETOR PROGRESSO (1)
74580505	SEGURO	VILA CLEMENTE	VILA CLEMENTE	1	1	0	100.0	1	VILA CLEMENTE (1)
74580510	SEGURO	PROGRESSO	SETOR PROGRESSO	3	2	1	100.0	1	SETOR PROGRESSO (2) | Setor Progresso (1)
74580520	SEGURO	PROGRESSO	SETOR PROGRESSO	4	3	1	100.0	1	SETOR PROGRESSO (3) | Setor Progresso (1)
74580530	SEGURO	PROGRESSO	SETOR PROGRESSO	1	1	0	100.0	1	SETOR PROGRESSO (1)
74580535	SEGURO	PROGRESSO	SETOR PROGRESSO	5	4	1	100.0	1	SETOR PROGRESSO (4) | Setor Progresso (1)
74580540	SEGURO	PROGRESSO	SETOR PROGRESSO	4	4	0	100.0	1	SETOR PROGRESSO (4)
74580550	SEGURO	PROGRESSO	SETOR PROGRESSO	3	3	0	100.0	1	SETOR PROGRESSO (3)
74580560	SEGURO	PROGRESSO	SETOR PROGRESSO	3	3	0	100.0	1	SETOR PROGRESSO (3)
74580570	SEGURO	PROGRESSO	SETOR PROGRESSO	7	7	0	100.0	1	SETOR PROGRESSO (7)
74580580	SEGURO	PROGRESSO	SETOR PROGRESSO	2	1	1	100.0	1	SETOR PROGRESSO (1) | Setor Progresso (1)
74580590	SEGURO	PERIM	SETOR PERIM	1	1	0	100.0	1	SETOR PERIM (1)
74580600	SEGURO	PROGRESSO	SETOR PROGRESSO	5	4	1	100.0	1	SETOR PROGRESSO (4) | Setor Progresso (1)
74580610	SEGURO	PROGRESSO	SETOR PROGRESSO	4	4	0	100.0	1	SETOR PROGRESSO (4)
74580620	SEGURO	PROGRESSO	SETOR PROGRESSO	1	1	0	100.0	1	SETOR PROGRESSO (1)
74580650	SEGURO	PROGRESSO	SETOR PROGRESSO	1	1	0	100.0	1	SETOR PROGRESSO (1)
74580660	SEGURO	PROGRESSO	SETOR PROGRESSO	8	7	1	100.0	1	SETOR PROGRESSO (7) | Setor Progresso (1)
74580690	SEGURO	PROGRESSO	SETOR PROGRESSO	3	3	0	100.0	1	SETOR PROGRESSO (3)
74580710	SEGURO	PROGRESSO	SETOR PROGRESSO	4	3	1	100.0	1	SETOR PROGRESSO (3) | Setor Progresso (1)
74580740	SEGURO	PROGRESSO	SETOR PROGRESSO	5	3	2	100.0	1	SETOR PROGRESSO (3) | Setor Progresso (2)
74580760	SEGURO	RESIDENCIAL ITAMARACA	RESIDENCIAL ITAMARACA	2	1	1	100.0	1	RESIDENCIAL ITAMARACA (1) | RESIDENCIAL ITAMARACÁ (1)
74580761	SEGURO	RESIDENCIAL ITAMARACA	Residencial Itamaracá	1	1	0	100.0	1	Residencial Itamaracá (1)
74580765	SEGURO	RESIDENCIAL ITAMARACA	Residencial Itamaracá	3	2	1	100.0	1	Residencial Itamaracá (2) | RESIDENCIAL ITAMARACÁ (1)
74580766	SEGURO	RESIDENCIAL ITAMARACA	Residencial Itamaracá	1	1	0	100.0	1	Residencial Itamaracá (1)
74580790	SEGURO	RESIDENCIAL ITAMARACA	RESIDENCIAL ITAMARACÁ	1	1	0	100.0	1	RESIDENCIAL ITAMARACÁ (1)
74580795	SEGURO	RESIDENCIAL ITAMARACA	Residencial Itamaracá	1	1	0	100.0	1	Residencial Itamaracá (1)
74580800	SEGURO	PERIM	SETOR PERIM	3	2	1	100.0	1	SETOR PERIM (2) | PERIM (1)
74580805	SEGURO	RESIDENCIAL ITAMARACA	RESIDENCIAL ITAMARACÁ	1	1	0	100.0	1	RESIDENCIAL ITAMARACÁ (1)
74580810	SEGURO	RESIDENCIAL ITAMARACA	RESIDENCIAL ITAMARACÁ	2	2	0	100.0	1	RESIDENCIAL ITAMARACÁ (2)
74580815	SEGURO	RESIDENCIAL ITAMARACA	RESIDENCIAL ITAMARACÁ	7	4	3	100.0	1	RESIDENCIAL ITAMARACÁ (4) | RESIDENCIAL ITAMARACA (2) | Residencial Itamaracá (1)
74580825	SEGURO	RESIDENCIAL ITAMARACA	RESIDENCIAL ITAMARACÁ	2	1	1	100.0	1	RESIDENCIAL ITAMARACÁ (1) | RESIDENCIAL ITAMARACA (1)
74580830	SEGURO	RESIDENCIAL ITAMARACA	Residencial Itamaracá	5	3	2	100.0	1	Residencial Itamaracá (3) | RESIDENCIAL ITAMARACÁ (2)
74580860	BLOQUEADO	PERIM	SETOR PERIM	5	3	2	60.0	2	SETOR PERIM (3) | SETOR PERIM CONTINUAÇÃO (2)
74583000	SEGURO	RESIDENCIAL SENADOR ALBINO BOAVENTURA	RESIDENCIAL SENADOR ALBINO BOAVENTURA	1	1	0	100.0	1	RESIDENCIAL SENADOR ALBINO BOAVENTURA (1)
74583030	SEGURO	VILA MARIA DILCE	Vila Maria Dilce	1	1	0	100.0	1	Vila Maria Dilce (1)
74583050	SEGURO	VILA MARIA DILCE	VILA MARIA DILCE	9	5	4	100.0	1	VILA MARIA DILCE (5) | Vila Maria Dilce (4)
74583055	BLOQUEADO	VILA MARIA DILCE	VILA MARIA DILCE	3	2	1	66.67	2	VILA MARIA DILCE (2) | VILA CRISTINA (1)
74583060	SEGURO	VILA MARIA DILCE	VILA MARIA DILCE	6	6	0	100.0	1	VILA MARIA DILCE (6)
74583065	SEGURO	VILA MARIA DILCE	Vila Maria Dilce	1	1	0	100.0	1	Vila Maria Dilce (1)
74583070	BLOQUEADO	MARIA DILCE	MARIA DILCE	3	1	2	33.33	3	MARIA DILCE (1) | VILA CRISTINA (1) | Vila Maria Dilce (1)
74583100	BLOQUEADO	VILA MARIA DILCE	VILA MARIA DILCE	17	12	5	94.12	2	VILA MARIA DILCE (12) | Vila Maria Dilce (4) | MARIA DILCE (1)
74583110	SEGURO	VILA MARIA DILCE	VILA MARIA DILCE	3	3	0	100.0	1	VILA MARIA DILCE (3)
74583115	SEGURO	VILA MARIA DILCE	VILA MARIA DILCE	2	1	1	100.0	1	VILA MARIA DILCE (1) | Vila Maria Dilce (1)
74583130	SEGURO	VILA MARIA DILCE	VILA MARIA DILCE	1	1	0	100.0	1	VILA MARIA DILCE (1)
74583135	SEGURO	PROGRESSO	SETOR PROGRESSO	1	1	0	100.0	1	SETOR PROGRESSO (1)
74583220	SEGURO	VILA JOAO VAZ	VILA JOÃO VAZ	1	1	0	100.0	1	VILA JOÃO VAZ (1)
74583264	SEGURO	JARDIM SANTA CECILIA	JARDIM SANTA CECÍLIA	1	1	0	100.0	1	JARDIM SANTA CECÍLIA (1)
74583285	SEGURO	EMPRESARIAL	SETOR EMPRESARIAL	1	1	0	100.0	1	SETOR EMPRESARIAL (1)
74583290	BLOQUEADO	MARABA	SETOR MARABÁ	3	1	2	66.67	2	SETOR MARABÁ (1) | SETOR MARABA (1) | SETOR NOROESTE (1)
74583298	SEGURO	RESIDENCIAL RECREIO PANORAMA	Residencial Recreio Panorama	1	1	0	100.0	1	Residencial Recreio Panorama (1)
74583350	SEGURO	EMPRESARIAL	SETOR EMPRESARIAL	7	7	0	100.0	1	SETOR EMPRESARIAL (7)
74583360	SEGURO	EMPRESARIAL	SETOR EMPRESARIAL	1	1	0	100.0	1	SETOR EMPRESARIAL (1)
74583650	SEGURO	EMPRESARIAL	SETOR EMPRESARIAL	1	1	0	100.0	1	SETOR EMPRESARIAL (1)
74583700	SEGURO	JARDIM GRAMADO	Jardim Gramado	4	2	2	100.0	1	Jardim Gramado (2) | JARDIM GRAMADO (2)
74583705	SEGURO	JARDIM GRAMADO	JARDIM GRAMADO	5	4	1	100.0	1	JARDIM GRAMADO (4) | Jardim Gramado (1)
74583710	SEGURO	JARDIM GRAMADO	JARDIM GRAMADO	2	2	0	100.0	1	JARDIM GRAMADO (2)
74583715	BLOQUEADO	JARDIM GRAMADO	JARDIM GRAMADO	11	8	3	81.82	3	JARDIM GRAMADO (8) | Jardim Gramado (1) | VILA CRISTINA (1) | VILA MARIA DILCE (1)
74583720	SEGURO	JARDIM GRAMADO	JARDIM GRAMADO	6	5	1	100.0	1	JARDIM GRAMADO (5) | Jardim Gramado (1)
74583725	SEGURO	JARDIM GRAMADO	JARDIM GRAMADO	7	7	0	100.0	1	JARDIM GRAMADO (7)
74583730	SEGURO	JARDIM GRAMADO	JARDIM  GRAMADO	1	1	0	100.0	1	JARDIM  GRAMADO (1)
74583735	SEGURO	JARDIM GRAMADO	JARDIM GRAMADO	3	3	0	100.0	1	JARDIM GRAMADO (3)
74583750	SEGURO	JARDIM GRAMADO	JARDIM GRAMADO	1	1	0	100.0	1	JARDIM GRAMADO (1)
74583760	SEGURO	JARDIM GRAMADO	JARDIM GRAMADO	1	1	0	100.0	1	JARDIM GRAMADO (1)
74583765	SEGURO	JARDIM GRAMADO	JARDIM GRAMADO	1	1	0	100.0	1	JARDIM GRAMADO (1)
74584000	SEGURO	VILA CRISTINA	VILA CRISTINA	6	5	1	100.0	1	VILA CRISTINA (5) | Vila Cristina (1)
74584010	SEGURO	VILA CRISTINA	VILA CRISTINA	2	2	0	100.0	1	VILA CRISTINA (2)
74584030	SEGURO	VILA CRISTINA	VILA CRISTINA	1	1	0	100.0	1	VILA CRISTINA (1)
74584040	SEGURO	VILA CRISTINA	VILA CRISTINA	1	1	0	100.0	1	VILA CRISTINA (1)
74584060	BLOQUEADO	VILA CRISTINA	VILA CRISTINA	3	2	1	66.67	2	VILA CRISTINA (2) | MARIA DILCE (1)
74584090	SEGURO	VILA CRISTINA	VILA CRISTINA	1	1	0	100.0	1	VILA CRISTINA (1)
74584120	BLOQUEADO	VILA CRISTINA	VILA CRISTINA	6	5	1	83.33	2	VILA CRISTINA (5) | VILA MARIA DILCE (1)
74584230	BLOQUEADO	VILA CRISTINA	VILA CRISTINA	6	4	2	66.67	2	VILA CRISTINA (4) | Vila Cristina Continuação (1) | VILA CRISTINA CONTINUAÇÃO (1)
74584235	SEGURO	VILA CRISTINA	VILA CRISTINA	3	3	0	100.0	1	VILA CRISTINA (3)
74584305	SEGURO	VILA CRISTINA EXTENSAO	VILA CRISTINA EXTENSÃO	1	1	0	100.0	1	VILA CRISTINA EXTENSÃO (1)
74584310	SEGURO	VILA CRISTINA EXTENSAO	VILA CRISTINA EXTENSÃO	2	2	0	100.0	1	VILA CRISTINA EXTENSÃO (2)
74590090	SEGURO	JARDIM BALNEARIO MEIA PONTE	JARDIM BALNEÁRIO MEIA PONTE	1	1	0	100.0	1	JARDIM BALNEÁRIO MEIA PONTE (1)
74590360	SEGURO	JARDIM BALNEARIO MEIA PONTE	JARDIM BALNEÁRIO MEIA PONTE	1	1	0	100.0	1	JARDIM BALNEÁRIO MEIA PONTE (1)
74590540	SEGURO	JARDIM BALNEARIO MEIA PONTE	Jardim Balneário Meia Ponte	1	1	0	100.0	1	Jardim Balneário Meia Ponte (1)
74590770	SEGURO	JARDIM BALNEARIO MEIA PONTE	Jardim Balneário Meia Ponte	1	1	0	100.0	1	Jardim Balneário Meia Ponte (1)
74591003	SEGURO	RESIDENCIAL BALNEARIO 2	Residencial Balneário 2	1	1	0	100.0	1	Residencial Balneário 2 (1)
74593210	SEGURO	JARDIM BALNEARIO MEIA PONTE	Jardim Balneário Meia Ponte	1	1	0	100.0	1	Jardim Balneário Meia Ponte (1)
74593270	SEGURO	PARQUE DAS NACOES	Parque das Nações	1	1	0	100.0	1	Parque das Nações (1)
74594102	SEGURO	RESIDENCIAL BARRAVENTO	Residencial Barravento	1	1	0	100.0	1	Residencial Barravento (1)
74594124	SEGURO	RESIDENCIAL BARRAVENTO	Residencial Barravento	1	1	0	100.0	1	Residencial Barravento (1)
74594151	SEGURO	JARDIM BELVEDERE	Jardim Belvedere	1	1	0	100.0	1	Jardim Belvedere (1)
74594330	SEGURO	RESIDENCIAL JOSE VIANDELI	Residencial Jose Viandeli	1	1	0	100.0	1	Residencial Jose Viandeli (1)
74595110	SEGURO	RESIDENCIAL MARIA LOURENCA	Residencial Maria Lourença	1	1	0	100.0	1	Residencial Maria Lourença (1)
74605020	SEGURO	LESTE UNIVERSITARIO	SETOR LESTE UNIVERSITÁRIO	1	1	0	100.0	1	SETOR LESTE UNIVERSITÁRIO (1)
74620050	SEGURO	VILA MORAIS	VILA MORAIS	3	3	0	100.0	1	VILA MORAIS (3)
74620060	SEGURO	VILA MORAIS	VILA MORAIS	4	4	0	100.0	1	VILA MORAIS (4)
74620170	SEGURO	VILA MORAIS	Vila Morais	1	1	0	100.0	1	Vila Morais (1)
74620190	SEGURO	VILA MORAIS	VILA MORAIS	2	2	0	100.0	1	VILA MORAIS (2)
74620220	SEGURO	VILA MORAIS	VILA MORAIS	3	3	0	100.0	1	VILA MORAIS (3)
74620230	SEGURO	VILA MORAIS	VILA MORAIS	7	7	0	100.0	1	VILA MORAIS (7)
74620250	SEGURO	VILA MORAIS	VILA MORAIS	1	1	0	100.0	1	VILA MORAIS (1)
74620260	SEGURO	VILA MORAIS	VILA MORAIS	1	1	0	100.0	1	VILA MORAIS (1)
74620270	SEGURO	VILA MORAIS	VILA MORAIS	1	1	0	100.0	1	VILA MORAIS (1)
74620280	SEGURO	VILA MORAIS	VILA MORAIS	3	2	1	100.0	1	VILA MORAIS (2) | Vila Morais (1)
74620300	SEGURO	VILA MORAIS	VILA MORAIS	1	1	0	100.0	1	VILA MORAIS (1)
74620310	SEGURO	VILA MORAIS	VILA MORAIS	1	1	0	100.0	1	VILA MORAIS (1)
74620320	SEGURO	VILA MORAIS	VILA MORAIS	7	6	1	100.0	1	VILA MORAIS (6) | Vila Morais (1)
74620330	SEGURO	VILA MORAIS	VILA MORAIS	4	4	0	100.0	1	VILA MORAIS (4)
74620365	SEGURO	VILA MORAIS	VILA MORAIS	1	1	0	100.0	1	VILA MORAIS (1)
74620375	SEGURO	VILA MORAIS	VILA MORAIS	6	6	0	100.0	1	VILA MORAIS (6)
74620400	SEGURO	VILA MORAIS	VILA MORAIS	3	2	1	100.0	1	VILA MORAIS (2) | Vila Morais (1)
74620410	SEGURO	VILA MORAIS	VILA MORAIS	1	1	0	100.0	1	VILA MORAIS (1)
74630134	SEGURO	JARDIM NOVA ESPERANCA	JARDIM NOVA ESPERANÇA	1	1	0	100.0	1	JARDIM NOVA ESPERANÇA (1)
74635100	SEGURO	JARDIM NOVO MUNDO	JARDIM NOVO MUNDO	1	1	0	100.0	1	JARDIM NOVO MUNDO (1)
74645527	SEGURO	MARABA	SETOR MARABÁ	1	1	0	100.0	1	SETOR MARABÁ (1)
74655150	SEGURO	VILA MONTICELLI	VILA MONTICELLI	1	1	0	100.0	1	VILA MONTICELLI (1)
74675380	SEGURO	RESIDENCIAL ANGLO	RESIDENCIAL ANGLO	1	1	0	100.0	1	RESIDENCIAL ANGLO (1)
74675400	SEGURO	JARDIM NOVA ESPERANCA	JARDIM NOVA ESPERANÇA	1	1	0	100.0	1	JARDIM NOVA ESPERANÇA (1)
74680130	SEGURO	JARDIM COLORADO	JARDIM COLORADO	1	1	0	100.0	1	JARDIM COLORADO (1)
74700170	SEGURO	JARDIM NOVO MUNDO	JARDIM NOVO MUNDO	1	1	0	100.0	1	JARDIM NOVO MUNDO (1)
74703010	SEGURO	JARDIM NOVO MUNDO	JARDIM NOVO MUNDO	2	2	0	100.0	1	JARDIM NOVO MUNDO (2)
74703020	SEGURO	JARDIM NOVO MUNDO	JARDIM NOVO MUNDO	12	11	1	100.0	1	JARDIM NOVO MUNDO (11) | Jardim Novo Mundo (1)
74703030	SEGURO	JARDIM NOVO MUNDO	JARDIM NOVO MUNDO	2	2	0	100.0	1	JARDIM NOVO MUNDO (2)
74703060	SEGURO	JARDIM NOVO MUNDO	JARDIM NOVO MUNDO	4	4	0	100.0	1	JARDIM NOVO MUNDO (4)
74703070	SEGURO	JARDIM NOVO MUNDO	JARDIM NOVO MUNDO	2	2	0	100.0	1	JARDIM NOVO MUNDO (2)
74703080	SEGURO	JARDIM NOVO MUNDO	JARDIM NOVO MUNDO	4	4	0	100.0	1	JARDIM NOVO MUNDO (4)
74703100	SEGURO	JARDIM NOVO MUNDO	JARDIM NOVO MUNDO	3	3	0	100.0	1	JARDIM NOVO MUNDO (3)
74703118	SEGURO	JARDIM NOVO MUNDO	JARDIM NOVO MUNDO	1	1	0	100.0	1	JARDIM NOVO MUNDO (1)
74703140	SEGURO	JARDIM NOVO MUNDO	JARDIM NOVO MUNDO	2	2	0	100.0	1	JARDIM NOVO MUNDO (2)
74703210	SEGURO	VILA MARTINS	VILA MARTINS	1	1	0	100.0	1	VILA MARTINS (1)
74703220	SEGURO	VILA MARTINS	VILA MARTINS	3	3	0	100.0	1	VILA MARTINS (3)
74703230	SEGURO	VILA MARTINS	VILA MARTINS	1	1	0	100.0	1	VILA MARTINS (1)
74703300	SEGURO	JARDIM CALIFORNIA PARQUE INDUSTRIAL	JARDIM CALIFÓRNIA PARQUE INDUSTRIAL	1	1	0	100.0	1	JARDIM CALIFÓRNIA PARQUE INDUSTRIAL (1)
74705010	SEGURO	JARDIM NOVO MUNDO	JARDIM NOVO MUNDO	7	4	3	100.0	1	JARDIM NOVO MUNDO (4) | Jardim Novo Mundo (3)
74705015	SEGURO	JARDIM NOVO MUNDO	JARDIM NOVO MUNDO	1	1	0	100.0	1	JARDIM NOVO MUNDO (1)
74705020	SEGURO	JARDIM NOVO MUNDO	JARDIM NOVO MUNDO	9	6	3	100.0	1	JARDIM NOVO MUNDO (6) | Jardim Novo Mundo (3)
74705040	SEGURO	JARDIM NOVO MUNDO	Jardim Novo Mundo	3	2	1	100.0	1	Jardim Novo Mundo (2) | JARDIM NOVO MUNDO (1)
74705050	SEGURO	JARDIM NOVO MUNDO	JARDIM NOVO MUNDO	15	14	1	100.0	1	JARDIM NOVO MUNDO (14) | JARDIM  NOVO MUNDO (1)
74705070	SEGURO	JARDIM NOVO MUNDO	JARDIM NOVO MUNDO	5	5	0	100.0	1	JARDIM NOVO MUNDO (5)
74705080	SEGURO	JARDIM NOVO MUNDO	JARDIM NOVO MUNDO	2	2	0	100.0	1	JARDIM NOVO MUNDO (2)
74705100	SEGURO	JARDIM NOVO MUNDO	JARDIM NOVO MUNDO	7	7	0	100.0	1	JARDIM NOVO MUNDO (7)
74705110	SEGURO	JARDIM NOVO MUNDO	JARDIM NOVO MUNDO	6	5	1	100.0	1	JARDIM NOVO MUNDO (5) | Jardim Novo Mundo (1)
74705120	SEGURO	JARDIM NOVO MUNDO	JARDIM NOVO MUNDO	4	2	2	100.0	1	JARDIM NOVO MUNDO (2) | Jardim Novo Mundo (2)
74705130	SEGURO	JARDIM NOVO MUNDO	JARDIM NOVO MUNDO	6	5	1	100.0	1	JARDIM NOVO MUNDO (5) | Jardim Novo Mundo (1)
74705140	SEGURO	JARDIM NOVO MUNDO	JARDIM NOVO MUNDO	14	10	4	100.0	1	JARDIM NOVO MUNDO (10) | Jardim Novo Mundo (4)
74705150	SEGURO	JARDIM NOVO MUNDO	JARDIM NOVO MUNDO	17	16	1	100.0	1	JARDIM NOVO MUNDO (16) | Jardim Novo Mundo (1)
74705160	SEGURO	JARDIM NOVO MUNDO	JARDIM NOVO MUNDO	4	3	1	100.0	1	JARDIM NOVO MUNDO (3) | Jardim Novo Mundo (1)
74705170	SEGURO	JARDIM NOVO MUNDO	JARDIM NOVO MUNDO	16	12	4	100.0	1	JARDIM NOVO MUNDO (12) | Jardim Novo Mundo (4)
74705180	SEGURO	JARDIM NOVO MUNDO	JARDIM NOVO MUNDO	5	4	1	100.0	1	JARDIM NOVO MUNDO (4) | Jardim Novo Mundo (1)
74705190	SEGURO	JARDIM NOVO MUNDO	JARDIM NOVO MUNDO	1	1	0	100.0	1	JARDIM NOVO MUNDO (1)
74705200	SEGURO	JARDIM NOVO MUNDO	JARDIM NOVO MUNDO	3	3	0	100.0	1	JARDIM NOVO MUNDO (3)
74705210	SEGURO	JARDIM NOVO MUNDO	JARDIM NOVO MUNDO	1	1	0	100.0	1	JARDIM NOVO MUNDO (1)
74705220	SEGURO	JARDIM NOVO MUNDO	JARDIM NOVO MUNDO	9	8	1	100.0	1	JARDIM NOVO MUNDO (8) | Jardim Novo Mundo (1)
74705230	SEGURO	JARDIM NOVO MUNDO	Jardim Novo Mundo	3	2	1	100.0	1	Jardim Novo Mundo (2) | JARDIM NOVO MUNDO (1)
74705240	BLOQUEADO	JARDIM NOVO MUNDO	JARDIM NOVO MUNDO	7	4	3	85.71	2	JARDIM NOVO MUNDO (4) | Jardim Novo Mundo (2) | JD. NOVO MUNDO (1)
74705250	SEGURO	JARDIM NOVO MUNDO	JARDIM NOVO MUNDO	1	1	0	100.0	1	JARDIM NOVO MUNDO (1)
74705270	SEGURO	JARDIM NOVO MUNDO	JARDIM NOVO MUNDO	1	1	0	100.0	1	JARDIM NOVO MUNDO (1)
74705280	SEGURO	JARDIM NOVO MUNDO	JARDIM NOVO MUNDO	4	4	0	100.0	1	JARDIM NOVO MUNDO (4)
74705290	SEGURO	JARDIM NOVO MUNDO	JARDIM NOVO MUNDO	3	3	0	100.0	1	JARDIM NOVO MUNDO (3)
74705300	SEGURO	JARDIM NOVO MUNDO	JARDIM NOVO MUNDO	3	2	1	100.0	1	JARDIM NOVO MUNDO (2) | Jardim Novo Mundo (1)
74705310	SEGURO	JARDIM NOVO MUNDO	Jardim Novo Mundo	1	1	0	100.0	1	Jardim Novo Mundo (1)
74705340	SEGURO	JARDIM NOVO MUNDO	JARDIM NOVO MUNDO	3	3	0	100.0	1	JARDIM NOVO MUNDO (3)
74710010	SEGURO	JARDIM NOVO MUNDO	JARDIM NOVO MUNDO	23	18	5	100.0	1	JARDIM NOVO MUNDO (18) | Jardim Novo Mundo (5)
74710040	SEGURO	JARDIM NOVO MUNDO	JARDIM NOVO MUNDO	3	3	0	100.0	1	JARDIM NOVO MUNDO (3)
74710050	SEGURO	JARDIM NOVO MUNDO	JARDIM NOVO MUNDO	16	14	2	100.0	1	JARDIM NOVO MUNDO (14) | Jardim Novo Mundo (2)
74710060	SEGURO	JARDIM NOVO MUNDO	JARDIM NOVO MUNDO	13	10	3	100.0	1	JARDIM NOVO MUNDO (10) | Jardim Novo Mundo (3)
74710070	SEGURO	JARDIM NOVO MUNDO	JARDIM NOVO MUNDO	12	9	3	100.0	1	JARDIM NOVO MUNDO (9) | Jardim Novo Mundo (3)
74710080	SEGURO	JARDIM NOVO MUNDO	JARDIM NOVO MUNDO	8	7	1	100.0	1	JARDIM NOVO MUNDO (7) | Jardim Novo Mundo (1)
74710090	SEGURO	JARDIM NOVO MUNDO	JARDIM NOVO MUNDO	4	4	0	100.0	1	JARDIM NOVO MUNDO (4)
74710100	SEGURO	JARDIM NOVO MUNDO	JARDIM NOVO MUNDO	4	3	1	100.0	1	JARDIM NOVO MUNDO (3) | Jardim Novo Mundo (1)
74710110	BLOQUEADO	JARDIM NOVO MUNDO	JARDIM NOVO MUNDO	9	7	2	88.89	2	JARDIM NOVO MUNDO (7) | JARDIM EMANUELE (1) | Jardim Novo Mundo (1)
74710120	SEGURO	JARDIM NOVO MUNDO	JARDIM NOVO MUNDO	4	3	1	100.0	1	JARDIM NOVO MUNDO (3) | Jardim Novo Mundo (1)
74710130	SEGURO	JARDIM NOVO MUNDO	JARDIM NOVO MUNDO	8	7	1	100.0	1	JARDIM NOVO MUNDO (7) | Jardim Novo Mundo (1)
74710140	SEGURO	JARDIM NOVO MUNDO	JARDIM NOVO MUNDO	3	2	1	100.0	1	JARDIM NOVO MUNDO (2) | Jardim Novo Mundo (1)
74710160	BLOQUEADO	JARDIM NOVO MUNDO	JARDIM NOVO MUNDO	4	3	1	75.0	2	JARDIM NOVO MUNDO (3) | VILA MARIA LUIZA (1)
74710170	SEGURO	JARDIM NOVO MUNDO	Jardim Novo Mundo	1	1	0	100.0	1	Jardim Novo Mundo (1)
74710180	SEGURO	JARDIM NOVO MUNDO	JARDIM NOVO MUNDO	1	1	0	100.0	1	JARDIM NOVO MUNDO (1)
74710200	SEGURO	JARDIM NOVO MUNDO	JARDIM NOVO MUNDO	7	7	0	100.0	1	JARDIM NOVO MUNDO (7)
74710210	SEGURO	JARDIM NOVO MUNDO	JARDIM NOVO MUNDO	2	2	0	100.0	1	JARDIM NOVO MUNDO (2)
74710220	SEGURO	JARDIM NOVO MUNDO	JARDIM NOVO MUNDO	2	2	0	100.0	1	JARDIM NOVO MUNDO (2)
74710230	SEGURO	JARDIM NOVO MUNDO	JARDIM NOVO MUNDO	2	2	0	100.0	1	JARDIM NOVO MUNDO (2)
74710240	SEGURO	JARDIM NOVO MUNDO	JARDIM NOVO MUNDO	13	11	2	100.0	1	JARDIM NOVO MUNDO (11) | JARDIM  NOVO MUNDO (1) | Jardim Novo Mundo (1)
74710250	SEGURO	JARDIM NOVO MUNDO	JARDIM NOVO MUNDO	2	2	0	100.0	1	JARDIM NOVO MUNDO (2)
74710260	REVISAR	JARDIM NOVO MUNDO	JARDIM NOVO MUNDO	115	106	9	96.52	5	JARDIM NOVO MUNDO (106) | Jardim Novo Mundo (5) | JARDIM EMANUELI (1) | JARDIM NOVO MUNDO 3 (1) | JD. EMANUELLE / NOVO MUNDO (1) | RESID. EMANUELLI / JARDIM NOVO MUNDO (1)
74710263	SEGURO	JARDIM NOVO MUNDO	JARDIM NOVO MUNDO	1	1	0	100.0	1	JARDIM NOVO MUNDO (1)
74710264	SEGURO	JARDIM NOVO MUNDO	JARDIM NOVO MUNDO	1	1	0	100.0	1	JARDIM NOVO MUNDO (1)
74710265	SEGURO	JARDIM NOVO MUNDO	JARDIM NOVO MUNDO	1	1	0	100.0	1	JARDIM NOVO MUNDO (1)
74710267	SEGURO	JARDIM NOVO MUNDO	JARDIM NOVO MUNDO	3	3	0	100.0	1	JARDIM NOVO MUNDO (3)
74710268	SEGURO	JARDIM NOVO MUNDO	Jardim novo mundo	1	1	0	100.0	1	Jardim novo mundo (1)
74710302	SEGURO	JARDIM NOVO MUNDO	JARDIM NOVO MUNDO	1	1	0	100.0	1	JARDIM NOVO MUNDO (1)
74710304	SEGURO	JARDIM NOVO MUNDO	JARDIM NOVO MUNDO	2	2	0	100.0	1	JARDIM NOVO MUNDO (2)
74710320	SEGURO	JARDIM NOVO MUNDO	JARDIM NOVO MUNDO	4	4	0	100.0	1	JARDIM NOVO MUNDO (4)
74710360	SEGURO	JARDIM NOVO MUNDO	JARDIM NOVO MUNDO	15	11	4	100.0	1	JARDIM NOVO MUNDO (11) | Jardim Novo Mundo (3) | JARDIM  NOVO MUNDO (1)
74710370	SEGURO	JARDIM NOVO MUNDO	Jardim Novo Mundo	1	1	0	100.0	1	Jardim Novo Mundo (1)
74710375	SEGURO	JARDIM NOVO MUNDO	Jardim Novo Mundo	1	1	0	100.0	1	Jardim Novo Mundo (1)
74710380	SEGURO	JARDIM NOVO MUNDO	JARDIM NOVO MUNDO	6	6	0	100.0	1	JARDIM NOVO MUNDO (6)
74710400	SEGURO	JARDIM NOVO MUNDO	JARDIM NOVO MUNDO	8	7	1	100.0	1	JARDIM NOVO MUNDO (7) | Jardim Novo Mundo (1)
74710420	SEGURO	JARDIM NOVO MUNDO	JARDIM NOVO MUNDO	1	1	0	100.0	1	JARDIM NOVO MUNDO (1)
74710430	SEGURO	JARDIM NOVO MUNDO	Jardim Novo Mundo	1	1	0	100.0	1	Jardim Novo Mundo (1)
74710450	SEGURO	JARDIM NOVO MUNDO	JARDIM NOVO MUNDO	2	1	1	100.0	1	JARDIM NOVO MUNDO (1) | Jardim Novo Mundo (1)
74710460	SEGURO	JARDIM NOVO MUNDO	JARDIM NOVO MUNDO	1	1	0	100.0	1	JARDIM NOVO MUNDO (1)
74710470	SEGURO	JARDIM NOVO MUNDO	JARDIM NOVO MUNDO	7	7	0	100.0	1	JARDIM NOVO MUNDO (7)
74711010	SEGURO	VILA BANDEIRANTES	VILA BANDEIRANTES	2	2	0	100.0	1	VILA BANDEIRANTES (2)
74711020	BLOQUEADO	VILA BANDEIRANTE	VILA BANDEIRANTE	3	2	1	66.67	2	VILA BANDEIRANTE (2) | JARDIM NOVO MUNDO (1)
74711040	SEGURO	JARDIM NOVO MUNDO	JARDIM NOVO MUNDO	1	1	0	100.0	1	JARDIM NOVO MUNDO (1)
74711507	SEGURO	AGUA BRANCA	ÁGUA BRANCA	1	1	0	100.0	1	ÁGUA BRANCA (1)
74713080	SEGURO	VILA ROMANA	VILA ROMANA	1	1	0	100.0	1	VILA ROMANA (1)
74713110	SEGURO	JARDIM NOVO MUNDO	JARDIM NOVO MUNDO	1	1	0	100.0	1	JARDIM NOVO MUNDO (1)
74713189	SEGURO	JARDIM NOVO MUNDO	JARDIM NOVO MUNDO	1	1	0	100.0	1	JARDIM NOVO MUNDO (1)
74713190	SEGURO	JARDIM NOVO MUNDO	JARDIM NOVO MUNDO	2	2	0	100.0	1	JARDIM NOVO MUNDO (2)
74713200	SEGURO	JARDIM NOVO MUNDO	JARDIM NOVO MUNDO	8	8	0	100.0	1	JARDIM NOVO MUNDO (8)
74713210	SEGURO	JARDIM NOVO MUNDO	JARDIM NOVO MUNDO	17	16	1	100.0	1	JARDIM NOVO MUNDO (16) | Jardim Novo Mundo (1)
74713240	SEGURO	JARDIM NOVO MUNDO	JARDIM NOVO MUNDO	5	4	1	100.0	1	JARDIM NOVO MUNDO (4) | Jardim Novo Mundo (1)
74713250	SEGURO	JARDIM NOVO MUNDO	JARDIM NOVO MUNDO	8	6	2	100.0	1	JARDIM NOVO MUNDO (6) | Jardim Novo Mundo (2)
74713280	SEGURO	JARDIM NOVO MUNDO	JARDIM NOVO MUNDO	6	6	0	100.0	1	JARDIM NOVO MUNDO (6)
74713290	SEGURO	JARDIM NOVO MUNDO	JARDIM NOVO MUNDO	2	1	1	100.0	1	JARDIM NOVO MUNDO (1) | Jardim Novo Mundo (1)
74713300	SEGURO	JARDIM NOVO MUNDO	JARDIM NOVO MUNDO	1	1	0	100.0	1	JARDIM NOVO MUNDO (1)
74713330	SEGURO	JARDIM NOVO MUNDO	JARDIM NOVO MUNDO	3	2	1	100.0	1	JARDIM NOVO MUNDO (2) | Jardim Novo Mundo (1)
74713360	SEGURO	JARDIM NOVO MUNDO	JARDIM NOVO MUNDO	1	1	0	100.0	1	JARDIM NOVO MUNDO (1)
74713380	SEGURO	JARDIM NOVO MUNDO	JARDIM NOVO MUNDO	3	3	0	100.0	1	JARDIM NOVO MUNDO (3)
74713390	SEGURO	JARDIM NOVO MUNDO	JARDIM NOVO MUNDO	1	1	0	100.0	1	JARDIM NOVO MUNDO (1)
74713420	SEGURO	JARDIM NOVO MUNDO	JARDIM NOVO MUNDO	6	6	0	100.0	1	JARDIM NOVO MUNDO (6)
74713440	BLOQUEADO	JARDIM NOVO MUNDO	JARDIM NOVO MUNDO	7	5	2	85.71	2	JARDIM NOVO MUNDO (5) | Jardim Novo Mundo (1) | RESIDENCIAL JARDIM EMANUELE (1)
74715010	SEGURO	JARDIM NOVO MUNDO	JARDIM NOVO MUNDO	5	5	0	100.0	1	JARDIM NOVO MUNDO (5)
74715020	SEGURO	JARDIM NOVO MUNDO	JARDIM NOVO MUNDO	1	1	0	100.0	1	JARDIM NOVO MUNDO (1)
74715040	SEGURO	JARDIM NOVO MUNDO	JARDIM NOVO MUNDO	7	5	2	100.0	1	JARDIM NOVO MUNDO (5) | Jardim Novo Mundo (2)
74715060	SEGURO	JARDIM NOVO MUNDO	JARDIM NOVO MUNDO	2	2	0	100.0	1	JARDIM NOVO MUNDO (2)
74715070	SEGURO	JARDIM NOVO MUNDO	Jardim Novo Mundo	1	1	0	100.0	1	Jardim Novo Mundo (1)
74715080	SEGURO	JARDIM NOVO MUNDO	JARDIM NOVO MUNDO	5	4	1	100.0	1	JARDIM NOVO MUNDO (4) | Jardim Novo Mundo (1)
74715100	SEGURO	JARDIM NOVO MUNDO	JARDIM NOVO MUNDO	1	1	0	100.0	1	JARDIM NOVO MUNDO (1)
74715110	SEGURO	JARDIM NOVO MUNDO	JARDIM NOVO MUNDO	1	1	0	100.0	1	JARDIM NOVO MUNDO (1)
74715120	SEGURO	JARDIM NOVO MUNDO	JARDIM NOVO MUNDO	1	1	0	100.0	1	JARDIM NOVO MUNDO (1)
74715130	SEGURO	JARDIM NOVO MUNDO	JARDIM NOVO MUNDO	1	1	0	100.0	1	JARDIM NOVO MUNDO (1)
74715140	SEGURO	JARDIM NOVO MUNDO	JARDIM NOVO MUNDO	5	4	1	100.0	1	JARDIM NOVO MUNDO (4) | Jardim Novo Mundo (1)
74715160	SEGURO	JARDIM NOVO MUNDO	JARDIM NOVO MUNDO	10	7	3	100.0	1	JARDIM NOVO MUNDO (7) | Jardim Novo Mundo (3)
74715170	SEGURO	JARDIM NOVO MUNDO	JARDIM NOVO MUNDO	1	1	0	100.0	1	JARDIM NOVO MUNDO (1)
74715190	SEGURO	JARDIM CALIFORNIA	JARDIM CALIFORNIA	1	1	0	100.0	1	JARDIM CALIFORNIA (1)
74715200	SEGURO	JARDIM NOVO MUNDO	Jardim Novo Mundo	1	1	0	100.0	1	Jardim Novo Mundo (1)
74715210	SEGURO	JARDIM NOVO MUNDO	JARDIM NOVO MUNDO	4	3	1	100.0	1	JARDIM NOVO MUNDO (3) | Jardim Novo Mundo (1)
74715230	SEGURO	JARDIM NOVO MUNDO	JARDIM NOVO MUNDO	3	2	1	100.0	1	JARDIM NOVO MUNDO (2) | Jardim Novo Mundo (1)
74715240	SEGURO	JARDIM NOVO MUNDO	JARDIM NOVO MUNDO	2	1	1	100.0	1	JARDIM NOVO MUNDO (1) | Jardim Novo Mundo (1)
74715250	SEGURO	JARDIM NOVO MUNDO	JARDIM NOVO MUNDO	2	2	0	100.0	1	JARDIM NOVO MUNDO (2)
74715260	SEGURO	JARDIM NOVO MUNDO	JARDIM NOVO MUNDO	8	7	1	100.0	1	JARDIM NOVO MUNDO (7) | Jardim Novo Mundo (1)
74715270	SEGURO	JARDIM NOVO MUNDO	JARDIM NOVO MUNDO	4	2	2	100.0	1	JARDIM NOVO MUNDO (2) | Jardim Novo Mundo (2)
74715280	SEGURO	JARDIM NOVO MUNDO	JARDIM NOVO MUNDO	3	3	0	100.0	1	JARDIM NOVO MUNDO (3)
74715300	SEGURO	JARDIM NOVO MUNDO	JARDIM NOVO MUNDO	1	1	0	100.0	1	JARDIM NOVO MUNDO (1)
74715310	SEGURO	JARDIM NOVO MUNDO	Jardim Novo Mundo	1	1	0	100.0	1	Jardim Novo Mundo (1)
74715320	SEGURO	JARDIM NOVO MUNDO	JARDIM NOVO MUNDO	1	1	0	100.0	1	JARDIM NOVO MUNDO (1)
74715340	SEGURO	JARDIM NOVO MUNDO	JARDIM NOVO MUNDO	2	2	0	100.0	1	JARDIM NOVO MUNDO (2)
74715370	SEGURO	JARDIM NOVO MUNDO	JARDIM NOVO MUNDO	1	1	0	100.0	1	JARDIM NOVO MUNDO (1)
74715380	SEGURO	JARDIM NOVO MUNDO	JARDIM NOVO MUNDO	6	6	0	100.0	1	JARDIM NOVO MUNDO (6)
74715400	SEGURO	JARDIM NOVO MUNDO	JARDIM NOVO MUNDO	5	5	0	100.0	1	JARDIM NOVO MUNDO (5)
74715410	SEGURO	JARDIM NOVO MUNDO	JARDIM NOVO MUNDO	1	1	0	100.0	1	JARDIM NOVO MUNDO (1)
74715415	SEGURO	JARDIM NOVO MUNDO	JARDIM NOVO MUNDO	1	1	0	100.0	1	JARDIM NOVO MUNDO (1)
74715420	SEGURO	JARDIM NOVO MUNDO	JARDIM NOVO MUNDO	1	1	0	100.0	1	JARDIM NOVO MUNDO (1)
74715430	SEGURO	JARDIM NOVO MUNDO	JARDIM NOVO MUNDO	2	2	0	100.0	1	JARDIM NOVO MUNDO (2)
74715440	SEGURO	JARDIM NOVO MUNDO	JARDIM NOVO MUNDO	2	1	1	100.0	1	JARDIM NOVO MUNDO (1) | Jardim Novo Mundo (1)
74715450	SEGURO	JARDIM NOVO MUNDO	Jardim Novo Mundo	1	1	0	100.0	1	Jardim Novo Mundo (1)
74715470	SEGURO	JARDIM NOVO MUNDO	JARDIM NOVO MUNDO	1	1	0	100.0	1	JARDIM NOVO MUNDO (1)
74715480	SEGURO	JARDIM NOVO MUNDO	JARDIM NOVO MUNDO	2	2	0	100.0	1	JARDIM NOVO MUNDO (2)
74715490	SEGURO	JARDIM NOVO MUNDO	JARDIM NOVO MUNDO	2	2	0	100.0	1	JARDIM NOVO MUNDO (2)
74715500	SEGURO	JARDIM NOVO MUNDO	JARDIM NOVO MUNDO	1	1	0	100.0	1	JARDIM NOVO MUNDO (1)
74715550	SEGURO	JARDIM NOVO MUNDO	JARDIM NOVO MUNDO	7	4	3	100.0	1	JARDIM NOVO MUNDO (4) | Jardim Novo Mundo (3)
74715560	SEGURO	JARDIM NOVO MUNDO	JARDIM NOVO MUNDO	1	1	0	100.0	1	JARDIM NOVO MUNDO (1)
74715580	SEGURO	JARDIM NOVO MUNDO	JARDIM NOVO MUNDO	2	2	0	100.0	1	JARDIM NOVO MUNDO (2)
74715590	SEGURO	JARDIM NOVO MUNDO	JARDIM NOVO MUNDO	9	6	3	100.0	1	JARDIM NOVO MUNDO (6) | Jardim Novo Mundo (3)
74715640	SEGURO	JARDIM NOVO MUNDO	Jardim Novo Mundo	1	1	0	100.0	1	Jardim Novo Mundo (1)
74720140	SEGURO	VILA MARIA LUIZA	VILA MARIA LUIZA	3	3	0	100.0	1	VILA MARIA LUIZA (3)
74720160	SEGURO	VILA MARIA LUIZA	VILA MARIA LUIZA	2	2	0	100.0	1	VILA MARIA LUIZA (2)
74720170	SEGURO	VILA MARIA LUIZ	VILA MARIA LUIZ	1	1	0	100.0	1	VILA MARIA LUIZ (1)
74720180	SEGURO	VILA MARIA LUIZA	VILA MARIA LUIZA	2	2	0	100.0	1	VILA MARIA LUIZA (2)
74720200	BLOQUEADO	VILA MARIA LUIZA	VILA MARIA LUIZA	5	4	1	80.0	2	VILA MARIA LUIZA (4) | MARIA LUIZA (1)
74720210	SEGURO	VILA MARIA LUIZA	VILA MARIA LUIZA	4	3	1	100.0	1	VILA MARIA LUIZA (3) | Vila Maria Luiza (1)
74720220	SEGURO	VILA MARIA LUIZA	VILA MARIA LUIZA	1	1	0	100.0	1	VILA MARIA LUIZA (1)
74720240	SEGURO	VILA MARIA LUIZA	VILA MARIA LUIZA	2	2	0	100.0	1	VILA MARIA LUIZA (2)
74720250	SEGURO	VILA MARIA LUIZA	VILA MARIA LUIZA	3	3	0	100.0	1	VILA MARIA LUIZA (3)
74720260	SEGURO	VILA MARIA LUIZA	VILA MARIA LUIZA	5	4	1	100.0	1	VILA MARIA LUIZA (4) | Vila Maria Luiza (1)
74720280	SEGURO	VILA MARIA LUIZA	VILA MARIA LUIZA	5	5	0	100.0	1	VILA MARIA LUIZA (5)
74723010	SEGURO	AGUA BRANCA	ÁGUA BRANCA	3	3	0	100.0	1	ÁGUA BRANCA (3)
74723035	SEGURO	JARDIM NOVO MUNDO	JARDIM NOVO MUNDO	1	1	0	100.0	1	JARDIM NOVO MUNDO (1)
74723060	SEGURO	AGUA BRANCA	AGUA BRANCA	1	1	0	100.0	1	AGUA BRANCA (1)
74723100	BLOQUEADO	AGUA BRANCA	ÁGUA BRANCA	2	1	1	50.0	2	ÁGUA BRANCA (1) | JARDIM BRASIL (1)
74723110	SEGURO	AGUA BRANCA	AGUA BRANCA	2	1	1	100.0	1	AGUA BRANCA (1) | ÁGUA BRANCA (1)
74723150	SEGURO	AGUA BRANCA	Água Branca	1	1	0	100.0	1	Água Branca (1)
74723180	SEGURO	AGUA BRANCA	ÁGUA BRANCA	1	1	0	100.0	1	ÁGUA BRANCA (1)
74723190	SEGURO	AGUA BRANCA	ÁGUA BRANCA	1	1	0	100.0	1	ÁGUA BRANCA (1)
74723200	SEGURO	AGUA BRANCA	ÁGUA BRANCA	3	3	0	100.0	1	ÁGUA BRANCA (3)
74723210	SEGURO	AGUA BRANCA	AGUA BRANCA	1	1	0	100.0	1	AGUA BRANCA (1)
74723230	SEGURO	AGUA BRANCA	ÁGUA BRANCA	2	1	1	100.0	1	ÁGUA BRANCA (1) | Água Branca (1)
74723240	SEGURO	AGUA BRANCA	ÁGUA BRANCA	1	1	0	100.0	1	ÁGUA BRANCA (1)
74723270	SEGURO	AGUA BRANCA	ÁGUA BRANCA	1	1	0	100.0	1	ÁGUA BRANCA (1)
74723280	SEGURO	AGUA BRANCA	AGUA BRANCA	1	1	0	100.0	1	AGUA BRANCA (1)
74723290	SEGURO	AGUA BRANCA	ÁGUA BRANCA	9	6	3	100.0	1	ÁGUA BRANCA (6) | AGUA BRANCA (2) | Água Branca (1)
74723300	SEGURO	AGUA BRANCA	ÁGUA BRANCA	3	2	1	100.0	1	ÁGUA BRANCA (2) | AGUA BRANCA (1)
74723310	SEGURO	AGUA BRANCA	ÁGUA BRANCA	1	1	0	100.0	1	ÁGUA BRANCA (1)
74723330	SEGURO	AGUA BRANCA	ÁGUA BRANCA	3	2	1	100.0	1	ÁGUA BRANCA (2) | AGUA BRANCA (1)
74723350	SEGURO	AGUA BRANCA	AGUA BRANCA	2	1	1	100.0	1	AGUA BRANCA (1) | ÁGUA BRANCA (1)
74730110	SEGURO	CONJUNTO RIVIERA	CONJUNTO RIVIERA	1	1	0	100.0	1	CONJUNTO RIVIERA (1)
74730120	SEGURO	CONJUNTO RIVIERA	Conjunto Riviera	3	2	1	100.0	1	Conjunto Riviera (2) | CONJUNTO RIVIERA (1)
74730130	SEGURO	CONJUNTO RIVIERA	Conjunto Riviera	1	1	0	100.0	1	Conjunto Riviera (1)
74730140	BLOQUEADO	CONJUNTO RIVIEIRA	CONJUNTO RIVIEIRA	2	1	1	50.0	2	CONJUNTO RIVIEIRA (1) | CONJUNTO RIVIERA (1)
74730150	SEGURO	CONJUNTO RIVIERA	CONJUNTO RIVIERA	1	1	0	100.0	1	CONJUNTO RIVIERA (1)
74730200	SEGURO	CONJUNTO RIVIERA	CONJUNTO RIVIERA	1	1	0	100.0	1	CONJUNTO RIVIERA (1)
74730210	SEGURO	CONJUNTO RIVIERA	Conjunto Riviera	1	1	0	100.0	1	Conjunto Riviera (1)
74730250	SEGURO	CONJUNTO RIVIERA	CONJUNTO RIVIERA	2	1	1	100.0	1	CONJUNTO RIVIERA (1) | Conjunto Riviera (1)
74730270	SEGURO	CONJUNTO RIVIERA	CONJUNTO RIVIERA	2	2	0	100.0	1	CONJUNTO RIVIERA (2)
74730280	SEGURO	CONJUNTO RIVIERA	CONJUNTO RIVIERA	1	1	0	100.0	1	CONJUNTO RIVIERA (1)
74730290	SEGURO	CONJUNTO RIVIERA	CONJUNTO RIVIERA	1	1	0	100.0	1	CONJUNTO RIVIERA (1)
74730320	SEGURO	JARDIM BRASIL	Jardim Brasil	2	1	1	100.0	1	Jardim Brasil (1) | JARDIM BRASIL (1)
74730330	SEGURO	JARDIM BRASIL	JARDIM BRASIL	1	1	0	100.0	1	JARDIM BRASIL (1)
74730350	SEGURO	JARDIM BRASIL	JARDIM BRASIL	1	1	0	100.0	1	JARDIM BRASIL (1)
74730360	SEGURO	JARDIM BRASIL	JARDIM BRASIL	2	1	1	100.0	1	JARDIM BRASIL (1) | Jardim Brasil (1)
74730370	SEGURO	JARDIM BRASIL	JARDIM BRASIL	2	2	0	100.0	1	JARDIM BRASIL (2)
74730420	SEGURO	JARDIM BRASIL	JARDIM BRASIL	1	1	0	100.0	1	JARDIM BRASIL (1)
74730435	SEGURO	JARDIM BRASIL	JARDIM BRASIL	1	1	0	100.0	1	JARDIM BRASIL (1)
74730440	SEGURO	JARDIM BRASIL	JARDIM BRASIL	3	2	1	100.0	1	JARDIM BRASIL (2) | Jardim Brasil (1)
74730460	SEGURO	JARDIM BRASIL	JARDIM BRASIL	2	1	1	100.0	1	JARDIM BRASIL (1) | Jardim Brasil (1)
74730500	SEGURO	SONHO VERDE	SONHO VERDE	1	1	0	100.0	1	SONHO VERDE (1)
74730505	SEGURO	SONHO VERDE	SONHO VERDE	1	1	0	100.0	1	SONHO VERDE (1)
74730510	SEGURO	RESIDENCIAL SONHO VERDE	RESIDENCIAL SONHO VERDE	1	1	0	100.0	1	RESIDENCIAL SONHO VERDE (1)
74730520	SEGURO	RESIDENCIAL SONHO VERDE	RESIDENCIAL SONHO VERDE	3	2	1	100.0	1	RESIDENCIAL SONHO VERDE (2) | Residencial Sonho Verde (1)
74730535	SEGURO	RESIDENCIAL SONHO VERDE	Residencial Sonho Verde	2	2	0	100.0	1	Residencial Sonho Verde (2)
74730560	SEGURO	RESIDENCIAL SONHO VERDE	Residencial Sonho Verde	1	1	0	100.0	1	Residencial Sonho Verde (1)
74734080	SEGURO	JARDIM CALIFORNIA	JARDIM CALIFORNIA	1	1	0	100.0	1	JARDIM CALIFORNIA (1)
74735010	SEGURO	JARDIM CALIFORNIA	JARDIM CALIFÓRNIA	4	2	2	100.0	1	JARDIM CALIFÓRNIA (2) | JARDIM CALIFORNIA (1) | Jardim Califórnia (1)
74735020	SEGURO	JARDIM CALIFORNIA	Jardim Califórnia	1	1	0	100.0	1	Jardim Califórnia (1)
74735060	SEGURO	JARDIM CALIFORNIA	JARDIM CALIFÓRNIA	1	1	0	100.0	1	JARDIM CALIFÓRNIA (1)
74735080	SEGURO	JARDIM CALIFORNIA	JARDIM CALIFÓRNIA	6	4	2	100.0	1	JARDIM CALIFÓRNIA (4) | JARDIM CALIFORNIA (1) | Jardim Califórnia (1)
74735100	SEGURO	JARDIM CALIFORNIA	JARDIM CALIFÓRNIA	1	1	0	100.0	1	JARDIM CALIFÓRNIA (1)
74735110	SEGURO	JARDIM CALIFORNIA	JARDIM CALIFORNIA	2	1	1	100.0	1	JARDIM CALIFORNIA (1) | JARDIM CALIFÓRNIA (1)
74735130	SEGURO	JARDIM CALIFORNIA	JARDIM CALIFÓRNIA	1	1	0	100.0	1	JARDIM CALIFÓRNIA (1)
74735150	SEGURO	JARDIM CALIFORNIA	JARDIM CALIFÓRNIA	4	3	1	100.0	1	JARDIM CALIFÓRNIA (3) | Jardim Califórnia (1)
74735170	SEGURO	JARDIM CALIFORNIA	JARDIM CALIFÓRNIA	4	2	2	100.0	1	JARDIM CALIFÓRNIA (2) | Jardim Califórnia (2)
74735190	SEGURO	JARDIM CALIFORNIA	Jardim Califórnia	1	1	0	100.0	1	Jardim Califórnia (1)
74735320	SEGURO	RESIDENCIAL OLINDA	RESIDENCIAL OLINDA	1	1	0	100.0	1	RESIDENCIAL OLINDA (1)
74735340	SEGURO	RESIDENCIAL OLINDA	Residencial Olinda	1	1	0	100.0	1	Residencial Olinda (1)
74735360	SEGURO	RESIDENCIAL OLINDA	Residencial Olinda	1	1	0	100.0	1	Residencial Olinda (1)
74735370	SEGURO	RESIDENCIAL OLINDA	RESIDENCIAL OLINDA	2	2	0	100.0	1	RESIDENCIAL OLINDA (2)
74735400	SEGURO	RESIDENCIAL OLINDA	RESIDENCIAL OLINDA	4	4	0	100.0	1	RESIDENCIAL OLINDA (4)
74735410	SEGURO	RESIDENCIAL OLINDA	RESIDENCIAL OLINDA	1	1	0	100.0	1	RESIDENCIAL OLINDA (1)
74735440	SEGURO	RESIDENCIAL OLINDA	RESIDENCIAL OLINDA	1	1	0	100.0	1	RESIDENCIAL OLINDA (1)
74735465	SEGURO	RESIDENCIAL VALE DO ARAGUIA	RESIDENCIAL VALE DO ARAGUIA	1	1	0	100.0	1	RESIDENCIAL VALE DO ARAGUIA (1)
74735500	SEGURO	RESIDENCIAL VALE DO ARAGUAIA	RESIDENCIAL VALE DO ARAGUAIA	2	2	0	100.0	1	RESIDENCIAL VALE DO ARAGUAIA (2)
74735525	SEGURO	RESIDENCIAL VALE DO ARAGUAIA	RESIDENCIAL VALE DO ARAGUAIA	1	1	0	100.0	1	RESIDENCIAL VALE DO ARAGUAIA (1)
74735545	SEGURO	RESIDENCIAL VALE DO ARAGUAIA	RESIDENCIAL VALE DO ARAGUAIA	1	1	0	100.0	1	RESIDENCIAL VALE DO ARAGUAIA (1)
74735560	SEGURO	RESIDENCIAL VALE DO ARAGUAIA	Residencial Vale do Araguaia	1	1	0	100.0	1	Residencial Vale do Araguaia (1)
74735586	SEGURO	RESIDENCIAL VALE DO ARAGUAIA	Residencial Vale do Araguaia	1	1	0	100.0	1	Residencial Vale do Araguaia (1)
74735590	SEGURO	RESIDENCIAL VALE DO ARAGUAIA	RESIDENCIAL VALE DO ARAGUAIA	1	1	0	100.0	1	RESIDENCIAL VALE DO ARAGUAIA (1)
74735651	SEGURO	VILA MARTINS EXTENSAO	VILA MARTINS EXTENSÃO	1	1	0	100.0	1	VILA MARTINS EXTENSÃO (1)
74735658	SEGURO	VILA MARTINS EXTENSAO	VILA MARTINS EXTENSÃO	1	1	0	100.0	1	VILA MARTINS EXTENSÃO (1)
74740100	SEGURO	CONJUNTO ARUANA I	CONJUNTO ARUANA I	1	1	0	100.0	1	CONJUNTO ARUANA I (1)
74740180	BLOQUEADO	CONJUNTO ARUANA I	CONJUNTO ARUANA I	2	1	1	50.0	2	CONJUNTO ARUANA I (1) | CONJUNTO RESIDENCIAL ARUANÃ I (1)
74740200	SEGURO	CONJUNTO RESIDENCIAL ARUANA I	CONJUNTO RESIDENCIAL ARUANÃ I	1	1	0	100.0	1	CONJUNTO RESIDENCIAL ARUANÃ I (1)
74740250	SEGURO	CONJUNTO ARUANA I	CONJUNTO ARUANA I	1	1	0	100.0	1	CONJUNTO ARUANA I (1)
74740280	SEGURO	ARUANA PARK	ARUANÃ PARK	1	1	0	100.0	1	ARUANÃ PARK (1)
74740310	SEGURO	CONJUNTO RESIDENCIAL ARUANA II	Conjunto Residencial Aruanã II	1	1	0	100.0	1	Conjunto Residencial Aruanã II (1)
74740350	SEGURO	VALE DO ARAGUAIA	VALE DO ARAGUAIA	1	1	0	100.0	1	VALE DO ARAGUAIA (1)
74740440	BLOQUEADO	CONJUNTO RESIDENCIAL ARUANA III	CONJUNTO RESIDENCIAL ARUANÃ III	2	1	1	50.0	2	CONJUNTO RESIDENCIAL ARUANÃ III (1) | RESIDENCIAL ARUANÃ III (1)
74740510	SEGURO	PARQUE SANTA MARIA	PARQUE SANTA MARIA	4	3	1	100.0	1	PARQUE SANTA MARIA (3) | Parque Santa Maria (1)
74740520	SEGURO	JARDIM BRASIL	JARDIM BRASIL	3	3	0	100.0	1	JARDIM BRASIL (3)
74740530	SEGURO	JARDIM BRASIL	Jardim Brasil	2	2	0	100.0	1	Jardim Brasil (2)
74740545	SEGURO	JARDIM BRASIL	JARDIM BRASIL	1	1	0	100.0	1	JARDIM BRASIL (1)
74740550	SEGURO	JARDIM BRASIL	Jardim Brasil	1	1	0	100.0	1	Jardim Brasil (1)
74740570	SEGURO	JARDIM BRASIL	JARDIM BRASIL	1	1	0	100.0	1	JARDIM BRASIL (1)
74740623	SEGURO	ARUANA PARK	ARUANÃ PARK	1	1	0	100.0	1	ARUANÃ PARK (1)
74740625	SEGURO	LOTEAMENTO ARUANA PARK	Loteamento Aruanã Park	1	1	0	100.0	1	Loteamento Aruanã Park (1)
74740740	SEGURO	SAO JOSE	SETOR SAO JOSE	1	1	0	100.0	1	SETOR SAO JOSE (1)
74743530	SEGURO	VILA MUTIRAO	VILA MUTIRÃO	2	2	0	100.0	1	VILA MUTIRÃO (2)
74744004	SEGURO	JARDIM COLORADO	JARDIM COLORADO	1	1	0	100.0	1	JARDIM COLORADO (1)
74744083	SEGURO	SAO CARLOS	SÃO CARLOS	1	1	0	100.0	1	SÃO CARLOS (1)
74746455	SEGURO	JARDIM COLORADO	JARDIM COLORADO	1	1	0	100.0	1	JARDIM COLORADO (1)
74747011	SEGURO	JARDIM COLORADO	JARDIM COLORADO	1	1	0	100.0	1	JARDIM COLORADO (1)
74750490	SEGURO	CAPUAVA	CAPUAVA	1	1	0	100.0	1	CAPUAVA (1)
74769765	SEGURO	JARDIM NOVO MUNDO	JARDIM NOVO MUNDO	1	1	0	100.0	1	JARDIM NOVO MUNDO (1)
74770304	SEGURO	VILA CONCORDIA	VILA CONCÓRDIA	1	1	0	100.0	1	VILA CONCÓRDIA (1)
74771514	SEGURO	JARDIM NOVO MUNDO	JARDIM NOVO MUNDO	1	1	0	100.0	1	JARDIM NOVO MUNDO (1)
74785590	SEGURO	RECANTO DAS MINAS GERAIS	SETOR RECANTO DAS MINAS GERAIS	1	1	0	100.0	1	SETOR RECANTO DAS MINAS GERAIS (1)
74805100	BLOQUEADO	JARDIM NOVA ESPERANCA	JARDIM NOVA ESPERANÇA	12	3	9	25.0	7	JARDIM NOVA ESPERANÇA (3) | JARDIM NOVO MUNDO (3) | ALBINO BOAVENTURA (1) | CAPUAVA (1) | JARDIM CURITIBA IV (1) | RESIDENCIAL FORTALEZA (1) | VILA MUTIRÃO (1) | VILA MUTIRAO (1)
74805180	BLOQUEADO	JARDIM NOVO MUNDO	JARDIM NOVO MUNDO	2	1	1	50.0	2	JARDIM NOVO MUNDO (1) | JARDIM VISTA BELA (1)
74810030	SEGURO	JARDIM GOIAS	JARDIM GOIÁS	1	1	0	100.0	1	JARDIM GOIÁS (1)
74810150	SEGURO	AGUA BRANCA	AGUA BRANCA	1	1	0	100.0	1	AGUA BRANCA (1)
74850580	BLOQUEADO	PARQUE TREMENDAO	PARQUE TREMENDÃO	2	1	1	50.0	2	PARQUE TREMENDÃO (1) | VALE DOS CARAIBAS (1)
74860036	SEGURO	JARDIM VISTA BELA	JARDIM VISTA BELA	1	1	0	100.0	1	JARDIM VISTA BELA (1)
74860470	SEGURO	JARDIM VISTA BELA	JARDIM VISTA BELA	1	1	0	100.0	1	JARDIM VISTA BELA (1)
74885532	SEGURO	DA VITORIA	BAIRRO DA VITÓRIA	1	1	0	100.0	1	BAIRRO DA VITÓRIA (1)
74885580	SEGURO	DA VITORIA	BAIRRO DA VITÓRIA	1	1	0	100.0	1	BAIRRO DA VITÓRIA (1)
74911430	SEGURO	VILA BRASILIA	Vila Brasília	1	1	0	100.0	1	Vila Brasília (1)
74916040	SEGURO	JARDIM NOVA ESPERANCA	JARDIM NOVA ESPERANÇA	1	1	0	100.0	1	JARDIM NOVA ESPERANÇA (1)
74944540	SEGURO	JARDIM BURITI SERENO	JARDIM BURITI SERENO	1	1	0	100.0	1	JARDIM BURITI SERENO (1)
74980110	SEGURO	JARDIM NOVA ESPERANCA	JARDIM NOVA ESPERANÇA	1	1	0	100.0	1	JARDIM NOVA ESPERANÇA (1)
75000000	BLOQUEADO	JARDIM NOVA ESPERANCA	JARDIM NOVA ESPERANÇA	6	3	3	50.0	4	JARDIM NOVA ESPERANÇA (3) | 14 BIS (1) | JARDIM LIBERDADE (1) | SÃO CARLOS (1)
75255430	SEGURO	JARDIM NOVO MUNDO	JARDIM NOVO MUNDO	1	1	0	100.0	1	JARDIM NOVO MUNDO (1)
75255830	SEGURO	JARDIM LIBERDADE	JARDIM LIBERDADE	1	1	0	100.0	1	JARDIM LIBERDADE (1)
75475575	SEGURO	JARDIM LIBERDADE	JARDIM LIBERDADE	1	1	0	100.0	1	JARDIM LIBERDADE (1)
75555554	SEGURO	ALBINO BOAVENTURA	ALBINO BOAVENTURA	1	1	0	100.0	1	ALBINO BOAVENTURA (1)
75580800	SEGURO	RESIDENCIAL ITAMARACA	RESIDENCIAL ITAMARACA	1	1	0	100.0	1	RESIDENCIAL ITAMARACA (1)
75583100	SEGURO	MARIA DILCE	MARIA DILCE	1	1	0	100.0	1	MARIA DILCE (1)
75712460	BLOQUEADO	SAO JOSE	SETOR SAO JOSE	2	1	1	50.0	2	SETOR SAO JOSE (1) | VILA SÃO JOSÉ (1)
76465300	SEGURO	JARDIM NOVA ESPERANCA	JARDIM NOVA ESPERANCA	1	1	0	100.0	1	JARDIM NOVA ESPERANCA (1)
76630000	SEGURO	JARDIM CABRAL	JARDIM CABRAL	1	1	0	100.0	1	JARDIM CABRAL (1)
77447702	SEGURO	DA VITORIA	BAIRRO DA VITORIA	1	1	0	100.0	1	BAIRRO DA VITORIA (1)
77465170	SEGURO	JARDIM NOVA ESPERANCA	JARDIM NOVA ESPERANÇA	1	1	0	100.0	1	JARDIM NOVA ESPERANÇA (1)
77710200	SEGURO	JARDIM NOVO MUNDO	JARDIM NOVO MUNDO	1	1	0	100.0	1	JARDIM NOVO MUNDO (1)
78805180	SEGURO	JARDIM NOVA ESPERANCA	JARDIM NOVA ESPERANÇA	1	1	0	100.0	1	JARDIM NOVA ESPERANÇA (1)
88370888	SEGURO	NAVEGANTES SC	NAVEGANTES SC	1	1	0	100.0	1	NAVEGANTES SC (1)
92265185	SEGURO	VILA JOAO VAZ	VILA JOAO VAZ	1	1	0	100.0	1	VILA JOAO VAZ (1)
92990000	SEGURO	INDUSTRIAL	INDUSTRIAL	1	1	0	100.0	1	INDUSTRIAL (1)
