CEP	BAIRRO_PADRAO_CANDIDATO	CLIENTES	SITUACAO	VARIACOES_OU_FAMILIAS
03387020	JARDIM COLORADO	1	AUTO	JARDIM COLORADO (1)
12174465	JARDIM NOVA ESPERANCA	1	AUTO	JARDIM NOVA ESPERANÇA (1)
12929662	VILA MARIA JOSE	1	AUTO	VILA MARIA JOSÉ (1)
14580535	PROGRESSO	1	AUTO	SETOR PROGRESSO (1)
47744120	JARDIM DAS HORTENCIAS	1	AUTO	JARDIM DAS HORTENCIAS (1)
49980000	CENTRO	1	AUTO	CENTRO (1)
53401010	CENTRO	1	AUTO	Centro (1)
55192110	CENTRO	2	AUTO	CENTRO (2)
57200000	CENTRO	3	REVISAR	CENTRO (2) | DOM COSTANTINO (1)
62993713	JARDIM NOVA ESPERANCA	1	AUTO	JARDIM NOVA ESPERANÇA (1)
66147446	NOROESTE	1	AUTO	SETOR NOROESTE (1)
69074660	JARDIM LIBERDADE	1	AUTO	JARDIM LIBERDADE (1)
70000000	JARDIM COLORADO	12	REVISAR	JARDIM COLORADO (2) | VILA SAO JOSE (2) | CANDIDA DE MORAIS (1) | JARDIM HELLOU (1) | PROGRESSO (1) | JARDIM NOVO MUNDO (1) | VILA MARIA DILCE (1) | VILA MUTIRAO 1 (1) | JARDIM DAS HORTENCIAS (1) | MORADA DO SOL (1)
70470517	JARDIM NOVO MUNDO	1	AUTO	JARDIM NOVO MUNDO (1)
70713174	JARDIM NOVO MUNDO	1	AUTO	JARDIM NOVO MUNDO (1)
72460480	JARDIM CURITIBA IV	1	AUTO	JARDIM CURITIBA IV (1)
73463480	SANTOS DUMONT	1	AUTO	SANTOS DUMONT (1)
74000000	JARDIM NOVA ESPERANCA	4180	REVISAR	JARDIM NOVA ESPERANCA (612) | JARDIM NOVO MUNDO (405) | JARDIM COLORADO (341) | JARDIM LIBERDADE (283) | VILA MUTIRAO (246) | NOVO PLANALTO (195) | JARDIM DAS HORTENCIAS (181) | SANTOS DUMONT (165) | JARDIM CURITIBA IV (131) | MANSOES PARAISO (109) | JARDIM VISTA BELA (102) | CANDIDA DE MORAES (100) | VILA SAO JOSE (90) | VILA JOAO VAZ (69) | SAO CARLOS (68) | CAPUAVA (67) | DA VITORIA (52) | PARQUE TREMENDAO (50) | RESIDENCIAL FORTALEZA (43) | JARDIM PETROPOLIS (42) | VILA FINSOCIAL (42) | NOROESTE (40) | AEROVIARIO (40) | MARABA (39) | RESIDENCIAL PRIVE NORTE (38) | VILA REGINA (34) | RESIDENCIAL MARINGA (34) | NOVO MUNDO (31) | MORADA DO SOL (30) | RESIDENCIAL GREEN PARK (28) | ALBINO BOAVENTURA (27) | PERIM (26) | PROGRESSO (25) | JARDIM CLARISSA (22) | JARDIM HELLOU (20) | VILA CRISTINA (18) | JARDIM GRAMADO (17) | VILA MORAIS (17) | VILA MARIA DILCE (17) | BARRA DA TIJUCA (17) | VILA MARIA LUIZA (15) | JARDIM BONANZA (13) | CANDIDA DE MORAIS (13) | JARDIM CAMARGO (12) | RESIDENCIAL ITAMARACA (11) | RESIDENCIAL ANGLO (10) | AGUA BRANCA (9) | JD NOVA ESPERANCA (9) | ESPLANADA DO ANICUNS (8) | VILA MUTIRAO II (8) | RESIDENCIAL 14 BIS (8) | RESIDENCIAL HUGO DE MORAES (8) | SEVENE (7) | VALE DOS CARAIBAS (7) | SAO JOSE (6) | JARDIM BRASIL (6) | VISTA BELA (6) | VILA MARTINS (5) | RESIDENCIAL MANSOES PARAISO (4) | JD NOVO MUNDO (4) | PQ TREMENDAO (4) | EMPRESARIAL (3) | VILA ROMANA (3) | JD DAS HORTENCIAS (3) | VILA MUTIRAO I (3) | RESIDENCIAL VALE DO ARAGUAIA (3) | PARQUE INDUSTRIAL PAULISTA (3) | NOVA ESPERANCA (3) | CONJUNTO RIVIERA (3) | RESIDENCIAL ARUANA (2) | FINSOCIAL (2) | RESIDENCIAL ANGULO (2) | JARDIM CALIFORNIA (2) | RECREIO SAO JOAQUIM (2) | MANSOES ROSAS DE OURO (2) | JOAO VAZ (2) | JARDIM HELOU (2) | CHACARAS MANSOES ROSAS DE OURO (2) | JD COLORADO (2) | JARDIM CURITIBA II (2) | VALE DAS CARAIBAS (2) | VILA MORAIS NOVO MUNDO (1) | MARIA LUIZA (1) | CENTRO (1) | PARUE TREMENDAO (1) | COLORADO (1) | NOVO MUNDO II (1) | PQ INDUSTRIAL PAULISTA (1) | JD NOVO PETROPOLIS (1) | JARDIM CURITIBA I (1) | PARQUE MARACANA (1) | VILA CLEMENTE (1) | RESIDENCIAL ARAGUAIA (1) | CONDOMINIO PORTAL DAS HORTENCIAS (1) | CRIMEIA OESTE (1) | VILA MARTINS EXTENSAO NOVO MUNDO (1) | JARDIM NOVO PETROPOLIS (1) | VALE DO ARAGUAIA (1) | VILA MULTIRAO (1) | JARDIM COLORADO EXTECAO (1) | JARDIM NOVO MUNDO II (1) | CURITIBA I (1) | JARDIM NOVA ESPERANCAA (1) | CONDOMINIO RIO BRANCO (1) | JARDIM EMANUELE (1) | ESTRELA DALVA (1) | NOVO PLALNALTO (1) | JD CALIFORNIA (1) | JD LIBERDADE (1) | JARDIM LAGO AZUL (1) | JARDIM EMANUELY (1) | CAPUAVA RESIDENCIAL PRIVE (1) | JARDIM COLORADO EXTENSAO (1) | SAO MARCOS I (1) | PARQUE TREMEDAO (1) | RESIDENCIAL ALBINO BOAVENTURA (1) | RESIDENCIAL EMANUELE (1) | JARDIM CALIFONIA (1) | RESIDENCIAL BUENA VISTA 4 (1) | CH RECREIO SAO JOAQUIM (1) | JARDIM CURITIBA 04 (1) | JARDIM CURITIBA III (1) | JD CURITIBA (1) | JARDIM CURITIBA 1 (1) | RESIDENCIAL FLORESTA (1) | PARQUE INDUSTRIAL JOAO BRAZ (1) | JD EMANUELLE NOVO MUNDO (1)
74000197	JARDIM LIBERDADE	1	AUTO	JARDIM LIBERDADE (1)
74075120	AEROVIARIO	1	AUTO	SETOR AEROVIARIO (1)
74133090	DA VITORIA	1	AUTO	BAIRRO DA VITORIA (1)
74140000	JARDIM DAS HORTENCIAS	4	REVISAR	JARDIM DAS HORTENCIAS (1) | JARDIM COLORADO (1) | MORADA DO SOL (1) | MANSOES PARAISO (1)
74160200	JARDIM NOVA ESPERANCA	1	AUTO	JARDIM NOVA ESPERANÇA (1)
74175460	VILA MULTIDAO LL	1	AUTO	VILA MULTIDÃO LL (1)
74215030	JARDIM DAS HORTENCIAS	1	AUTO	JARDIM DAS HORTÊNCIAS (1)
74230903	CANDIDA DE MORAES	1	AUTO	CANDIDA DE MORAES (1)
74320440	VILA JOAO VAZ	1	AUTO	VILA JOAO VAZ (1)
74323065	CAPUAVA	1	AUTO	BAIRRO CAPUAVA (1)
74340500	JARDIM NOVA ESPERANCA	3	REVISAR	JARDIM NOVA ESPERANCA (2) | JARDIN NOVA ESPERANCA (1)
74353550	PARQUE SANTA RITA	1	AUTO	PARQUE SANTA RITA (1)
74354608	JARDIM CARAVELAS	1	AUTO	JARDIM CARAVELAS (1)
74354612	JARDIM CARAVELAS	1	AUTO	JARDIM CARAVELAS (1)
74354616	JARDIM CARAVELAS	1	AUTO	JARDIM CARAVELAS (1)
74354618	JARDIM CARAVELA	1	AUTO	JARDIM CARAVELA (1)
74354632	JARDIM CARAVELAS	2	REVISAR	JARDIM CARAVELAS (1) | JARDIM CARAVELAS 1 ETAPA (1)
74354636	JARDM CARAVELAS	2	REVISAR	JARDM CARAVELAS (1) | JARDIM CRAVELAS (1)
74354640	JARDIM CARAVELAS	2	REVISAR	JARDIM CARAVELAS (1) | CARAVELAS (1)
74354643	JARDIM CARAVELAS	1	AUTO	JARDIM CARAVELAS (1)
74354647	JARDIM CARAVELAS	1	AUTO	JARDIM CARAVELAS (1)
74354665	JARDIM CARAVELAS	1	AUTO	JARDIM CARAVELAS (1)
74354676	JARDIM CARAVELAS	1	AUTO	JARDIM CARAVELAS (1)
74354814	VILA SAO JOSE	1	AUTO	Vila são José (1)
74356285	RESIDENCIAL SANTA FE	1	AUTO	RESIDENCIAL SANTA FÉ (1)
74370150	RIO FORMOSO	1	AUTO	SETOR RIO FORMOSO (1)
74370220	RIO FORMOSO	1	AUTO	SETOR RIO FORMOSO (1)
74370489	SANTA RITA VII	1	AUTO	SETOR SANTA RITA VII (1)
74370520	SANTA RITA VII	1	AUTO	SETOR SANTA RITA VII (1)
74370601	RESIDENCIAL CANADA	1	AUTO	RESIDENCIAL CANADÁ (1)
74370612	RESIDENCIAL CANADA	1	AUTO	RESIDENCIAL CANADÁ (1)
74370613	RESIDENCIAL CANADA	1	AUTO	RESIDENCIAL CANÁDA (1)
74370645	RESIDENCIAL VEREDAS DOS BURITIS	1	AUTO	RESIDENCIAL VEREDAS DOS BURITIS (1)
74370663	RESIDENCIAL VEREDA DOS BURITIS	1	AUTO	RESIDENCIAL VEREDA DOS BURITIS (1)
74370675	RESIDENCIAL VEREDA DOS BURITIS	1	AUTO	RESIDENCIAL VEREDA DOS BURITIS (1)
74370684	RESIDENCIAL VEREDA DOS BURITIS	1	AUTO	RESIDENCIAL VEREDA DOS BURITIS (1)
74370702	RESIDENCIAL FORTEVILLE	1	AUTO	RESIDENCIAL FORTEVILLE (1)
74370707	RESIDENCIAL FORTEVILLE	1	AUTO	RESIDENCIAL FORTEVILLE (1)
74370766	RESIDENCIAL SANTA RITA 4 ETAPA	1	AUTO	RESIDENCIAL SANTA RITA - 4ª ETAPA (1)
74371070	RESIDENCIAL ELI FORTE	1	AUTO	RESIDENCIAL ELI FORTE (1)
74371135	RESIDENCIAL TALISMA	1	AUTO	RESIDENCIAL TALISMA (1)
74371350	MOINHO DOS VENTOS	1	AUTO	MOINHO DOS VENTOS (1)
74371390	MOINHO DOS VENTOS	1	AUTO	MOINHO DOS VENTOS (1)
74371435	LOTEAMENTO MOINHO DOS VENTOS	1	AUTO	LOTEAMENTO MOINHO DOS VENTOS (1)
74371812	RESIDENCIAL RECANTO DAS EMAS	1	AUTO	RESIDENCIAL RECANTO DAS EMAS (1)
74372093	RESIDENCIAL FIDELIS	1	AUTO	RESIDENCIAL FIDELIS (1)
74373210	LOTEAMENTO CELINA PARK	1	AUTO	LOTEAMENTO CELINA PARK (1)
74375030	PARQUE OESTE INDUSTRIAL	2	AUTO	PARQUE OESTE INDUSTRIAL (2)
74375040	PARQUE OESTE INDUSTRIAL	2	AUTO	PARQUE OESTE INDUSTRIAL (2)
74375110	PARQUE OESTE INDUSTRIAL	2	REVISAR	PARQUE OESTE INDUSTRIAL (1) | GOIA (1)
74375150	PARQUE OESTE INDUSTRIAL	1	AUTO	PARQUE OESTE INDUSTRIAL (1)
74375180	PARQUE OESTE INDUSTRIAL	2	AUTO	PARQUE OESTE INDUSTRIAL (2)
74375280	PARQUE OESTE INDUSTRIAL	1	AUTO	PARQUE OESTE INDUSTRIAL (1)
74375300	PARQUE OESTE INDUSTRIAL	1	AUTO	PARQUE OESTE INDUSTRIAL (1)
74375495	PARQUE OESTE INDUSTRIAL	2	AUTO	PARQUE OESTE INDUSTRIAL (2)
74375629	RESIDENCIAL PARQUE OESTE	2	AUTO	RESIDENCIAL PARQUE OESTE (2)
74375740	PARQUE OESTE INDUSTRIAL	1	AUTO	PARQUE OESTE INDUSTRIAL (1)
74390086	JARDIM BOTANICO	1	AUTO	JARDIM BOTÂNICO (1)
74390090	JARDIM BOT NICO	1	AUTO	JARDIM BOT NICO (1)
74390100	JARDIM BOTANICO	1	AUTO	JARDIM BOTÂNICO (1)
74390150	JARDIM BOTANICO	1	AUTO	JARDIM BOTÂNICO (1)
74390220	JARDIM BOTANICO	2	AUTO	JARDIM BOTANICO (2)
74390225	JARDIM BOTANICO	1	AUTO	JARDIM BOTÂNICO (1)
74390235	CONDOMINIO RIO BRANCO	1	AUTO	CONDOMINIO RIO BRANCO (1)
74390260	CONDOMINIO RIO BRANCO	1	AUTO	CONDOMÍNIO RIO BRANCO (1)
74390350	CONDOMINIO RIO BRANCO	1	AUTO	CONDOMÍNIO RIO BRANCO (1)
74390372	RESIDENCIAL DELLA PENNA	1	AUTO	RESIDENCIAL DELLA PENNA (1)
74390375	RESIDENCIAL DELLA PENNA	2	AUTO	RESIDENCIAL DELLA PENNA (2)
74390378	RESIDENCIAL DELLA PENNA	1	AUTO	RESIDENCIAL DELLA PENNA (1)
74390390	JARDIM BOTANICO	1	AUTO	JARDIM BOTANICO (1)
74390430	JARDIM BOT NICO	1	AUTO	JARDIM BOT NICO (1)
74390460	JARDIM BOTANICO	1	AUTO	JARDIM BOTÂNICO (1)
74390490	JARDIM BOTANICO	1	AUTO	JARDIM BOTÂNICO (1)
74390610	VILA RIZZO	1	AUTO	VILA RIZZO (1)
74390669	VILA RIZZO	1	AUTO	Vila Rizzo (1)
74391020	JARDIM MARQUES DE ABREU	3	AUTO	JARDIM MARQUES DE ABREU (3)
74391030	JARDIM MARQUES DE ABREU	1	AUTO	JARDIM MARQUES DE ABREU (1)
74391110	JARDIM MARQUES DE ABREU	1	AUTO	JARDIM MARQUES DE ABREU (1)
74391150	JARDIM MARQUES DE ABREU	1	AUTO	JARDIM MARQUES DE ABREU (1)
74391190	JARDIM MARQUES DE ABREU	1	AUTO	JARDIM MARQUES DE ABREU (1)
74391250	JARDIM ARITANA	1	AUTO	JARDIM ARITANA (1)
74391520	LORENA PARK	1	AUTO	LORENA PARK (1)
74392070	JARDIM ELI FORTE	2	AUTO	JARDIM ELI FORTE (2)
74392115	CHACARAS ANHANGUERA	1	AUTO	Chácaras Anhanguera (1)
74393140	RECREIO DOS FUNCIONARIOS PUBLICOS	1	AUTO	RECREIO DOS FUNCIONARIOS PUBLICOS (1)
74393360	PARQUE SANTA RITA	1	AUTO	PARQUE SANTA RITA (1)
74393375	RESIDENCIAL SOLAR BOUGAINVILLE	1	AUTO	RESIDENCIAL SOLAR BOUGAINVILLE (1)
74393392	PARQUE SANTA RITA	1	AUTO	PARQUE SANTA RITA (1)
74393400	PARQUE SANTA RITA	1	AUTO	PARQUE SANTA RITA (1)
74393415	PARQUE SANTA RITA	1	AUTO	PARQUE SANTA RITA (1)
74393460	PARQUE SANTA RITA	1	AUTO	PARQUE SANTA RITA (1)
74393530	PARQUE SANTA RITA	1	AUTO	PARQUE SANTA RITA (1)
74393550	PARQUE SANTA RITA	1	AUTO	PARQUE SANTA RITA (1)
74393560	PARQUE SANTA RITA	1	AUTO	PARQUE SANTA RITA (1)
74393570	PARQUE SANTA RITA	1	AUTO	PARQUE SANTA RITA (1)
74393600	LOTEAMENTO ALPHAVILLE RESIDENCIAL	1	AUTO	LOTEAMENTO ALPHAVILLE RESIDENCIAL (1)
74393660	LOTEAMENTO ALPHAVILLE RESIDENCIAL	1	AUTO	LOTEAMENTO ALPHAVILLE RESIDENCIAL (1)
74393670	LOTEAMENTO ALPHAVILLE RESIDENCIAL	2	AUTO	LOTEAMENTO ALPHAVILLE RESIDENCIAL (2)
74393680	LOTEAMENTO ALPHAVILLE RESIDENCIAL	2	AUTO	LOTEAMENTO ALPHAVILLE RESIDENCIAL (2)
74393700	LOTEAMENTO ALPHAVILLE RESIDENCIAL	2	AUTO	LOTEAMENTO ALPHAVILLE RESIDENCIAL (2)
74393740	LOTEAMENTO ALPHAVILLE RESIDENCIAL	1	AUTO	LOTEAMENTO ALPHAVILLE RESIDENCIAL (1)
74393800	LOTEAMENTO ALPHAVILLE RESIDENCIAL	1	AUTO	LOTEAMENTO ALPHAVILLE RESIDENCIAL (1)
74393810	LOTEAMENTO ALPHAVILLE RESIDENCIAL	1	AUTO	LOTEAMENTO ALPHAVILLE RESIDENCIAL (1)
74393820	LOTEAMENTO ALPHAVILLE RESIDENCIAL	2	REVISAR	LOTEAMENTO ALPHAVILLE RESIDENCIAL (1) | RESIDENCIAL ALPHAVILLE (1)
74394029	JARDIM ALPHAVILLE	1	AUTO	JARDIM ALPHAVILLE (1)
74394155	JARDIM ALPHAVILLE	1	AUTO	JARDIM ALPHAVILLE (1)
74394200	RESIDENCIAL BUENA VISTA I	1	AUTO	RESIDENCIAL BUENA VISTA I (1)
74394205	RESIDENCIAL BUENA VISTA I	6	AUTO	RESIDENCIAL BUENA VISTA I (6)
74394210	RESIDENCIAL BUENA VISTA I	2	AUTO	RESIDENCIAL BUENA VISTA I (2)
74394215	RESIDENCIAL BUENA VISTA I	1	AUTO	RESIDENCIAL BUENA VISTA I (1)
74394220	RESIDENCIAL BUENA VISTA I	1	AUTO	RESIDENCIAL BUENA VISTA I (1)
74394225	RESIDENCIAL BUENA VISTA I	5	REVISAR	RESIDENCIAL BUENA VISTA I (4) | RESIDENCIALBUENA VISTA I (1)
74394230	RESIDENCIAL BUENA VISTA I	2	REVISAR	RESIDENCIAL BUENA VISTA I (1) | RESI8DENCIAL BUENA VISTA I (1)
74394235	RESIDENCIAL BUENA VISTA I	4	AUTO	RESIDENCIAL BUENA VISTA I (4)
74394240	RESIENCIAL BUENA VISTA I	2	REVISAR	RESIENCIAL BUENA VISTA I (1) | RESIDENCIAL BUENA VISTA I (1)
74394245	RESIDENCIAL BUENA VISTA I	2	AUTO	RESIDENCIAL BUENA VISTA I (2)
74394250	RESIDENCIAL BUENA VISTA I	1	AUTO	Residencial Buena Vista I (1)
74394260	RESIDENCIAL BUENA VISTA I	1	AUTO	RESIDENCIAL BUENA VISTA I (1)
74394335	RESIDENCIAL BUENA VISTA II	1	AUTO	RESIDENCIAL BUENA VISTA II (1)
74394345	RESIDENCIAL BUENA VISTA II	1	AUTO	RESIDENCIAL BUENA VISTA II (1)
74394355	RESIDENCIAL BUENA VISTA III	1	AUTO	RESIDENCIAL BUENA VISTA III (1)
74394395	RESIDENCIAL BUENA VISTA III	1	AUTO	RESIDENCIAL BUENA VISTA III (1)
74394400	RESIDENCIAL BUENA VISTA III	1	AUTO	RESIDENCIAL BUENA VISTA III (1)
74394405	RESIDENCIAL BUENA VISTA III	2	AUTO	RESIDENCIAL BUENA VISTA III (2)
74394410	RESIDENCIAL BUENA VISTA III	3	AUTO	RESIDENCIAL BUENA VISTA III (3)
74394415	RESIDENCIAL BUENA VISTA III	2	AUTO	RESIDENCIAL BUENA VISTA III (2)
74394420	RESIDENCIAL BUENA VISTA III	3	AUTO	RESIDENCIAL BUENA VISTA III (3)
74394430	RESIDENCIAL BUENA VISTA III	4	AUTO	RESIDENCIAL BUENA VISTA III (4)
74394435	RESIDENCIAL BUENA VISTA III	2	AUTO	RESIDENCIAL BUENA VISTA III (2)
74394470	RESIDENCIAL BUENA VISTA III	1	AUTO	RESIDENCIAL BUENA VISTA III (1)
74394475	RESIDENCIAL BUENA VISTA III	1	AUTO	RESIDENCIAL BUENA VISTA III (1)
74394480	RESIDENCIAL BUENA VISTA III	1	AUTO	RESIDENCIAL BUENA VISTA III (1)
74394500	RESIDENCIAL BUENA VISTA IV	1	AUTO	RESIDENCIAL BUENA VISTA IV (1)
74394520	RESIDENCIAL BUENA VISTA IV	2	AUTO	RESIDENCIAL BUENA VISTA IV (2)
74394525	RESIDENCIAL BUENA VISTA IV	2	AUTO	RESIDENCIAL BUENA VISTA IV (2)
74394535	RESIDENCIAL BUENA VISTA IV	1	AUTO	RESIDENCIAL BUENA VISTA IV (1)
74394555	RESIDENCIAL BUENA VISTA IV	1	AUTO	RESIDENCIAL BUENA VISTA IV (1)
74394600	RESIDENCIAL BUENA VISTA IV	1	AUTO	RESIDENCIAL BUENA VISTA IV (1)
74394605	RESIDENCIAL BUENA VISTA IV	1	AUTO	RESIDENCIAL BUENA VISTA IV (1)
74394615	RESIDENCIAL BUENA VISTA IV	1	AUTO	RESIDENCIAL BUENA VISTA IV (1)
74394620	RESIDENCIAL BUENA VISTA IV	3	REVISAR	RESIDENCIAL BUENA VISTA IV (2) | BUENA VISTA IV (1)
74394630	RESIDENCIAL BUENA VISTA IV	1	AUTO	RESIDENCIAL BUENA VISTA IV (1)
74394635	RESIDENCIAL BUENA VISTA IV	2	AUTO	RESIDENCIAL BUENA VISTA IV (2)
74394640	RESIDENCIAL BUENA VISTA IV	1	AUTO	RESIDENCIAL BUENA VISTA IV (1)
74394655	RESIDENCIAL BUENA VISTA IV	1	AUTO	RESIDENCIAL BUENA VISTA IV (1)
74394660	RESIDENCIAL BUENA VISTA IV	3	AUTO	RESIDENCIAL BUENA VISTA IV (3)
74394705	JARDIM GARDENIA	1	AUTO	JARDIM GARDÊNIA (1)
74395003	VILLAGE SANTA RITA	1	AUTO	VILLAGE SANTA RITA (1)
74395006	VILLAGE SANTA RITA	1	AUTO	VILLAGE SANTA RITA (1)
74395030	SOLAR SANTA RITA	1	AUTO	SETOR SOLAR SANTA RITA (1)
74395032	SOLAR SANTA RITA	2	AUTO	SETOR SOLAR SANTA RITA (2)
74395038	SOLAR SANTA RITA	1	AUTO	SETOR SOLAR SANTA RITA (1)
74395040	SOLAR SANTA RITA	1	AUTO	SETOR SOLAR SANTA RITA (1)
74395046	SOLAR SANTA RITA	1	AUTO	SETOR SOLAR SANTA RITA (1)
74395050	SOLAR SANTA RITA	4	AUTO	SETOR SOLAR SANTA RITA (4)
74395056	SOLAR SANTA RITA	1	AUTO	SETOR SOLAR SANTA RITA (1)
74395105	RESIDENCIAL VILLAGE SANTA RITA I	1	AUTO	RESIDENCIAL VILLAGE SANTA RITA I (1)
74395210	RESIDENCIAL VILLAGE SANTA RITA III	1	AUTO	RESIDENCIAL VILLAGE SANTA RITA III (1)
74395250	RESIDENCIAL KATIA	1	AUTO	RESIDENCIAL KÁTIA (1)
74395510	RESIDENCIAL SANTA FE I	1	AUTO	RESIDENCIAL SANTA FE I (1)
74395780	JARDIM EMANUELY	2	AUTO	JARDIM EMANUELY (2)
74400000	JARDIM NOVO MUNDO	63	REVISAR	JARDIM NOVO MUNDO (13) | JARDIM COLORADO (10) | JARDIM NOVA ESPERANCA (6) | JARDIM CURITIBA IV (4) | JARDIM DAS HORTENCIAS (3) | VILA JOAO VAZ (2) | NOVO PLANALTO (2) | VILA CRISTINA CONTINUACAO (2) | MANSOES PARAISO (2) | JARDIM VISTA BELA (1) | JARDIM GRAMADO (1) | CANDIDA DE MORAIS (1) | ESTRELA DALVA (1) | JARDIM LIBERDADE (1) | MORADA DO SOL (1) | VILA MUTIRAO (1) | NOROESTE (1) | VILA ROMANA (1) | PARQUE INDUSTRIAL PAULISTA (1) | JARDIM PETROPOLIS (1) | VILA REGINA (1) | RESIDENCIAL FORTALEZA (1) | SANTOS DUMONT (1) | CONJUNTO RESIDENCIAL ARUANA III (1) | VILA MARTINS (1) | DA VITORIA (1) | CAPUAVA (1) | JARDIM NOVO PETROPOLIS (1)
74408098	JARDIM DAS HORTENCIAS	1	AUTO	JARDIM DAS HORTÊNCIAS (1)
74410010	NOVO MUNDO	1	AUTO	NOVO MUNDO (1)
74410090	JARDIM NOVO MUNDO	1	AUTO	JARDIM NOVO MUNDO (1)
74410400	JARDIM NOVO MUNDO	1	AUTO	JARDIM NOVO MUNDO (1)
74413630	VILA FINSOCIAL	1	AUTO	VILA FINSOCIAL (1)
74420010	VILA SANTA RITA	3	AUTO	VILA SANTA RITA (3)
74420455	SOLANGE PARK 1	1	AUTO	SOLANGE PARK 1 (1)
74423160	SANTOS DUMONT	1	AUTO	SANTOS DUMONT (1)
74423543	CIDADE JARDIM	1	AUTO	CIDADE JARDIM (1)
74425115	MORADA DO SOL	1	AUTO	MORADA DO SOL (1)
74425430	JARDIM NOVO MUNDO	1	AUTO	JARDIM NOVO MUNDO (1)
74430380	NOVO PLANALTO	1	AUTO	NOVO PLANALTO (1)
74433050	ESPLANADA DO ANICUNS	1	AUTO	ESPLANADA DO ANICUNS (1)
74433060	ESPLANADA DO ANICUNS	2	AUTO	ESPLANADA DO ANICUNS (2)
74433090	ESPLANADA DO ANICUNS	2	AUTO	ESPLANADA DO ANICUNS (2)
74433130	ESPLANADA DO ANICUNS	1	AUTO	ESPLANADA DO ANICUNS (1)
74433150	ESPLANADA DO ANICUNS	7	AUTO	ESPLANADA DO ANICUNS (7)
74433180	ESPLANADA DO ANICUNS	4	AUTO	ESPLANADA DO ANICUNS (4)
74433190	ESPLANADA DO ANICUNS	1	AUTO	Esplanada do Anicuns (1)
74433220	ESPLANADA DO ANICUNS	2	AUTO	ESPLANADA DO ANICUNS (2)
74433380	SANTOS DUMONT	1	AUTO	SETOR SANTOS DUMONT (1)
74435020	AEROVIARIO	1	AUTO	Aeroviário (1)
74435030	AEROVIARIO	10	VARIACAO	SETOR AEROVIÁRIO (5) | AEROVIÁRIO (5)
74435040	AEROVIARIO	1	AUTO	SETOR AEROVIARIO (1)
74435050	AEROVIARIO	2	VARIACAO	SETOR AEROVIARIO (1) | AEROVIÁRIO (1)
74435060	AEROVIARIO	3	VARIACAO	AEROVIÁRIO (2) | SETOR AEROVIÁRIO (1)
74435090	AEROVIARIO	14	VARIACAO	AEROVIÁRIO (7) | SETOR AEROVIARIO (6) | AEOROVIARIO (1)
74435100	AEROVIARIO	1	AUTO	Aeroviário (1)
74435110	AEROVIARIO	15	VARIACAO	SETOR AEROVIARIO (9) | AEROVIÁRIO (6)
74435115	AEROVIARIO	9	REVISAR	AEROVIARIO (8) | VILA SAO JOSE (1)
74435120	AEROVIARIO	8	VARIACAO	Aeroviário (5) | SETOR AEROVIARIO (3)
74435180	AEROVIARIO	3	AUTO	SETOR AEROVIARIO (3)
74435190	AEROVIARIO	1	AUTO	SETOR AEROVIÁRIO (1)
74435200	AEROVIARIO	15	VARIACAO	AEROVIÁRIO (9) | SETOR AEROVIARIO (6)
74435220	AEROVIARIO	5	VARIACAO	SETOR AEROVIARIO (3) | Aeroviário (2)
74435230	AEROVIARIO	6	VARIACAO	SETOR AEROVIARIO (3) | AEROVIARIO (2) | AEOROVIÁRIO (1)
74435240	AEROVIARIO	2	VARIACAO	SETOR AEROVIARIO (1) | AEROVIÁRIO (1)
74435250	AEROVIARIO	3	VARIACAO	SETOR AEROVIARIO (2) | AEROVIARIO (1)
74435260	AEROVIARIO	4	VARIACAO	AEROVIÁRIO (2) | AEOROVIARIO (1) | SETOR AEROVIARIO (1)
74435265	AEROVIARIO	2	VARIACAO	AEROVIÁRIO (1) | SETOR AEROVIARIO (1)
74435270	AEROVIARIO	1	AUTO	AEROVIÁRIO (1)
74435280	AEROVIARIO	7	REVISAR	AEROVIARIO (6) | VILA SAO JOSE (1)
74435290	AEROVIARIO	8	VARIACAO	AEROVIÁRIO (4) | SETOR AEROVIARIO (4)
74435299	AEROVIARIO	1	AUTO	SETOR AEROVIARIO (1)
74435320	AEROVIARIO	2	AUTO	SETOR AEROVIARIO (2)
74435970	MANSOES PARAISO	1	AUTO	MANSÕES PARAÍSO (1)
74440000	VILA JOAO VAZ	1	AUTO	VILA JOAO VAZ (1)
74440010	VILA SAO JOSE	1	AUTO	VILA SÃO JOSÉ (1)
74440030	VILA SAO JOSE	2	REVISAR	VILA SAO JOSE (1) | SAO JOSE (1)
74440050	SAO JOSE	2	AUTO	SETOR SÃO JOSÉ (2)
74440060	SAO JOSE	16	REVISAR	SAO JOSE (12) | VILA SAO JOSE (4)
74440070	SAO JOSE	1	AUTO	SETOR SÃO JOSÉ (1)
74440080	VILA SAO JOSE	3	REVISAR	VILA SAO JOSE (2) | SAO JOSE (1)
74440090	SAO JOSE	1	AUTO	SETOR SÃO JOSE (1)
74440120	SAO JOSE	3	REVISAR	SAO JOSE (2) | AEROVIARIO (1)
74440130	SAO JOSE	4	REVISAR	SAO JOSE (3) | VILA SAO JOSE (1)
74440140	SAO JOSE	4	REVISAR	SAO JOSE (3) | VILA SAO JOSE (1)
74440145	SAO JOSE	7	REVISAR	SAO JOSE (4) | VILA SAO JOSE (3)
74440150	VILA SAO JOSE	1	AUTO	Vila São José (1)
74440160	SAO JOSE	1	AUTO	SETOR SÃO JOSÉ (1)
74440180	SAO JOSE	1	AUTO	SETOR SÃO JOSE (1)
74440185	SAO JOSE	1	AUTO	Setor São José (1)
74440220	SAO JOSE	2	AUTO	SETOR SÃO JOSÉ (2)
74440240	SAO JOSE	7	REVISAR	SAO JOSE (5) | VILA SAO JOSE (2)
74440245	VILA SAO JOSE	5	REVISAR	VILA SAO JOSE (3) | SAO JOSE (2)
74440250	SAO JOSE	11	REVISAR	SAO JOSE (7) | VILA SAO JOSE (4)
74440280	SAO JOSE	2	VARIACAO	SETOR SÃO JOSÉ (1) | SAO JOSE (1)
74440290	SAO JOSE	3	AUTO	SETOR SÃO JOSÉ (3)
74440300	SAO JOSE	9	REVISAR	SAO JOSE (6) | VILA SAO JOSE (3)
74440310	SAO JOSE	7	REVISAR	SAO JOSE (6) | VILA SAO JOSE (1)
74440320	VILA SAO JOSE	1	AUTO	VILA SÃO JOSÉ (1)
74440330	SAO JOSE	5	AUTO	SETOR SÃO JOSÉ (5)
74440340	SAO JOSE	7	REVISAR	SAO JOSE (4) | VILA SAO JOSE (3)
74440350	SAO JOSE	6	AUTO	Setor São José (6)
74440360	SAO JOSE	4	REVISAR	SAO JOSE (2) | VILA SAO JOSE (2)
74440370	SAO JOSE	4	AUTO	SETOR SÃO JOSÉ (4)
74440380	VILA SAO JOSE	1	AUTO	Vila São José (1)
74440400	SAO JOSE	3	AUTO	SETOR SÃO JOSÉ (3)
74440410	VILA SAO JOSE	2	REVISAR	VILA SAO JOSE (1) | SAO JOSE (1)
74440420	SAO JOSE	6	VARIACAO	SETOR SÃO JOSÉ (5) | SÃO JOSÉ (1)
74440425	VILA SAO JOSE	2	AUTO	VILA SÃO JOSE (2)
74440440	SAO JOSE	1	AUTO	SETOR SÃO JOSÉ (1)
74440460	SAO JOSE	3	REVISAR	SAO JOSE (2) | VILA SAO JOSE (1)
74440470	VILA SAO JOSE	3	REVISAR	VILA SAO JOSE (2) | SAO JOSE (1)
74440480	SAO JOSE	8	REVISAR	SAO JOSE (7) | VILA SAO JOSE (1)
74440485	SAO JOSE	3	AUTO	Setor São José (3)
74440500	SAO JOSE	3	REVISAR	SAO JOSE (2) | VILA SAO JOSE (1)
74440510	VILA SAO JOSE	2	REVISAR	VILA SAO JOSE (1) | SAO JOSE (1)
74440520	SAO JOSE	2	AUTO	SETOR SÃO JOSÉ (2)
74440530	SAO JOSE	7	REVISAR	SAO JOSE (6) | VILA SAO JOSE (1)
74440540	SAO JOSE	2	AUTO	SETOR SÃO JOSÉ (2)
74440550	SAO JOSE	11	REVISAR	SAO JOSE (8) | VILA SAO JOSE (3)
74440560	SAO JOSE	7	REVISAR	SAO JOSE (6) | VILA SAO JOSE (1)
74440590	VILA SAO JOSE	6	REVISAR	VILA SAO JOSE (5) | SAO JOSE (1)
74440600	SAO JOSE	4	AUTO	SETOR SÃO JOSÉ (4)
74440610	SAO JOSE	6	AUTO	Setor São José (6)
74440620	VILA SAO JOSE	1	AUTO	VILA SÃO JOSE (1)
74440630	VILA SAO JOSE	5	REVISAR	VILA SAO JOSE (3) | SAO JOSE (2)
74440640	SAO JOSE	11	REVISAR	SAO JOSE (9) | VILA SAO JOSE (2)
74440650	SAO JOSE	2	AUTO	SETOR SÃO JOSE (2)
74440660	VILA SAO JOSE	1	AUTO	VILA SÃO JOSÉ (1)
74440670	SAO JOSE	5	REVISAR	SAO JOSE (4) | VILA SAO JOSE (1)
74440690	SAO JOSE	1	AUTO	SETOR SÃO JOSÉ (1)
74440700	SAO JOSE	3	REVISAR	SAO JOSE (2) | VILA SAO JOSE (1)
74440710	VILA SAO JOSE	2	REVISAR	VILA SAO JOSE (1) | SAO JOSE (1)
74440730	SAO JOSE	1	AUTO	Setor São José (1)
74440735	SAO JOSE	3	AUTO	SETOR SÃO JOSÉ (3)
74440740	VILA SAO JOSE	1	AUTO	VILA SÃO JOSÉ (1)
74440810	VILA SAO JOSE	2	AUTO	VILA SÃO JOSÉ (2)
74440820	VILA SAO JOSE EXTENSAO	1	AUTO	Vila são José extensão (1)
74440840	VILA SAO JOSE EXTENSAO	1	AUTO	Vila São José Extensão (1)
74440920	VILA SAO JOSE	1	AUTO	VILA SÃO JOSE (1)
74441010	VILA SAO JOSE	2	REVISAR	VILA SAO JOSE (1) | SAO JOSE (1)
74445010	VILA JOAO VAZ	15	AUTO	VILA JOÃO VAZ (15)
74445020	VILA JOAO VAZ	14	AUTO	VILA JOÃO VAZ (14)
74445040	VILA JOAO VAZ	13	AUTO	VILA JOÃO VAZ (13)
74445050	VILA JOAO VAZ	10	AUTO	VILA JOÃO VAZ (10)
74445060	VILA JOAO VAZ	4	AUTO	VILA JOÃO VAZ (4)
74445070	VILA JOAO VAZ	1	AUTO	VILA JOAO VAZ (1)
74445090	VILA JOAO VAZ	26	AUTO	VILA JOÃO VAZ (26)
74445100	VILA JOAO VAZ	2	AUTO	VILA JOÃO VAZ (2)
74445110	VILA JOAO VAZ	23	AUTO	VILA JOÃO VAZ (23)
74445120	SANTOS DUMONT	2	AUTO	SANTOS DUMONT (2)
74445130	VILA JOAO VAZ	3	AUTO	VILA JOÃO VAZ (3)
74445140	VILA JOAO VAZ	6	AUTO	VILA JOÃO VAZ (6)
74445160	VILA JOAO VAZ	27	REVISAR	VILA JOAO VAZ (26) | CAPUAVA (1)
74445170	VILA JOAO VAZ	7	AUTO	VILA JOAO VAZ (7)
74445172	VILA JOAO VAZ	1	AUTO	VILA JOÃO VAZ (1)
74445180	VILA JOAO VAZ	2	AUTO	VILA JOÃO VAZ (2)
74445190	VILA JOAO VAZ	5	REVISAR	VILA JOAO VAZ (4) | NOROESTE (1)
74445200	VILA JOAO VAZ	3	AUTO	VILA JOÃO VAZ (3)
74445210	VILA JOAO VAZ	7	AUTO	VILA JOAO VAZ (7)
74445220	VILA JOAO VAZ	3	AUTO	VILA JOÃO VAZ (3)
74445230	VILA JOAO VAZ	18	REVISAR	VILA JOAO VAZ (17) | JOAO VAZ (1)
74445240	VILA JOAO VAZ	8	AUTO	VILA JOÃO VAZ (8)
74445250	VILA JOAO VAZ	13	AUTO	VILA JOAO VAZ (13)
74445260	VILA JOAO VAZ	12	REVISAR	VILA JOAO VAZ (11) | CAPUAVA (1)
74445300	CAPUAVA RESIDENCIAL PRIVE	2	REVISAR	CAPUAVA RESIDENCIAL PRIVE (1) | RESIDENCIAL PRIVE NORTE (1)
74445302	CAPUAVA RESIDENCIAL PRIVE	12	REVISAR	CAPUAVA RESIDENCIAL PRIVE (10) | CAPUAVA (2)
74445305	CAPUAVA RESIDENCIAL PRIVE	2	REVISAR	CAPUAVA RESIDENCIAL PRIVE (1) | RESIDENCIAL PRIVE NORTE (1)
74445360	FAZENDA CAVEIRA	2	REVISAR	FAZENDA CAVEIRA (1) | FAZENDA CAVEIRAS (1)
74445485	VILA MUTIRAO	1	AUTO	VILA MUTIRÃO (1)
74446827	CANDIDA DE MORAIS	1	AUTO	CANDIDA DE MORAIS (1)
74447085	JARDIM CAMARGO	1	AUTO	JARDIM CAMARGO (1)
74447258	JARDIM COLORADO	2	AUTO	JARDIM COLORADO (2)
74450010	CAPUAVA	2	AUTO	CAPUAVA (2)
74450020	CAPUAVA	10	VARIACAO	CAPUAVA (9) | BAIRRO CAPUAVA (1)
74450030	CAPUAVA	3	AUTO	Capuava (3)
74450040	CAPUAVA	2	AUTO	Capuava (2)
74450050	CAPUAVA	2	AUTO	CAPUAVA (2)
74450060	CAPUAVA	1	AUTO	CAPUAVA (1)
74450070	CAPUAVA	4	AUTO	CAPUAVA (4)
74450090	CAPUAVA	1	AUTO	CAPUAVA (1)
74450100	CAPUAVA	12	VARIACAO	CAPUAVA (9) | BAIRRO CAPUAVA (3)
74450110	CAPUAVA	8	AUTO	CAPUAVA (8)
74450120	CAPUAVA	1	AUTO	BAIRRO CAPUAVA (1)
74450130	CAPUAVA	1	AUTO	CAPUAVA (1)
74450150	CAPUAVA	4	AUTO	CAPUAVA (4)
74450170	CAPUAVA	19	REVISAR	CAPUAVA (18) | CANDIDA DE MORAES (1)
74450180	CAPUAVA	15	VARIACAO	Capuava (14) | BAIRRO CAPUAVA (1)
74450200	CAPUAVA	2	AUTO	CAPUAVA (2)
74450210	CAPUAVA	4	AUTO	CAPUAVA (4)
74450230	CAPUAVA	5	AUTO	CAPUAVA (5)
74450240	CAPUAVA	1	AUTO	CAPUAVA (1)
74450260	CAPUAVA	4	AUTO	CAPUAVA (4)
74450290	CAPUAVA	1	AUTO	Capuava (1)
74450300	CAPUAVA	4	REVISAR	CAPUAVA (2) | JARDIM GRAMADO (1) | PERIM (1)
74450310	CAPUAVA	1	AUTO	CAPUAVA (1)
74450330	CAPUAVA	3	VARIACAO	CAPUAVA (2) | BAIRRO CAPUAVA (1)
74450340	CAPUAVA	4	AUTO	Capuava (4)
74450360	CAPUAVA	1	AUTO	Capuava (1)
74450370	CAPUAVA	1	AUTO	CAPUAVA (1)
74450380	CAPUAVA	2	AUTO	CAPUAVA (2)
74450390	CAPUAVA	20	VARIACAO	CAPUAVA (18) | BAIRRO CAPUAVA (2)
74450400	CAPUAVA	31	VARIACAO	CAPUAVA (27) | BAIRRO CAPUAVA (4)
74450420	CAPUAVA	3	AUTO	CAPUAVA (3)
74450440	CAPUAVA	6	VARIACAO	Capuava (4) | BAIRRO CAPUAVA (2)
74450450	CAPUAVA	4	AUTO	CAPUAVA (4)
74450460	CAPUAVA	2	AUTO	CAPUAVA (2)
74450470	CAPUAVA	6	REVISAR	CAPUAVA (5) | MARABA (1)
74450490	CAPUAVA	26	VARIACAO	CAPUAVA (23) | BAIRRO CAPUAVA (2) | SETOR CAPUAVA (1)
74450550	JARDIM CURITIBA IV	1	AUTO	JARDIM CURITIBA IV (1)
74451150	RESIDENCIAL 14 BIS	1	AUTO	RESIDENCIAL 14 BIS (1)
74453170	VILA JOAO VAZ	1	AUTO	VILA JOAO VAZ (1)
74453460	VILA REGINA	2	AUTO	VILA REGINA (2)
74453470	VILA REGINA	4	AUTO	VILA REGINA (4)
74453490	VILA REGINA	1	AUTO	VILA REGINA (1)
74453500	VILA REGINA	4	AUTO	VILA REGINA (4)
74453540	VILA REGINA	17	AUTO	VILA REGINA (17)
74453560	VILA REGINA	13	VARIACAO	Vila Regina (12) | SETOR VILA REGINA (1)
74453570	VILA REGINA	8	AUTO	Vila Regina (8)
74453580	VILA REGINA	7	AUTO	Vila Regina (7)
74453590	VILA REGINA	7	AUTO	VILA REGINA (7)
74453600	VILA REGINA	8	AUTO	VILA REGINA (8)
74453610	VILA REGINA	14	AUTO	VILA REGINA (14)
74453620	VILA REGINA	5	AUTO	VILA REGINA (5)
74453625	VILA REGINA	2	AUTO	VILA REGINA (2)
74453650	VILA REGINA	8	AUTO	Vila Regina (8)
74454250	NOVA ESPERANCA	1	AUTO	NOVA ESPERANÇA (1)
74455070	JARDIM NOVA ESPERANCA	6	REVISAR	JARDIM NOVA ESPERANCA (5) | NOVA ESPERANCA (1)
74455130	VILA JOAO VAZ	1	AUTO	VILA JOÃO VAZ (1)
74455530	JARDIM LIBERDADE	1	AUTO	JARDIM LIBERDADE (1)
74455535	NOVO MUNDO	1	AUTO	NOVO MUNDO (1)
74456290	JARDIM NOVA ESPERANCA	1	AUTO	JARDIM NOVA ESPERANÇA (1)
74460010	JARDIM PETROPOLIS	7	AUTO	Jardim Petrópolis (7)
74460020	JARDIM PETROPOLIS	23	REVISAR	JARDIM PETROPOLIS (22) | JARDIM PETROPLIS (1)
74460030	JARDIM PETROPOLIS	2	AUTO	Jardim Petrópolis (2)
74460035	JARDIM PETROPOLIS	1	AUTO	Jardim Petrópolis (1)
74460040	JARDIM PETROPOLIS	3	AUTO	JARDIM PETRÓPOLIS (3)
74460050	JARDIM PETROPOLIS	10	AUTO	JARDIM PETROPOLIS (10)
74460060	JARDIM PETROPOLIS	8	AUTO	JARDIM PETROPOLIS (8)
74460070	JARDIM PETROPOLIS	3	AUTO	JARDIM PETRÓPOLIS (3)
74460080	JARDIM PETROPOLIS	3	AUTO	JARDIM PETRÓPOLIS (3)
74460090	JARDIM PETROPOLIS	1	AUTO	JARDIM PETROPOLIS (1)
74460100	JARDIM PETROPOLIS	1	AUTO	JARDIM PETRÓPOLIS (1)
74460110	JARDIM PETROPOLIS	2	REVISAR	JARDIM PETROPOLIS (1) | JARDIM LIBERDADE (1)
74460120	JARDIM PETROPOLIS	3	AUTO	JARDIM PETROPOLIS (3)
74460130	JARDIM PETROPOLIS	3	AUTO	JARDIM PETRÓPOLIS (3)
74460170	JARDIM NOVO MUNDO	1	AUTO	JARDIM NOVO MUNDO (1)
74460180	VILA MUTIRAO	1	AUTO	VILA MUTIRAO (1)
74460390	JARDIM PETROPOLIS	1	AUTO	JARDIM PETRÓPOLIS (1)
74460440	JARDIM PETROPOLIS	2	AUTO	JARDIM PETRÓPOLIS (2)
74460445	JARDIM PETROPOLIS	1	AUTO	JARDIM PETRÓPOLIS (1)
74460450	JARDIM PETROPOLIS	2	AUTO	JARDIM PETRÓPOLIS (2)
74460460	JARDIM PETROPOLIS	1	AUTO	JARDIM PETRÓPOLIS (1)
74460470	JARDIM PETROPOLIS	1	AUTO	JARDIM PETROPOLIS (1)
74460500	JARDIM PETROPOLIS	7	REVISAR	JARDIM PETROPOLIS (5) | VILA REGINA (2)
74460570	JARDIM CURITIBA IV	1	AUTO	JARDIM CURITIBA IV (1)
74460630	JARDIM PETROPOLIS	3	AUTO	JARDIM PETRÓPOLIS (3)
74460780	RESIDENCIAL PETROPOLIS	1	AUTO	Residencial Petrópolis (1)
74460970	VILA FINSOCIAL	3	REVISAR	VILA FINSOCIAL (1) | MORADA DO SOL (1) | VALE DOS CARAIBAS (1)
74461120	CONDOMINIO DO LAGO	1	AUTO	CONDOMÍNIO DO LAGO (1)
74461200	JARDIM CLARISSA	1	AUTO	JARDIM CLARISSA (1)
74461205	JARDIM CLARISSA	2	AUTO	JARDIM CLARISSA (2)
74461210	JARDIM CLARISSA	1	AUTO	JARDIM CLARISSA (1)
74461215	JARDIM CLARISSA	4	AUTO	JARDIM CLARISSA (4)
74461220	JARDIM CLARISSA	4	AUTO	JARDIM CLARISSA (4)
74461225	JARDIM CLARISSA	4	AUTO	JARDIM CLARISSA (4)
74461230	JARDIM CLARISSA	5	AUTO	JARDIM CLARISSA (5)
74461240	JARDIM CLARISSA	1	AUTO	JARDIM CLARISSA (1)
74461245	JARDIM CLARISSA	2	AUTO	JARDIM CLARISSA (2)
74461250	JARDIM CLARISSA	7	AUTO	Jardim Clarissa (7)
74461265	JARDIM CLARISSA	9	AUTO	Jardim Clarissa (9)
74461290	JARDIM CLARISSA	3	AUTO	JARDIM CLARISSA (3)
74461295	JARDIM CLARISSA	5	AUTO	JARDIM CLARISSA (5)
74461310	JARDIM CLARISSA	4	AUTO	JARDIM CLARISSA (4)
74461315	JARDIM CLARISSA	2	AUTO	JARDIM CLARISSA (2)
74461650	SANTOS DUMONT	1	AUTO	SANTOS DUMONT (1)
74461715	MANSOES PARAISO	1	AUTO	MANSÕES PARAISO (1)
74462060	JARDIM PETROPOLIS	1	AUTO	JARDIM PETROPOLIS (1)
74462760	SANTOS DUMONT	1	AUTO	SANTOS DUMONT (1)
74463015	SANTOS DUMONT	2	VARIACAO	SETOR SANTOS DUMONT (1) | SANTOS DUMONT (1)
74463023	PARQUE INDUSTRIAL PAULISTA	3	AUTO	PARQUE INDUSTRIAL PAULISTA (3)
74463025	CAPUAVA	1	AUTO	CAPUAVA (1)
74463030	SANTOS DUMONT	2	REVISAR	SANTOS DUMONT (1) | PARQUE INDUSTRIAL PAULISTA (1)
74463060	PARQUE INDUSTRIAL PAULISTA	1	AUTO	PARQUE INDUSTRIAL PAULISTA (1)
74463065	VILA REGINA	1	AUTO	VILA REGINA (1)
74463075	PARQUE INDUSTRIAL PAULISTA	1	AUTO	Parque Industrial Paulista (1)
74463080	SANTOS DUMONT	1	AUTO	SANTOS DUMONT (1)
74463100	PARQUE INDUSTRIAL PAULISTA	8	REVISAR	PARQUE INDUSTRIAL PAULISTA (7) | PARQUE INDUSTRIAL (1)
74463150	CANDIDA DE MORAIS	11	REVISAR	CANDIDA DE MORAIS (7) | CANDIDA DE MORAES (3) | CONDOMINIO MARESIA RESIDENCIAL ITAMARACA (1)
74463160	CANDIDA DE MORAIS	6	REVISAR	CANDIDA DE MORAIS (4) | CANDIDA DE MORAES (2)
74463165	CANDIDA DE MORAIS	19	REVISAR	CANDIDA DE MORAIS (12) | CANDIDA DE MORAES (4) | SANTOS DUMONT (2) | CANDIDAS DE MORAIS (1)
74463170	CANDIDA DE MORAES	18	REVISAR	CANDIDA DE MORAES (10) | CANDIDA DE MORAIS (8)
74463180	CANDIDA DE MORAIS	7	AUTO	SETOR CÂNDIDA DE MORAIS (7)
74463190	CANDIDA DE MORAIS	14	REVISAR	CANDIDA DE MORAIS (12) | CANDIDA DE MORAES (2)
74463200	CANDIDA DE MORAIS	44	REVISAR	CANDIDA DE MORAIS (31) | CANDIDA DE MORAES (11) | CANDIDADE MORAES (1) | JARDIM NOVA ESPERANCA (1)
74463210	CANDIDA DE MORAIS	22	REVISAR	CANDIDA DE MORAIS (14) | CANDIDA DE MORAES (7) | CENTRO (1)
74463220	CANDIDA DE MORAIS	29	REVISAR	CANDIDA DE MORAIS (16) | CANDIDA DE MORAES (13)
74463230	CANDIDA DE MORAIS	20	REVISAR	CANDIDA DE MORAIS (13) | CANDIDA DE MORAES (7)
74463240	CANDIDA DE MORAES	22	REVISAR	CANDIDA DE MORAES (11) | CANDIDA DE MORAIS (10) | JARDIM NOVA ESPERANCA (1)
74463250	CANDIDA DE MORAIS	8	REVISAR	CANDIDA DE MORAIS (5) | CANDIDA DE MORAES (3)
74463260	CANDIDA DE MORAIS	23	REVISAR	CANDIDA DE MORAIS (16) | CANDIDA DE MORAES (7)
74463270	CANDIDA DE MORAIS	6	REVISAR	CANDIDA DE MORAIS (3) | CANDIDA DE MORAES (2) | SANTOS DUMONT (1)
74463280	CANDIDA DE MORAES	292	REVISAR	CANDIDA DE MORAES (266) | CANDIDA DE MORAIS (22) | JARDIM NOVA ESPERANCA (3) | CANDIDO DE MORAES (1)
74463290	CANDIDA DE MORAIS	4	REVISAR	CANDIDA DE MORAIS (2) | CAPUAVA (1) | CANDIDA DE MORAES (1)
74463310	CANDIDA DE MORAIS	1	AUTO	SETOR CÂNDIDA DE MORAIS (1)
74463317	CAPUAVA	2	REVISAR	CAPUAVA (1) | CANDIDA DE MORAIS (1)
74463320	CANDIDA DE MORAIS	15	REVISAR	CANDIDA DE MORAIS (13) | CANDIDA DE MORAES (2)
74463330	CANDIDA DE MORAIS	16	REVISAR	CANDIDA DE MORAIS (10) | CANDIDA DE MORAES (6)
74463335	CANDIDA DE MORAIS	1	AUTO	SETOR CÂNDIDA DE MORAIS (1)
74463338	CANDIDA DE MORAES	1	AUTO	CANDIDA DE MORAES (1)
74463340	SANTOS DUMONT	16	REVISAR	SANTOS DUMONT (12) | CANDIDA DE MORAES (4)
74463348	SANTOS DUMONT	1	AUTO	SETOR SANTOS DUMONT (1)
74463350	SANTOS DUMONT	2	VARIACAO	SETOR SANTOS DUMONT (1) | SANTOS DUMONT (1)
74463360	SANTOS DUMONT	5	VARIACAO	SETOR SANTOS DUMONT (3) | SANTOS DUMONT (2)
74463370	SANTOS DUMONT	4	VARIACAO	SETOR SANTOS DUMONT (2) | SANTOS DUMONT (2)
74463375	SANTOS DUMONT	2	REVISAR	SANTOS DUMONT (1) | CANDIDA DE MORAES (1)
74463380	SANTOS DUMONT	24	REVISAR	SANTOS DUMONT (23) | JARDIM NOVA ESPERANCA (1)
74463400	SANTOS DUMONT	9	VARIACAO	SETOR SANTOS DUMONT (8) | SANTOS DUMONT (1)
74463410	SANTOS DUMONT	2	AUTO	SETOR SANTOS DUMONT (2)
74463414	CANDIDA DE MORAES	1	AUTO	CANDIDA DE MORAES (1)
74463430	SANTOS DUMONT	6	VARIACAO	SETOR SANTOS DUMONT (5) | SANTOS DUMONT (1)
74463440	SANTOS DUMONT	3	AUTO	SETOR SANTOS DUMONT (3)
74463445	SANTOS DUMONT	5	VARIACAO	SETOR SANTOS DUMONT (3) | SANTOS DUMONT (2)
74463450	SANTOS DUMONT	2	AUTO	SETOR SANTOS DUMONT (2)
74463460	SANTOS DUMONT	2	VARIACAO	Setor Santos Dumont (1) | SANTOS DUMONT (1)
74463470	SANTOS DUMONT	4	VARIACAO	SETOR SANTOS DUMONT (3) | SANTOS DUMONT (1)
74463480	SANTOS DUMONT	6	VARIACAO	Setor Santos Dumont (5) | SANTOS DUMONT (1)
74463490	SANTOS DUMONT	13	VARIACAO	Setor Santos Dumont (9) | SANTOS DUMONT (4)
74463500	SANTOS DUMONT	7	VARIACAO	SETOR SANTOS DUMONT (6) | SANTOS DUMONT (1)
74463510	SANTOS DUMONT	7	AUTO	Setor Santos Dumont (7)
74463520	SANTOS DUMONT	5	VARIACAO	SETOR SANTOS DUMONT (4) | SANTOS DUMONT (1)
74463550	SANTOS DUMONT	4	VARIACAO	SANTOS DUMONT (2) | SETOR SANTOS DUMONT (2)
74463560	SANTOS DUMONT	5	AUTO	SETOR SANTOS DUMONT (5)
74463570	SANTOS DUMONT	4	AUTO	SETOR SANTOS DUMONT (4)
74463580	SANTOS DUMONT	4	VARIACAO	SETOR SANTOS DUMONT (3) | SANTOS DUMONT (1)
74463590	SANTOS DUMONT	2	AUTO	SETOR SANTOS DUMONT (2)
74463600	SANTOS DUMONT	5	AUTO	SETOR SANTOS DUMONT (5)
74463610	SANTOS DUMONT	6	VARIACAO	SANTOS DUMONT (4) | SETOR SANTOS DUMONT (2)
74463615	SANTOS DUMONT	5	REVISAR	SANTOS DUMONT (3) | CANDIDA DE MORAIS (1) | JARDIM NOVA ESPERANCA (1)
74463620	SANTOS DUMONT	3	VARIACAO	SETOR SANTOS DUMONT (2) | SANTOS DUMONT (1)
74463630	SANTOS DUMONT	3	VARIACAO	SETOR SANTOS DUMONT (2) | SANTOS DUMONT (1)
74463640	SANTOS DUMONT	7	VARIACAO	SETOR SANTOS DUMONT (5) | SANTOS DUMONT (2)
74463650	SANTOS DUMONT	2	AUTO	SETOR SANTOS DUMONT (2)
74463660	SANTOS DUMONT	24	VARIACAO	Setor Santos Dumont (16) | SANTOS DUMONT (8)
74463670	SANTOS DUMONT	12	VARIACAO	SANTOS DUMONT (7) | SETOR SANTOS DUMONT (5)
74463680	SANTOS DUMONT	5	VARIACAO	SANTOS DUMONT (3) | Setor Santos Dumont (2)
74463690	SANTOS DUMONT	13	VARIACAO	SETOR SANTOS DUMONT (11) | SANTOS DUMONT (2)
74463710	SANTOS DUMONT	2	VARIACAO	SANTOS DUMONT (1) | Setor Santos Dumont (1)
74463720	SANTOS DUMONT	2	AUTO	SANTOS DUMONT (2)
74463730	SANTOS DUMONT	2	AUTO	SETOR SANTOS DUMONT (2)
74463740	SANTOS DUMONT	3	VARIACAO	SETOR SANTOS DUMONT (2) | SANTOS DUMONT (1)
74463750	SANTOS DUMONT	8	VARIACAO	SETOR SANTOS DUMONT (5) | SANTOS DUMONT (3)
74463760	SANTOS DUMONT	33	VARIACAO	SETOR SANTOS DUMONT (17) | SANTOS DUMONT (16)
74463770	SANTOS DUMONT	26	VARIACAO	SETOR SANTOS DUMONT (13) | SANTOS DUMONT (13)
74463780	SANTOS DUMONT	15	VARIACAO	SETOR SANTOS DUMONT (11) | SANTOS DUMONT (4)
74463790	SANTOS DUMONT	7	VARIACAO	SANTOS DUMONT (4) | SETOR SANTOS DUMONT (3)
74463800	SANTOS DUMONT	8	AUTO	Setor Santos Dumont (8)
74463810	SANTOS DUMONT	18	VARIACAO	SETOR SANTOS DUMONT (11) | SANTOS DUMONT (7)
74463820	SANTOS DUMONT	10	VARIACAO	SETOR SANTOS DUMONT (9) | SANTOS DUMONT (1)
74463830	SANTOS DUMONT	14	VARIACAO	SETOR SANTOS DUMONT (8) | SANTOS DUMONT (6)
74463831	RESIDENCIAL 14 BIS	1	AUTO	RESIDENCIAL 14 BIS (1)
74463833	RESIDENCIAL 14 BIS	2	AUTO	RESIDENCIAL 14 BIS (2)
74463835	RESIDENCIAL 14 BIS	8	AUTO	RESIDENCIAL 14 BIS (8)
74463836	RESIDENCIAL 14 BIS	9	AUTO	RESIDENCIAL 14 BIS (9)
74463837	RESIDENCIAL 14 BIS	2	AUTO	RESIDENCIAL 14 BIS (2)
74463838	RESIDENCIAL 14 BIS	2	AUTO	RESIDENCIAL 14 BIS (2)
74463840	JARDIM BONANZA	3	AUTO	Jardim Bonanza (3)
74463846	JARDIM BONANZA	2	AUTO	JARDIM BONANZA (2)
74463848	JARDIM BONANZA	4	AUTO	JARDIM BONANZA (4)
74463850	JARDIM BONANZA	6	REVISAR	JARDIM BONANZA (5) | SANTOS DUMONT (1)
74463852	JARDIM BONANZA	3	AUTO	JARDIM BONANZA (3)
74463856	JARDIM BONANZA	3	AUTO	JARDIM BONANZA (3)
74463860	JARDIM BONANZA	2	AUTO	JARDIM BONANZA (2)
74463862	JARDIM BONANZA	7	AUTO	JARDIM BONANZA (7)
74463868	JARDIM BONANZA	6	AUTO	JARDIM BONANZA (6)
74463870	JARDIM BONANZA	1	AUTO	JARDIM BONANZA (1)
74463872	JARDIM BONANZA	2	AUTO	JARDIM BONANZA (2)
74463874	JARDIM BONANZA	1	AUTO	Jardim Bonanza (1)
74463875	JARDIM BONANZA	7	AUTO	JARDIM BONANZA (7)
74464000	BARRA DA TIJUCA	4	VARIACAO	SETOR BARRA DA TIJUCA (3) | BARRA DA TIJUCA (1)
74464010	BARRA DA TIJUCA	13	VARIACAO	SETOR BARRA DA TIJUCA (7) | BARRA DA TIJUCA (6)
74464016	DA TIJUCA	1	AUTO	BAIRRO DA TIJUCA (1)
74464020	BARRA DA TIJUCA	1	AUTO	SETOR BARRA DA TIJUCA (1)
74464025	BARRA DA TIJUCA	5	VARIACAO	SETOR BARRA DA TIJUCA (4) | BARRA DA TIJUCA (1)
74464030	BARRA DA TIJUCA	5	VARIACAO	SETOR BARRA DA TIJUCA (3) | BARRA DA TIJUCA (2)
74464040	BARRA DA TIJUCA	3	VARIACAO	SETOR BARRA DA TIJUCA (2) | BARRA DA TIJUCA (1)
74464045	BARRA DA TIJUCA	2	AUTO	SETOR BARRA DA TIJUCA (2)
74464055	BARRA DA TIJUCA	1	AUTO	BARRA DA TIJUCA (1)
74464060	BARRA DA TIJUCA	1	AUTO	SETOR BARRA DA TIJUCA (1)
74464065	BARRA DA TIJUCA	1	AUTO	Setor Barra da Tijuca (1)
74464070	BARRA DA TIJUCA	5	VARIACAO	SETOR BARRA DA TIJUCA (4) | BARRA DA TIJUCA (1)
74464075	BARRA DA TIJUCA	4	VARIACAO	SETOR BARRA DA TIJUCA (3) | BARRA DA TIJUCA (1)
74464110	JARDIM NOVO PETROPOLIS	1	AUTO	Jardim Novo Petrópolis (1)
74464120	JARDIM NOVO PETROPOLIS	2	REVISAR	JARDIM NOVO PETROPOLIS (1) | JARDIM PETROPOLIS (1)
74464130	JARDIM PETROPOLIS	4	REVISAR	JARDIM PETROPOLIS (2) | JARDIM NOVO PETROPOLIS (2)
74464135	JARDIM NOVO PETROPOLIS	11	REVISAR	JARDIM NOVO PETROPOLIS (9) | JARDIM PETROPOLIS (2)
74464145	JARDIM NOVO PETROPOLIS	4	AUTO	JARDIM NOVO PETRÓPOLIS (4)
74464149	JARDIM NOVO PETROPOLIS	2	AUTO	Jardim Novo Petrópolis (2)
74464150	RESIDENCIAL 14 BIS EXTENSAO	2	AUTO	RESIDENCIAL 14 BIS EXTENSÃO (2)
74464155	RESIDENCIAL 14 BIS EXTENSAO	4	REVISAR	RESIDENCIAL 14 BIS EXTENSAO (3) | RESIDENCIAL 14 BIS (1)
74464165	RESIDENCIAL 14 BIS EXTENSAO	1	AUTO	RESIDENCIAL 14 BIS EXTENSÃO (1)
74464534	MARABA	1	AUTO	SETOR MARABÁ (1)
74465010	JARDIM NOVA ESPERANCA	33	REVISAR	JARDIM NOVA ESPERANCA (32) | JARDIM NOVA ESPERANCAA (1)
74465020	JARDIM NOVA ESPERANCA	36	AUTO	JARDIM NOVA ESPERANÇA (36)
74465025	JARDIM NOVA ESPERANCA	15	REVISAR	JARDIM NOVA ESPERANCA (13) | CANDIDA DE MORAIS (1) | CANDIDA DE MORAES (1)
74465030	JARDIM NOVA ESPERANCA	4	AUTO	JARDIM NOVA ESPERANÇA (4)
74465040	JARDIM NOVA ESPERANCA	6	AUTO	JARDIM NOVA ESPERANÇA (6)
74465050	JARDIM NOVA ESPERANCA	46	REVISAR	JARDIM NOVA ESPERANCA (45) | NOVA ESPERANCA (1)
74465060	JARDIM NOVA ESPERANCA	3	AUTO	JARDIM NOVA ESPERANÇA (3)
74465070	JARDIM NOVA ESPERANCA	45	AUTO	JARDIM NOVA ESPERANÇA (45)
74465080	PARQUE TREMENDAO	2	REVISAR	PARQUE TREMENDAO (1) | JARDIM NOVA ESPERANCA (1)
74465090	JARDIM NOVA ESPERANCA	4	REVISAR	JARDIM NOVA ESPERANCA (3) | PARQUE DAS FLORES (1)
74465100	JARDIM NOVA ESPERANCA	81	REVISAR	JARDIM NOVA ESPERANCA (79) | NOVA ESPERANCA (1) | JARDIM GRAMADO (1)
74465110	JARDIM NOVA ESPERANCA	1	AUTO	JARDIM NOVA ESPERANÇA (1)
74465120	JARDIM NOVA ESPERANCA	47	AUTO	JARDIM NOVA ESPERANÇA (47)
74465140	JARDIM NOVA ESPERANCA	130	REVISAR	JARDIM NOVA ESPERANCA (83) | JARDIM COLORADO (13) | JARDIM DAS HORTENCIAS (8) | NOVO PLANALTO (5) | MARABA (4) | CANDIDA DE MORAES (3) | JARDIM LIBERDADE (2) | MANSOES PARAISO (2) | NOROESTE (2) | NOVA ESPERANCA (2) | ALBINO BOAVENTURA (1) | VILA FINSOCIAL (1) | JARDIM HELLOU (1) | RESIDENCIAL MANSOES PARAISO (1) | PARQUE TREMENDAO (1) | MORADA DO SOL (1)
74465150	JARDIM NOVA ESPERANCA	34	AUTO	JARDIM NOVA ESPERANÇA (34)
74465160	JARDIM NOVA ESPERANCA	48	AUTO	JARDIM NOVA ESPERANÇA (48)
74465170	JARDIM NOVA ESPERANCA	17	AUTO	JARDIM NOVA ESPERANÇA (17)
74465180	JARDIM NOVA ESPERANCA	2	AUTO	JARDIM NOVA ESPERANÇA (2)
74465190	JARDIM NOVA ESPERANCA	57	REVISAR	JARDIM NOVA ESPERANCA (56) | NOVA ESPERANCA (1)
74465200	JARDIM NOVA ESPERANCA	21	AUTO	JARDIM NOVA ESPERANÇA (21)
74465210	JARDIM NOVA ESPERANCA	52	AUTO	JARDIM NOVA ESPERANÇA (52)
74465215	JARDIM NOVA ESPERANCA	18	REVISAR	JARDIM NOVA ESPERANCA (17) | PARQUE TREMENDAO (1)
74465220	JARDIM NOVA ESPERANCA	4	AUTO	JARDIM NOVA ESPERANCA (4)
74465230	JARDIM NOVA ESPERANCA	3	AUTO	JARDIM NOVA ESPERANÇA (3)
74465240	JARDIM NOVA ESPERANCA	2	AUTO	JARDIM NOVA ESPERANÇA (2)
74465250	JARDIM NOVA ESPERANCA	13	AUTO	JARDIM NOVA ESPERANÇA (13)
74465260	JARDIM NOVA ESPERANCA	7	AUTO	JARDIM NOVA ESPERANÇA (7)
74465270	JARDIM NOVA ESPERANCA	59	AUTO	JARDIM NOVA ESPERANÇA (59)
74465280	JARDIM NOVA ESPERANCA	60	REVISAR	JARDIM NOVA ESPERANCA (57) | SANTOS DUMONT (1) | CANDIDA DE MORAES (1) | NOVA ESPERANCA (1)
74465290	JARDIM NOVA ESPERANCA	62	AUTO	JARDIM NOVA ESPERANÇA (62)
74465299	JARDIM NOVA ESPERANCA	1	AUTO	JARDIM NOVA ESPERANÇA (1)
74465300	JARDIM NOVA ESPERANCA	10	AUTO	JARDIM NOVA ESPERANÇA (10)
74465310	JARDIM NOVA ESPERANCA	24	REVISAR	JARDIM NOVA ESPERANCA (21) | JARDIM NOVO MUNDO (2) | BARRA DA TIJUCA (1)
74465320	JARDIM NOVA ESPERANCA	3	AUTO	JARDIM NOVA ESPERANÇA (3)
74465330	JARDIM NOVA ESPERANCA	1	AUTO	JARDIM NOVA ESPERANÇA (1)
74465340	JARDIM NOVA ESPERANCA	14	AUTO	JARDIM NOVA ESPERANÇA (14)
74465350	JARDIM NOVA ESPERANCA	34	AUTO	JARDIM NOVA ESPERANÇA (34)
74465360	JARDIM NOVA ESPERANCA	6	REVISAR	JARDIM NOVA ESPERANCA (5) | NOVA ESPERANCA (1)
74465370	JARDIM NOVA ESPERANCA	20	AUTO	JARDIM NOVA ESPERANÇA (20)
74465380	JARDIM NOVA ESPERANCA	8	AUTO	JARDIM NOVA ESPERANÇA (8)
74465390	JARDIM NOVA ESPERANCA	46	REVISAR	JARDIM NOVA ESPERANCA (44) | NOVA ESPERANCA (2)
74465400	JARDIM NOVA ESPERANCA	4	AUTO	JARDIM NOVA ESPERANÇA (4)
74465410	JARDIM NOVA ESPERANCA	3	AUTO	JARDIM NOVA ESPERANÇA (3)
74465420	JARDIM NOVA ESPERANCA	60	AUTO	JARDIM NOVA ESPERANÇA (60)
74465440	JARDIM NOVA ESPERANCA	48	AUTO	JARDIM NOVA ESPERANÇA (48)
74465445	JARDIM NOVA ESPERANCA	306	REVISAR	JARDIM NOVA ESPERANCA (279) | CANDIDA DE MORAES (26) | JARDIM COLORADO (1)
74465450	JARDIM NOVA ESPERANCA	7	AUTO	JARDIM NOVA ESPERANÇA (7)
74465460	JARDIM NOVA ESPERANCA	23	VARIACAO	JARDIM NOVA ESPERANÇA (22) | JARDIM NOVA  ESPERANÇA (1)
74465470	JARDIM NOVA ESPERANCA	1	AUTO	JARDIM NOVA ESPERANÇA (1)
74465490	JARDIM NOVA ESPERANCA	14	AUTO	JARDIM NOVA ESPERANÇA (14)
74465500	SANTOS DUMONT	1	AUTO	SANTOS DUMONT (1)
74465510	JARDIM NOVA ESPERANCA	3	AUTO	JARDIM NOVA ESPERANÇA (3)
74465520	JARDIM NOVA ESPERANCA	7	AUTO	JARDIM NOVA ESPERANÇA (7)
74465521	MARABA	7	AUTO	SETOR MARABÁ (7)
74465523	MARABA	2	AUTO	SETOR MARABÁ (2)
74465524	MARABA	19	REVISAR	MARABA (17) | NOROESTE (2)
74465526	MARABA	1	AUTO	SETOR MARABÁ (1)
74465527	MARABA	6	REVISAR	MARABA (5) | RESIDENCIAL SAO MARCOS (1)
74465528	MARABA	2	AUTO	SETOR MARABA (2)
74465529	MARABA	1	AUTO	SETOR MARABÁ (1)
74465530	MARABA	2	AUTO	SETOR MARABÁ (2)
74465531	MARABA	6	AUTO	SETOR MARABÁ (6)
74465532	MARABA	5	AUTO	SETOR MARABÁ (5)
74465534	MARABA	2	AUTO	SETOR MARABÁ (2)
74465535	MARABA	3	AUTO	SETOR MARABÁ (3)
74465536	MARABA	1	AUTO	SETOR MARABÁ (1)
74465537	MARABA	6	AUTO	SETOR MARABÁ (6)
74465538	MARABA	1	AUTO	Setor Marabá (1)
74465539	MARABA	1	AUTO	SETOR MARABÁ (1)
74465541	NOROESTE	14	AUTO	SETOR NOROESTE (14)
74465543	NOROESTE	10	AUTO	SETOR NOROESTE (10)
74465544	NOROESTE	11	AUTO	SETOR NOROESTE (11)
74465547	NOROESTE	1	AUTO	SETOR NOROESTE (1)
74465549	NOROESTE	1	AUTO	SETOR NOROESTE (1)
74465550	NOROESTE	6	AUTO	SETOR NOROESTE (6)
74465553	MARABA	2	REVISAR	MARABA (1) | NOROESTE (1)
74465600	JARDIM LIBERDADE	1	AUTO	JARDIM LIBERDADE (1)
74465604	MARABA EXTENSAO	1	AUTO	Setor Marabá Extensão (1)
74465640	JARDIM LIBERDADE	1	AUTO	JARDIM LIBERDADE (1)
74465970	JARDIM NOVA ESPERANCA	2	AUTO	JARDIM NOVA ESPERANÇA (2)
74466770	SANTOS DUMONT	1	AUTO	SANTOS DUMONT (1)
74468830	SANTOS DUMONT	1	AUTO	SANTOS DUMONT (1)
74470010	CHACARAS MANSOES ROSAS DE OURO	11	AUTO	CHÁCARAS MANSÕES ROSAS DE OURO (11)
74470015	FAZENDA CAVEIRA	5	REVISAR	FAZENDA CAVEIRA (2) | CHACARAS MANSOES ROSAS DE OURO (2) | RESIDENCIAL ANGLO (1)
74470019	DA VITORIA	1	AUTO	BAIRRO DA VITÓRIA (1)
74470025	JARDIM COLORADO	1	AUTO	JARDIM COLORADO (1)
74470060	CHACARAS MANSOES ROSAS DE OURO	10	AUTO	CHÁCARAS MANSÕES ROSAS DE OURO (10)
74470065	RECREIO SAO JOAQUIM	2	REVISAR	RECREIO SAO JOAQUIM (1) | CHACARAS DE RECREIO SAO JOAQUIM (1)
74470071	CHACARAS MANSOES ROSAS DE OURO	3	REVISAR	CHACARAS MANSOES ROSAS DE OURO (2) | MANSOES ROSAS DE OURO (1)
74470230	RECREIO SAO JOAQUIM	1	AUTO	RECREIO SÃO JOAQUIM (1)
74470245	SAO JOSE	1	AUTO	SETOR SÃO JOSÉ (1)
74470275	CHACARAS DE RECREIO SAO JOAQUIM	3	REVISAR	CHACARAS DE RECREIO SAO JOAQUIM (1) | SANTOS DUMONT (1) | RECREIO SAO JOAQUIM (1)
74470290	CHACARAS MANSOES ROSAS DE OURO	1	AUTO	CHACARAS MANSOES ROSAS DE OURO (1)
74470300	CHACARAS DE RECREIO SAO JOAQUIM	1	AUTO	CHÁCARAS DE RECREIO SÃO JOAQUIM (1)
74470312	SANTOS DUMONT	1	AUTO	SANTOS DUMONT (1)
74470360	CHACARAS MANSOES ROSAS DE OURO	1	AUTO	CHACARAS MANSOES ROSAS DE OURO (1)
74470390	NOVO PLANALTO	1	AUTO	NOVO PLANALTO (1)
74470440	FAZENDA CAVEIRA	1	AUTO	FAZENDA CAVEIRA (1)
74470700	RESIDENCIAL JARDIM HELOU	10	REVISAR	RESIDENCIAL JARDIM HELOU (7) | JARDIM HELLOU (3)
74470705	JARDIM HELLOU	23	REVISAR	JARDIM HELLOU (13) | RESIDENCIAL JARDIM HELOU (7) | JARDIM VISTA BELA (2) | JARDIM NOVA ESPERANCA (1)
74470710	JARDIM HELLOU	17	REVISAR	JARDIM HELLOU (10) | RESIDENCIAL JARDIM HELOU (2) | JARDIM DAS HORTENCIAS (1) | JARDIM HELOU (1) | JARDIM VISTA BELA (1) | CHACARAS MANSOES ROSAS DE OURO (1) | JARDIM CAMARGO (1)
74470720	JARDIM HELLOU	2	AUTO	JARDIM HELLOU (2)
74470730	JARDIM HELLOU	1	AUTO	JARDIM HELLOU (1)
74470740	JARDIM HELLOU	1	AUTO	JARDIM HELLOU (1)
74470750	RESIDENCIAL JARDIM HELOU	3	REVISAR	RESIDENCIAL JARDIM HELOU (2) | JARDIM HELLOU (1)
74470760	JARDIM COLORADO	3	REVISAR	JARDIM COLORADO (1) | JARDIM HELLOU (1) | RESIDENCIAL JARDIM HELOU (1)
74470820	RESIDENCIAL JARDIM CAMARGO	1	AUTO	RESIDENCIAL JARDIM CAMARGO (1)
74470825	JARDIM CAMARGO	11	REVISAR	JARDIM CAMARGO (7) | RESIDENCIAL JARDIM CAMARGO (3) | JARDIM COLORADO (1)
74470828	RESIDENCIAL JARDIM CAMARGO	1	AUTO	RESIDENCIAL JARDIM CAMARGO (1)
74470850	JARDIM CAMARGO	17	REVISAR	JARDIM CAMARGO (11) | RESIDENCIAL JARDIM CAMARGO (6)
74470855	JARDIM CAMARGO	5	REVISAR	JARDIM CAMARGO (2) | JARDIM HELLOU (2) | RESIDENCIAL JARDIM CAMARGO (1)
74471110	RESIDENCIAL LONDON PARK	1	AUTO	RESIDENCIAL LONDON PARK (1)
74472041	JARDIM COLORADO	1	AUTO	JARDIM COLORADO (1)
74473170	VILA FINSOCIAL	1	AUTO	VILA FINSOCIAL (1)
74473175	CANDIDA DE MORAES	2	AUTO	CANDIDA DE MORAES (2)
74473210	VILA FINSOCIAL	1	AUTO	VILA FINSOCIAL (1)
74473320	VILA FINSOCIAL	1	AUTO	VILA FINSOCIAL (1)
74473370	VILA FINSOCIAL	1	AUTO	VILA FINSOCIAL (1)
74473401	HUGO DE MORAES	1	AUTO	HUGO DE MORAES (1)
74473490	VILA FINSOCIAL	1	AUTO	VILA FINSOCIAL (1)
74473510	VILA FINSOCIAL	7	AUTO	VILA FINSOCIAL (7)
74473516	VILA FINSOCIAL	2	AUTO	VILA FINSOCIAL (2)
74473525	FINSOCIAL	1	AUTO	FINSOCIAL (1)
74473530	VILA FINSOCIAL	4	REVISAR	VILA FINSOCIAL (3) | FINSOCIAL (1)
74473545	VILA FINSOCIAL	1	AUTO	VILA FINSOCIAL (1)
74473550	VILA FINSOCIAL	3	AUTO	VILA FINSOCIAL (3)
74473560	VILA FINSOCIAL	6	AUTO	VILA FINSOCIAL (6)
74473565	VILA FINSOCIAL	2	AUTO	VILA FINSOCIAL (2)
74473570	VILA FINSOCIAL	7	AUTO	VILA FINSOCIAL (7)
74473590	VILA FINSOCIAL	13	AUTO	VILA FINSOCIAL (13)
74473630	VILA FINSOCIAL	3	AUTO	VILA FINSOCIAL (3)
74473650	VILA FINSOCIAL	6	AUTO	VILA FINSOCIAL (6)
74473690	VILA FINSOCIAL	1	AUTO	VILA FINSOCIAL (1)
74473710	VILA FINSOCIAL	1	AUTO	VILA FINSOCIAL (1)
74473720	VILA FINSOCIAL	1	AUTO	VILA FINSOCIAL (1)
74473730	VILA FINSOCIAL	7	AUTO	VILA FINSOCIAL (7)
74473735	VILA FINSOCIAL	3	AUTO	VILA FINSOCIAL (3)
74473740	VILA FINSOCIAL	3	AUTO	VILA FINSOCIAL (3)
74473750	VILA FINSOCIAL	5	AUTO	VILA FINSOCIAL (5)
74473760	VILA FINSOCIAL	6	AUTO	VILA FINSOCIAL (6)
74473770	VILA FINSOCIAL	1	AUTO	VILA FINSOCIAL (1)
74473780	VILA FINSOCIAL	4	AUTO	VILA FINSOCIAL (4)
74473782	VILA FINSOCIAL	3	REVISAR	VILA FINSOCIAL (2) | FINSOCIAL (1)
74473784	VILA FINSOCIAL	1	AUTO	VILA FINSOCIAL (1)
74473786	VILA FINSOCIAL	1	AUTO	VILA FINSOCIAL (1)
74473788	VILA FINSOCIAL	5	AUTO	VILA FINSOCIAL (5)
74473790	VILA FINSOCIAL	3	AUTO	VILA FINSOCIAL (3)
74473792	VILA FINSOCIAL	6	REVISAR	VILA FINSOCIAL (5) | FINSOCIAL (1)
74473793	VILA FINSOCIAL	1	AUTO	VILA FINSOCIAL (1)
74473796	MORADA DO SOL	1	AUTO	Setor Morada do Sol (1)
74473806	MORADA DO SOL	1	AUTO	SETOR MORADA DO SOL (1)
74473830	MORADA DO SOL	2	VARIACAO	MORADA DO SOL (1) | SETOR MORADA DO SOL (1)
74473831	RESIDENCIAL MARINGA	4	AUTO	RESIDENCIAL MARINGÁ (4)
74473832	RESIDENCIAL MARINGA	4	AUTO	RESIDENCIAL MARINGÁ (4)
74473833	RESIDENCIAL MARINGA	1	AUTO	RESIDENCIAL MARINGÁ (1)
74473834	RESIDENCIAL MARINGA	11	AUTO	RESIDENCIAL MARINGÁ (11)
74473835	RESIDENCIAL MARINGA	32	AUTO	RESIDENCIAL MARINGÁ (32)
74473836	RESIDENCIAL MARINGA	16	AUTO	RESIDENCIAL MARINGÁ (16)
74473838	RESIDENCIAL MARINGA	12	REVISAR	RESIDENCIAL MARINGA (10) | JARDIM COLORADO (2)
74473839	JARDIM DAS HORTENCIAS	1	AUTO	JARDIM DAS HORTENCIAS (1)
74474000	JARDIM COLORADO	6	REVISAR	JARDIM COLORADO (5) | PARQUE TREMENDAO (1)
74474001	JARDIM COLORADO	20	REVISAR	JARDIM COLORADO (18) | JARDIM DAS HORTENCIAS (1) | JARDIM VISTA BELA (1)
74474003	JARDIM COLORADO	15	REVISAR	JARDIM COLORADO (14) | JARDIM HELLOU (1)
74474004	JARDIM COLORADO	4	AUTO	JARDIM COLORADO (4)
74474006	JARDIM COLORADO	85	REVISAR	JARDIM COLORADO (83) | JARDIM COLORADO QD 12 LT 11 (1) | SAO CARLOS (1)
74474008	JARDIM COLORADO	7	REVISAR	JARDIM COLORADO (5) | JARDIM VISTA BELA (1) | PARQUE TREMENDAO (1)
74474009	JARDIM COLORADO	60	REVISAR	JARDIM COLORADO (59) | JARDIM DAS HORTENCIAS (1)
74474010	JARDIM COLORADO	12	REVISAR	JARDIM COLORADO (8) | JARDIM DAS HORTENCIAS (4)
74474011	JARDIM COLORADO	59	REVISAR	JARDIM COLORADO (57) | JARDIM DAS HORTENCIAS (1) | RESIDENCIAL JARDIM COLORADO (1)
74474012	JARDIM COLORADO	5	AUTO	JARDIM COLORADO (5)
74474014	JARDIM COLORADO	34	AUTO	JARDIM COLORADO (34)
74474015	JARDIM COLORADO	10	REVISAR	JARDIM COLORADO (9) | MANSOES PARAISO (1)
74474016	JARDIM COLORADO	16	AUTO	JARDIM COLORADO (16)
74474017	JARDIM COLORADO	14	REVISAR	JARDIM COLORADO (13) | NOVO PLANALTO (1)
74474018	JARDIM COLORADO	33	REVISAR	JARDIM COLORADO (32) | JARDIM COLORADO 1 (1)
74474020	JARDIM COLORADO	11	AUTO	JARDIM COLORADO (11)
74474021	JARDIM COLORADO	31	AUTO	JARDIM COLORADO (31)
74474022	JARDIM COLORADO	9	REVISAR	JARDIM COLORADO (8) | JARDIM VISTA BELA (1)
74474023	JARDIM COLORADO	33	REVISAR	JARDIM COLORADO (32) | PARQUE TREMENDAO (1)
74474024	JARDIM COLORADO	11	REVISAR	JARDIM COLORADO (6) | JARDIM HELLOU (2) | JARDIM VISTA BELA (2) | JARDIM CAMARGO (1)
74474026	JARDIM COLORADO	26	AUTO	JARDIM COLORADO (26)
74474027	JARDIM COLORADO	6	AUTO	JARDIM COLORADO (6)
74474028	JARDIM COLORADO	5	AUTO	JARDIM COLORADO (5)
74474029	JARDIM COLORADO	5	AUTO	JARDIM COLORADO (5)
74474030	VISTA BELA	3	REVISAR	VISTA BELA (2) | JARDIM VISTA BELA (1)
74474031	JARDIM COLORADO	6	REVISAR	JARDIM COLORADO (5) | RESIDENCIAL FORTALEZA (1)
74474032	JARDIM COLORADO	4	AUTO	JARDIM COLORADO (4)
74474033	JARDIM COLORADO	8	AUTO	JARDIM COLORADO (8)
74474034	JARDIM COLORADO	7	AUTO	JARDIM COLORADO (7)
74474038	JARDIM COLORADO	4	REVISAR	JARDIM COLORADO (2) | JARDIM DAS HORTENCIAS (2)
74474039	JARDIM COLORADO	3	AUTO	JARDIM COLORADO (3)
74474040	JARDIM COLORADO	3	REVISAR	JARDIM COLORADO (2) | JARDIM DAS HORTENCIAS (1)
74474041	JARDIM COLORADO	9	REVISAR	JARDIM COLORADO (8) | NOVO PLANALTO (1)
74474044	JARDIM COLORADO	2	AUTO	JARDIM COLORADO (2)
74474045	JARDIM COLORADO	3	AUTO	JARDIM COLORADO (3)
74474046	JARDIM COLORADO	2	AUTO	JARDIM COLORADO (2)
74474047	JARDIM COLORADO	52	REVISAR	JARDIM COLORADO (51) | VILA MUTIRAO (1)
74474048	JARDIM COLORADO	45	REVISAR	JARDIM COLORADO (43) | JARDIM DAS HORTENCIAS (1) | JARDIM VISTA BELA (1)
74474049	JARDIM COLORADO	18	AUTO	JARDIM COLORADO (18)
74474080	JARDIM COLORADO	1	AUTO	JARDIM COLORADO (1)
74474100	JARDIM DAS HORTENCIAS	26	AUTO	JARDIM DAS HORTENCIAS (26)
74474101	JARDIM DAS HORTENCIAS	62	VARIACAO	JARDIM DAS HORTÊNCIAS (58) | JARDIM DAS HORTENSIAS (3) | JARDIM  DAS HORTENCIA (1)
74474102	JARDIM DAS HORTENCIAS	33	AUTO	JARDIM DAS HORTENCIAS (33)
74474103	JARDIM DAS HORTENCIAS	34	REVISAR	JARDIM DAS HORTENCIAS (33) | PARQUE TREMENDAO (1)
74474104	JARDIM DAS HORTENCIAS	17	AUTO	JARDIM DAS HORTÊNCIAS (17)
74474105	JARDIM DAS HORTENCIAS	29	AUTO	JARDIM DAS HORTENCIAS (29)
74474106	JARDIM DAS HORTENCIAS	7	AUTO	JARDIM DAS HORTÊNCIAS (7)
74474107	JARDIM DAS HORTENCIAS	1	AUTO	JARDIM DAS HORTENCIAS (1)
74474108	JARDIM DAS HORTENCIAS	3	REVISAR	JARDIM DAS HORTENCIAS (2) | JARDIM COLORADO (1)
74474109	JARDIM DAS HORTENCIAS	1	AUTO	JARDIM DAS HORTENCIAS (1)
74474110	JARDIM DAS HORTENCIAS	4	REVISAR	JARDIM DAS HORTENCIAS (3) | JARDIM CURITIBA IV (1)
74474113	JARDIM DAS HORTENCIAS	2	AUTO	JARDIM DAS HORTENCIAS (2)
74474114	JARDIM DAS HORTENCIAS	3	REVISAR	JARDIM DAS HORTENCIAS (2) | JARDIM VISTA BELA (1)
74474115	JARDIM DAS HORTENCIAS	10	REVISAR	JARDIM DAS HORTENCIAS (9) | RESIDENCIAL MARINGA (1)
74474116	JARDIM DAS HORTENCIAS	24	VARIACAO	JARDIM DAS HORTENCIAS (23) | JARDIM DAS HORTENCIA (1)
74474117	JARDIM DAS HORTENCIAS	8	AUTO	JARDIM DAS HORTENCIAS (8)
74474118	JARDIM DAS HORTENCIAS	10	AUTO	JARDIM DAS HORTÊNCIAS (10)
74474119	JARDIM COLORADO	2	REVISAR	JARDIM COLORADO (1) | JARDIM DAS HORTENCIAS (1)
74474120	JARDIM DAS HORTENCIAS	2	VARIACAO	JARDIM DAS HORTENCIAS (1) | JARDIM DAS HORTENSIAS (1)
74474121	JARDIM DAS HORTENCIAS	14	AUTO	JARDIM DAS HORTENCIAS (14)
74474122	JARDIM DAS HORTENCIAS	8	AUTO	JARDIM DAS HORTENCIAS (8)
74474123	JARDIM DAS HORTENCIAS	17	REVISAR	JARDIM DAS HORTENCIAS (16) | JARDIM COLORADO (1)
74474125	JARDIM DAS HORTENCIAS	8	AUTO	JARDIM DAS HORTENCIAS (8)
74474126	JARDIM DAS HORTENCIAS	2	AUTO	JARDIM DAS HORTÊNCIAS (2)
74474127	JARDIM DAS HORTENCIAS	11	VARIACAO	JARDIM DAS HORTENCIAS (10) | JARDIM DAS HORTÊNSIAS (1)
74474128	JARDIM DAS HORTENCIAS	22	AUTO	JARDIM DAS HORTENCIAS (22)
74474129	JARDIM DAS HORTENCIAS	12	REVISAR	JARDIM DAS HORTENCIAS (11) | JARDIM COLORADO (1)
74474130	JARDIM DAS HORTENCIAS	10	AUTO	JARDIM DAS HORTENCIAS (10)
74474131	JARDIM DAS HORTENCIAS	9	VARIACAO	JARDIM DAS HORTENCIAS (8) | JARDIM DAS HORTENCIA (1)
74474133	JARDIM DAS HORTENCIAS	6	AUTO	JARDIM DAS HORTENCIAS (6)
74474134	JARDIM DAS HORTENCIAS	3	AUTO	JARDIM DAS HORTÊNCIAS (3)
74474136	JARDIM DAS HORTENCIAS	12	REVISAR	JARDIM DAS HORTENCIAS (11) | PARQUE TREMENDAO (1)
74474137	JARDIM DAS HORTENCIAS	7	REVISAR	JARDIM DAS HORTENCIAS (6) | JARDIN DAS HORTENCIAS (1)
74474138	JARDIM DAS HORTENCIAS	5	AUTO	JARDIM DAS HORTÊNCIAS (5)
74474139	JARDIM DAS HORTENCIAS	4	AUTO	JARDIM DAS HORTÊNCIAS (4)
74474140	JARDIM DAS HORTENCIAS	25	REVISAR	JARDIM DAS HORTENCIAS (16) | JARDIM CURITIBA IV (2) | PARQUE TREMENDAO (2) | PORTAL DAS HORTENCIAS (1) | CANDIDA DE MORAES (1) | RESIDENCIAL GREEN PARK (1) | JARDIM COLORADO (1) | NOVO PLANALTO (1)
74474141	JARDIM DAS HORTENCIAS	3	AUTO	JARDIM DAS HORTÊNCIAS (3)
74474142	JARDIM DAS HORTENCIAS	16	VARIACAO	JARDIM DAS HORTENCIAS (15) | JARDIM DAS HORTENCIA (1)
74474143	JARDIM DAS HORTENCIAS	1	AUTO	JARDIM DAS HORTÊNCIAS (1)
74474144	JARDIM DAS HORTENCIAS	8	AUTO	JARDIM DAS HORTENCIAS (8)
74474145	JARDIM DAS HORTENCIAS	2	AUTO	JARDIM DAS HORTÊNCIAS (2)
74474146	JARDIM DAS HORTENCIAS	3	AUTO	JARDIM DAS HORTENCIAS (3)
74474148	JARDIM DAS HORTENCIAS	1	AUTO	JARDIM DAS HORTÊNCIAS (1)
74474200	JARDIM VISTA BELA	42	REVISAR	JARDIM VISTA BELA (37) | JARDIM COLORADO (5)
74474201	JARDIM VISTA BELA	8	AUTO	JARDIM VISTA BELA (8)
74474202	JARDIM VISTA BELA	17	AUTO	JARDIM VISTA BELA (17)
74474203	JARDIM VISTA BELA	60	REVISAR	JARDIM VISTA BELA (54) | PARQUE TREMENDAO (1) | JARDIM LIBERDADE (1) | NOVO PLANALTO (1) | VISTA BELA (1) | JARDIM DAS HORTENCIAS (1) | MANSOES PARAISO (1)
74474204	JARDIM VISTA BELA	10	REVISAR	JARDIM VISTA BELA (9) | ST MARABA (1)
74474205	JARDIM VISTA BELA	11	AUTO	JARDIM VISTA BELA (11)
74474206	JARDIM VISTA BELA	27	AUTO	JARDIM VISTA BELA (27)
74474208	JARDIM VISTA BELA	9	REVISAR	JARDIM VISTA BELA (8) | JARDIM COLORADO (1)
74474209	JARDIM VISTA BELA	23	AUTO	JARDIM VISTA BELA (23)
74474210	JARDIM VISTA BELA	9	AUTO	JARDIM VISTA BELA (9)
74474211	JARDIM VISTA BELA	11	AUTO	JARDIM VISTA BELA (11)
74474212	JARDIM VISTA BELA	14	REVISAR	JARDIM VISTA BELA (13) | JARDIM COLORADO (1)
74474250	RESIDENCIAL ANGLO	23	REVISAR	RESIDENCIAL ANGLO (22) | JARDIM COLORADO (1)
74474251	RESIDENCIAL ANGLO	5	AUTO	RESIDENCIAL ANGLO (5)
74474252	RESIDENCIAL ANGLO	2	AUTO	RESIDENCIAL ANGLO (2)
74474253	RESIDENCIAL ANGLO	15	AUTO	RESIDENCIAL ANGLO (15)
74474257	JARDIM COLORADO	4	REVISAR	JARDIM COLORADO (1) | RESIDENCIAL ANGLO (1) | RESIDENCIAL JARDIM COLORADO (1) | JARDIM COLORADO SUL (1)
74474258	JARDIM COLORADO	2	REVISAR	JARDIM COLORADO (1) | RESIDENCIAL ANGLO (1)
74474275	JARDIM NOVA ESPERANCA	1	AUTO	JARDIM NOVA ESPERANÇA (1)
74474309	RECANTO DO BOSQUE	1	AUTO	RECANTO DO BOSQUE (1)
74474310	RESIDENCIAL RECANTO DO BOSQUE	1	AUTO	Residencial Recanto do Bosque (1)
74474315	RESIDENCIAL RECANTO DO BOSQUE	1	AUTO	Residencial Recanto do Bosque (1)
74474367	RESIDENCIAL RECANTO DO BOSQUE	1	AUTO	Residencial Recanto do Bosque (1)
74474396	RESIDENCIAL RECANTO DO BOSQUE	1	AUTO	Residencial Recanto do Bosque (1)
74474400	VILA MUTIRAO	1	AUTO	VILA MUTIRÃO (1)
74474401	RESIDENCIAL RECANTO DO BOSQUE	1	AUTO	Residencial Recanto do Bosque (1)
74474410	RESIDENCIAL PRIVE NORTE	29	REVISAR	RESIDENCIAL PRIVE NORTE (17) | DOM CONSTANTINO (11) | JARDIM DAS HORTENCIAS (1)
74474411	NOVO PLANALTO	1	AUTO	NOVO PLANALTO (1)
74474412	RESIDENCIAL PRIVE NORTE	5	AUTO	RESIDENCIAL PRIVE NORTE (5)
74474413	RESIDENCIAL PRIVE NORTE	11	AUTO	RESIDENCIAL PRIVÊ NORTE (11)
74474414	RESIDENCIAL PRIVE NORTE	5	AUTO	RESIDENCIAL PRIVÊ NORTE (5)
74474415	RESIDENCIAL PRIVE NORTE	18	REVISAR	RESIDENCIAL PRIVE NORTE (17) | JARDIM COLORADO (1)
74474416	RESIDENCIAL PRIVE NORTE	3	AUTO	RESIDENCIAL PRIVÊ NORTE (3)
74474418	RESIDENCIAL PRIVE NORTE	7	AUTO	RESIDENCIAL PRIVE NORTE (7)
74474420	RESIDENCIAL PRIVE NORTE	18	AUTO	RESIDENCIAL PRIVÊ NORTE (18)
74474422	RESIDENCIAL PRIVE NORTE	4	AUTO	RESIDENCIAL PRIVÊ NORTE (4)
74474473	VILA FINSOCIAL	1	AUTO	VILA FINSOCIAL (1)
74474500	JARDIM COLORADO EXTENSAO	5	REVISAR	JARDIM COLORADO EXTENSAO (3) | JARDIM COLORADO (2)
74474505	JARDIM COLORADO	21	REVISAR	JARDIM COLORADO (12) | JARDIM COLORADO EXTENSAO (9)
74474506	JARDIM COLORADO	1	AUTO	JARDIM COLORADO (1)
74474510	JARDIM COLORADO	6	REVISAR	JARDIM COLORADO (3) | JARDIM COLORADO EXTENSAO (2) | PARQUE TREMENDAO (1)
74474550	JARDIM COLORADO	2	AUTO	JARDIM COLORADO (2)
74474555	JARDIM COLORADO	4	REVISAR	JARDIM COLORADO (2) | JARDIM COLORADO SUL (2)
74474600	JARDIM COLORADO	2	AUTO	JARDIM COLORADO (2)
74474605	JARDIM COLORADO	48	REVISAR	JARDIM COLORADO (33) | JARDIM COLORADO I (14) | JARDIM DAS HORTENCIAS (1)
74474615	JARDIM COLORADO	5	REVISAR	JARDIM COLORADO (3) | JARDIM COLORADO I (2)
74474620	JARDIM COLORADO I	1	AUTO	Jardim Colorado I (1)
74474625	JARDIM COLORADO	16	REVISAR	JARDIM COLORADO (13) | JARDIM COLORADO I (3)
74474630	JARDIM COLORADO I	2	AUTO	JARDIM COLORADO I (2)
74474635	JARDIM COLORADO I	2	REVISAR	JARDIM COLORADO I (1) | JARDIM COLORADO (1)
74474640	JARDIM COLORADO	23	REVISAR	JARDIM COLORADO (16) | JARDIM COLORADO I (6) | NOROESTE (1)
74474645	JARDIM COLORADO	15	REVISAR	JARDIM COLORADO (11) | JARDIM COLORADO I (3) | JARDIM COLORADO L (1)
74474650	JARDIM COLORADO II	1	AUTO	Jardim Colorado II (1)
74474655	JARDIM COLORADO II	1	AUTO	JARDIM COLORADO II (1)
74474660	JARDIM COLORADO	2	AUTO	JARDIM COLORADO (2)
74474665	JARDIM COLORADO	2	REVISAR	JARDIM COLORADO (1) | JARDIM COLORADO II (1)
74474670	JARDIM COLORADO	6	REVISAR	JARDIM COLORADO (5) | JARDIM COLORADO II (1)
74474675	JARDIM LIBERDADE	1	AUTO	JARDIM LIBERDADE (1)
74474680	JARDIM LAGO AZUL	1	AUTO	JARDIM LAGO AZUL (1)
74474705	JARDIM COLORADO	3	REVISAR	JARDIM COLORADO (2) | JARDIM LAGO AZUL (1)
74474744	JARDIM COLORADO	1	AUTO	JARDIM COLORADO (1)
74474805	PARQUE TREMENDAO	1	AUTO	PARQUE TREMENDÃO (1)
74475003	PARQUE TREMENDAO	1	AUTO	PARQUE TREMENDÃO (1)
74475005	PARQUE TREMENDAO	2	VARIACAO	SETOR PARQUE TREMENDÃO (1) | PARQUE TREMENDÃO (1)
74475009	PARQUE TREMENDAO	12	REVISAR	PARQUE TREMENDAO (11) | NOVO PLANALTO (1)
74475010	PARQUE TREMENDAO	1	AUTO	SETOR PARQUE TREMENDÃO (1)
74475012	PARQUE TREMENDAO	1	AUTO	SETOR PARQUE TREMENDÃO (1)
74475014	PARQUE TREMENDAO	1	AUTO	Setor Parque Tremendão (1)
74475017	PARQUE TREMENDAO	1	AUTO	Setor Parque Tremendão (1)
74475020	PARQUE TREMENDAO	24	REVISAR	PARQUE TREMENDAO (23) | PARQUE TREMENDAO 2 (1)
74475023	PARQUE TREMENDAO	2	AUTO	Setor Parque Tremendão (2)
74475028	PARQUE TREMENDAO	7	VARIACAO	PARQUE TREMENDÃO (5) | Setor Parque Tremendão (2)
74475029	PARQUE TREMENDAO	1	AUTO	PARQUE TREMENDÃO (1)
74475030	PARQUE TREMENDAO	1	AUTO	PARQUE TREMENDÃO (1)
74475032	PARQUE TREMENDAO	2	AUTO	PARQUE TREMENDÃO (2)
74475035	PARQUE TREMENDAO	1	AUTO	Setor Parque Tremendão (1)
74475037	PARQUE TREMENDAO	1	AUTO	PARQUE TREMENDÃO (1)
74475038	PARQUE TREMENDAO	1	AUTO	Setor Parque Tremendão (1)
74475041	PARQUE TREMENDAO	1	AUTO	Setor Parque Tremendão (1)
74475047	PARQUE TREMENDAO	2	VARIACAO	Setor Parque Tremendão (1) | PARQUE TREMENDÃO (1)
74475050	PARQUE TREMENDAO	4	VARIACAO	PARQUE TREMENDÃO (3) | SETOR PARQUE TREMENDÃO (1)
74475052	PARQUE TREMENDAO	1	AUTO	PARQUE TREMENDÃO (1)
74475053	PARQUE TREMENDAO	1	AUTO	Setor Parque Tremendão (1)
74475054	PARQUE TREMENDAO	1	AUTO	PARQUE TREMENDÃO (1)
74475055	PARQUE TREMENDAO	1	AUTO	Setor Parque Tremendão (1)
74475056	PARQUE TREMENDAO	2	AUTO	PARQUE TREMENDÃO (2)
74475057	PARQUE TREMENDAO	2	AUTO	SETOR PARQUE TREMENDÃO (2)
74475059	PARQUE TREMENDAO	3	AUTO	PARQUE TREMENDÃO (3)
74475060	PARQUE TREMENDAO	4	REVISAR	PARQUE TREMENDAO (3) | JARDIM LIBERDADE (1)
74475061	PARQUE TREMENDAO	1	AUTO	PARQUE TREMENDÃO (1)
74475062	PARQUE TREMENDAO	3	VARIACAO	PARQUE TREMENDÃO (2) | SETOR PARQUE TREMENDÃO (1)
74475064	PARQUE TREMENDAO	1	AUTO	PARQUE TREMENDÃO (1)
74475070	PARQUE TREMENDAO	5	VARIACAO	Setor Parque Tremendão (4) | PARQUE TREMENDÃO (1)
74475073	PARQUE TREMENDAO	1	AUTO	Setor Parque Tremendão (1)
74475075	PARQUE TREMENDAO	7	REVISAR	PARQUE TREMENDAO (3) | VILAGE NOROESTE (2) | VILLAGE NOROESTE (1) | PARQUE TREMNDAO (1)
74475076	PARQUE TREMENDAO	1	AUTO	Setor Parque Tremendão (1)
74475077	PARQUE TREMENDAO	3	AUTO	PARQUE TREMENDÃO (3)
74475078	PARQUE TREMENDAO	1	AUTO	SETOR PARQUE TREMENDÃO (1)
74475079	PARQUE TREMENDAO	1	AUTO	PARQUE TREMENDÃO (1)
74475082	PARQUE TREMENDAO	3	VARIACAO	PARQUE TREMENDÃO (2) | Setor Parque Tremendão (1)
74475090	PARQUE TREMENDAO	4	VARIACAO	PARQUE TREMENDÃO (3) | Setor Parque Tremendão (1)
74475092	PARQUE TREMENDAO	1	AUTO	PARQUE TREMENDÃO (1)
74475094	PARQUE TREMENDAO	2	AUTO	PARQUE TREMENDÃO (2)
74475095	PARQUE TREMENDAO	3	REVISAR	PARQUE TREMENDAO (2) | RESIDENCIAL VALE DOS CARAIBAS (1)
74475104	PARQUE TREMENDAO	1	AUTO	SETOR PARQUE TREMENDÃO (1)
74475110	MORADA DO SOL	1	AUTO	Setor Morada do Sol (1)
74475115	MORADA DO SOL	9	VARIACAO	MORADA DO SOL (7) | SETOR MORADA DO SOL (2)
74475116	MORADA DO SOL	1	AUTO	MORADA DO SOL (1)
74475122	VILA FINSOCIAL	3	REVISAR	VILA FINSOCIAL (2) | MORADA DO SOL (1)
74475124	MORADA DO SOL	4	VARIACAO	SETOR MORADA DO SOL (3) | MORADA DO SOL (1)
74475125	MORADA DO SOL	1	AUTO	MORADA DO SOL (1)
74475130	MORADA DO SOL	1	AUTO	MORADA DO SOL (1)
74475132	MORADA DO SOL	1	AUTO	Setor Morada do Sol (1)
74475137	MORADA DO SOL	6	REVISAR	MORADA DO SOL (5) | SITIO RECREIO MORADA DO SOL (1)
74475138	MORADA DO SOL	4	VARIACAO	SETOR MORADA DO SOL (2) | MORADA DO SOL (2)
74475140	MORADA DO SOL	2	AUTO	MORADA DO SOL (2)
74475143	MORADA DO SOL	13	REVISAR	MORADA DO SOL (12) | VILA FINSOCIAL (1)
74475160	MORADA DO SOL	1	AUTO	MORADA DO SOL (1)
74475179	MORADA DO SOL	1	AUTO	Setor Morada do Sol (1)
74475204	MORADA DO SOL	3	VARIACAO	MORADA DO SOL (2) | Setor Morada do Sol (1)
74475214	MORADA DO SOL	1	AUTO	Setor Morada do Sol (1)
74475223	MORADA DO SOL	1	AUTO	MORADA DO SOL (1)
74475226	MORADA DO SOL	1	AUTO	MORADA DO SOL (1)
74475230	MORADA DO SOL	1	AUTO	MORADA DO SOL (1)
74475237	MORADA DO SOL	1	AUTO	SETOR MORADA DO SOL (1)
74475260	ESTRELA DALVA	1	AUTO	SETOR ESTRELA DALVA (1)
74475292	ESTRELA DALVA	1	AUTO	Setor Estrela Dalva (1)
74475296	ESTRELA DALVA	1	AUTO	Setor Estrela Dalva (1)
74475298	ESTRELA DALVA	1	AUTO	ESTRELA DALVA (1)
74475300	ESTRELA DALVA	1	AUTO	ESTRELA DALVA (1)
74475314	ESTRELA DALVA	1	AUTO	SETOR ESTRELA DALVA (1)
74475318	ESTRELA DALVA	1	AUTO	Setor Estrela Dalva (1)
74475332	ESTRELA DALVA	1	AUTO	SETOR ESTRELA DALVA (1)
74475343	RESIDENCIAL BRISAS DA MATA	1	AUTO	RESIDENCIAL BRISAS DA MATA (1)
74475344	RESIDENCIAL BRISAS DA MATA	1	AUTO	RESIDENCIAL BRISAS DA MATA (1)
74475354	RESIDENCIAL BRISAS DA MATA	1	AUTO	Residencial Brisas da Mata (1)
74475356	RESIDENCIAL BRISAS DA MATA	1	AUTO	Residencial Brisas da Mata (1)
74475358	RESIDENCIAL BRISAS DA MATA	1	AUTO	Residencial Brisas da Mata (1)
74475400	VILA MUTIRAO II	2	REVISAR	VILA MUTIRAO II (1) | VILA MUTIRAO (1)
74475405	VILA MUTIRAO	5	REVISAR	VILA MUTIRAO (3) | VILA MUTIRAO II (2)
74475410	VILA MUTIRAO	15	REVISAR	VILA MUTIRAO (11) | VILA MUTIRAO II (2) | JARDIM LIBERDADE (2)
74475415	VILA MUTIRAO II	3	REVISAR	VILA MUTIRAO II (2) | VILA MUTIRAO (1)
74475417	VILA MUTIRAO II	3	REVISAR	VILA MUTIRAO II (2) | VILA MUTIRAO (1)
74475420	VILA MUTIRAO II	18	REVISAR	VILA MUTIRAO II (9) | VILA MUTIRAO (7) | JARDIM LIBERDADE (2)
74475422	RESIDENCIAL PRIVE NORTE	1	AUTO	RESIDENCIAL PRIVE NORTE (1)
74475425	VILA MUTIRAO	3	REVISAR	VILA MUTIRAO (2) | VILA MUTIRAO II (1)
74475430	VILA MUTIRAO	4	REVISAR	VILA MUTIRAO (3) | VILA MUTIRAO II (1)
74475440	VILA MUTIRAO	9	REVISAR	VILA MUTIRAO (7) | VILA MUTIRAO II (2)
74475450	VILA MUTIRAO	10	REVISAR	VILA MUTIRAO (6) | VILA MUTIRAO II (3) | JARDIM LIBERDADE (1)
74475455	VILA MUTIRAO	5	REVISAR	VILA MUTIRAO (3) | VILA MUTIRAO II (2)
74475460	VILA MUTIRAO	30	REVISAR	VILA MUTIRAO (17) | VILA MUTIRAO II (9) | JARDIM LIBERDADE (4)
74475463	JARDIM LIBERDADE	9	REVISAR	JARDIM LIBERDADE (5) | VILA MUTIRAO II (4)
74475465	VILA MUTIRAO	6	REVISAR	VILA MUTIRAO (3) | VILA MUTIRAO II (2) | JARDIM LIBERDADE (1)
74475467	VILA MUTIRAO	7	REVISAR	VILA MUTIRAO (5) | JARDIM LIBERDADE (2)
74475470	VILA MUTIRAO	17	REVISAR	VILA MUTIRAO (11) | VILA MUTIRAO II (6)
74475474	VILA MUTIRAO	1	AUTO	VILA MUTIRÃO (1)
74475475	VILA MUTIRAO	16	REVISAR	VILA MUTIRAO (10) | VILA MUTIRAO II (6)
74475485	VILA MUTIRAO	2	REVISAR	VILA MUTIRAO (1) | JARDIM LIBERDADE (1)
74475490	JARDIM LIBERDADE	1	AUTO	JARDIM LIBERDADE (1)
74475500	VILA MUTIRAO	1	AUTO	VILA MUTIRÃO (1)
74475520	JARDIM LIBERDADE	47	REVISAR	JARDIM LIBERDADE (43) | VILA MUTIRAO (4)
74475530	JARDIM LIBERDADE	43	REVISAR	JARDIM LIBERDADE (42) | LIBERDADE (1)
74475535	JARDIM LIBERDADE	29	AUTO	JARDIM LIBERDADE (29)
74475540	JARDIM LIBERDADE	16	REVISAR	JARDIM LIBERDADE (14) | VILA MUTIRAO (2)
74475550	JARDIM LIBERDADE	24	REVISAR	JARDIM LIBERDADE (23) | PERIM (1)
74475570	JARDIM LIBERDADE	10	AUTO	JARDIM LIBERDADE (10)
74475574	JARDIM LIBERDADE	1	AUTO	JARDIM LIBERDADE (1)
74475575	JARDIM LIBERDADE	36	AUTO	JARDIM LIBERDADE (36)
74475580	JARDIM LIBERDADE	38	REVISAR	JARDIM LIBERDADE (34) | VILA MUTIRAO (2) | RESIDENCIAL FORTALEZA (1) | JARDIM VISTA BELA (1)
74475590	JARDIM LIBERDADE	41	AUTO	JARDIM LIBERDADE (41)
74475600	JARDIM LIBERDADE	11	AUTO	JARDIM LIBERDADE (11)
74475610	JARDIM LIBERDADE	27	REVISAR	JARDIM LIBERDADE (26) | NOVO PLANALTO (1)
74475620	JARDIM LIBERDADE	10	AUTO	JARDIM LIBERDADE (10)
74475625	JARDIM COLORADO	1	AUTO	JARDIM COLORADO (1)
74475630	JARDIM LIBERDADE	4	REVISAR	JARDIM LIBERDADE (3) | VILA MUTIRAO (1)
74475640	JARDIM LIBERDADE	39	AUTO	JARDIM LIBERDADE (39)
74475650	JARDIM LIBERDADE	27	AUTO	JARDIM LIBERDADE (27)
74475660	JARDIM LIBERDADE	77	REVISAR	JARDIM LIBERDADE (74) | VILA MUTIRAO (3)
74475670	JARDIM LIBERDADE	15	AUTO	JARDIM LIBERDADE (15)
74475675	JARDIM LIBERDADE	13	AUTO	JARDIM LIBERDADE (13)
74475680	JARDIM LIBERDADE	10	REVISAR	JARDIM LIBERDADE (9) | NOVO PLANALTO (1)
74475742	ESTRELA DALVA	1	AUTO	SETOR ESTRELA DALVA (1)
74475757	JARDIM LIBERDADE	1	AUTO	JARDIM LIBERDADE (1)
74475801	PARQUE TREMENDAO	11	VARIACAO	SETOR PARQUE TREMENDÃO (6) | PARQUE TREMENDÃO (5)
74475802	PARQUE TREMENDAO	9	REVISAR	PARQUE TREMENDAO (7) | TREMENDAO (1) | PARQUE TREMENDAO 2 (1)
74475803	PARQUE TREMENDAO	20	VARIACAO	PARQUE TREMENDÃO (16) | SETOR PARQUE TREMENDÃO (4)
74475804	PARQUE TREMENDAO	16	VARIACAO	PARQUE TREMENDÃO (8) | SETOR PARQUE TREMENDÃO (8)
74475805	PARQUE TREMENDAO	2	AUTO	PARQUE TREMENDÃO (2)
74475807	PARQUE TREMENDAO	11	VARIACAO	PARQUE TREMENDÃO (8) | SETOR PARQUE TREMENDÃO (3)
74475809	PARQUE TREMENDAO	1	AUTO	PARQUE TREMENDÃO (1)
74475810	PARQUE TREMENDAO	8	VARIACAO	PARQUE TREMENDÃO (4) | SETOR PARQUE TREMENDÃO (4)
74475813	PARQUE TREMENDAO	2	AUTO	PARQUE TREMENDÃO (2)
74475818	PARQUE TREMENDAO	1	AUTO	Setor Parque Tremendão (1)
74475820	PARQUE TREMENDAO	1	AUTO	Setor Parque Tremendão (1)
74475845	VILA MUTIRAO	1	AUTO	VILA MUTIRÃO (1)
74475860	PARQUE TREMENDAO	14	VARIACAO	PARQUE TREMENDÃO (10) | SETOR PARQUE TREMENDÃO (4)
74476005	RESIDENCIAL FORTALEZA	1	AUTO	RESIDENCIAL FORTALEZA (1)
74476010	RESIDENCIAL FORTALEZA	2	AUTO	RESIDENCIAL FORTALEZA (2)
74476020	RESIDENCIAL FORTALEZA	1	AUTO	RESIDENCIAL FORTALEZA (1)
74476030	RESIDENCIAL FORTALEZA	11	REVISAR	RESIDENCIAL FORTALEZA (10) | DA VITORIA (1)
74476040	RESIDENCIAL FORTALEZA	4	AUTO	RESIDENCIAL FORTALEZA (4)
74476050	RESIDENCIAL FORTALEZA	19	AUTO	RESIDENCIAL FORTALEZA (19)
74476065	RESIDENCIAL FORTALEZA	7	REVISAR	RESIDENCIAL FORTALEZA (5) | NOVO PLANALTO (1) | JARDIM LIBERDADE (1)
74476070	RESIDENCIAL FORTALEZA	23	AUTO	RESIDENCIAL FORTALEZA (23)
74476080	RESIDENCIAL FORTALEZA	2	AUTO	RESIDENCIAL FORTALEZA (2)
74476100	RESIDENCIAL FORTALEZA	3	REVISAR	RESIDENCIAL FORTALEZA (2) | CONDOMINIO TERRA NOVA (1)
74476110	RESIDENCIAL FORTALEZA	9	REVISAR	RESIDENCIAL FORTALEZA (6) | JARDIM LIBERDADE (2) | VILA MUTIRAO (1)
74476125	CONJUNTO RESIDENCIAL PAULO PACHECO	1	AUTO	CONJUNTO RESIDENCIAL PAULO PACHECO (1)
74477001	DA VITORIA	5	VARIACAO	BAIRRO DA VITORIA (3) | DA VITÓRIA (2)
74477002	DA VITORIA	1	AUTO	BAIRRO DA VITORIA (1)
74477003	DA VITORIA	7	VARIACAO	BAIRRO DA VITORIA (4) | Da Vitória (3)
74477004	DA VITORIA	3	VARIACAO	BAIRRO DA VITÓRIA (2) | Da Vitória (1)
74477005	DA VITORIA	1	AUTO	BAIRRO DA VITÓRIA (1)
74477006	DA VITORIA	7	VARIACAO	BAIRRO DA VITORIA (4) | DA VITÓRIA (3)
74477007	DA VITORIA	1	AUTO	DA VITÓRIA (1)
74477008	DA VITORIA	2	AUTO	DA VITÓRIA (2)
74477009	SAO CARLOS	2	REVISAR	SAO CARLOS (1) | DA VITORIA (1)
74477010	DA VITORIA	4	REVISAR	DA VITORIA (2) | RESERVA CAMPO BELO (1) | CONDOMINIO TERRA NOVA (1)
74477011	DA VITORIA	2	AUTO	BAIRRO DA VITORIA (2)
74477012	DA VITORIA	10	REVISAR	DA VITORIA (6) | JARDIM NOVA ESPERANCA (2) | CANDIDA DE MORAES (1) | SAO CARLOS (1)
74477018	DA VITORIA	1	AUTO	Da Vitória (1)
74477019	DA VITORIA	4	AUTO	BAIRRO DA VITÓRIA (4)
74477020	DA VITORIA	12	VARIACAO	BAIRRO DA VITÓRIA (6) | DA VITÓRIA (6)
74477021	DA VITORIA	5	VARIACAO	BAIRRO DA VITÓRIA (4) | DA VITÓRIA (1)
74477022	DA VITORIA	3	AUTO	BAIRRO DA VITORIA (3)
74477024	DA VITORIA	3	VARIACAO	BAIRRO DA VITORIA (2) | Da Vitória (1)
74477025	DA VITORIA	3	VARIACAO	BAIRRO DA VITÓRIA (2) | Da Vitória (1)
74477026	DA VITORIA	1	AUTO	BAIRRO DA VITÓRIA (1)
74477027	DA VITORIA	3	VARIACAO	BAIRRO DA VITÓRIA (2) | DA VITÓRIA (1)
74477030	DA VITORIA	7	VARIACAO	BAIRRO DA VITÓRIA (6) | DA VITÓRIA (1)
74477031	DA VITORIA	4	AUTO	BAIRRO DA VITÓRIA (4)
74477032	DA VITORIA	2	AUTO	DA VITÓRIA (2)
74477033	DA VITORIA	2	AUTO	DA VITÓRIA (2)
74477034	DA VITORIA	5	VARIACAO	BAIRRO DA VITÓRIA (4) | Da Vitória (1)
74477036	DA VITORIA	11	VARIACAO	Da Vitória (7) | BAIRRO DA VITÓRIA (4)
74477038	DA VITORIA	3	AUTO	BAIRRO DA VITÓRIA (3)
74477040	DA VITORIA	1	AUTO	BAIRRO DA VITÓRIA (1)
74477041	DA VITORIA	4	VARIACAO	BAIRRO DA VITÓRIA (3) | Da Vitória (1)
74477043	DA VITORIA	5	VARIACAO	Da Vitória (3) | BAIRRO DA VITÓRIA (2)
74477044	DA VITORIA	2	VARIACAO	BAIRRO DA VITORIA (1) | Da Vitória (1)
74477045	DA VITORIA	4	VARIACAO	DA VITÓRIA (2) | BAIRRO DA VITÓRIA (2)
74477048	DA VITORIA	5	AUTO	BAIRRO DA VITORIA (5)
74477049	DA VITORIA	1	AUTO	DA VITÓRIA (1)
74477050	DA VITORIA	2	AUTO	DA VITÓRIA (2)
74477051	DA VITORIA	2	AUTO	DA VITÓRIA (2)
74477053	DA VITORIA	4	VARIACAO	BAIRRO DA VITÓRIA (3) | DA VITÓRIA (1)
74477054	DA VITORIA	3	VARIACAO	DA VITÓRIA (2) | BAIRRO DA VITÓRIA (1)
74477055	DA VITORIA	3	AUTO	BAIRRO DA VITÓRIA (3)
74477056	DA VITORIA	2	AUTO	BAIRRO DA VITÓRIA (2)
74477057	DA VITORIA	12	VARIACAO	BAIRRO DA VITORIA (6) | DA VITÓRIA (6)
74477058	SAO CARLOS	4	AUTO	SÃO CARLOS (4)
74477059	SAO CARLOS	2	AUTO	SÃO CARLOS (2)
74477060	SAO CARLOS	1	AUTO	SÃO CARLOS (1)
74477061	SAO CARLOS	7	AUTO	SÃO CARLOS (7)
74477062	SAO CARLOS	12	AUTO	SÃO CARLOS (12)
74477063	SAO CARLOS	1	AUTO	SÃO CARLOS (1)
74477064	SAO CARLOS	1	AUTO	SÃO CARLOS (1)
74477066	SAO CARLOS	10	AUTO	SÃO CARLOS (10)
74477067	SAO CARLOS	6	VARIACAO	SÃO CARLOS (5) | BAIRRO SÃO CARLOS (1)
74477068	SAO CARLOS	6	AUTO	SÃO CARLOS (6)
74477069	SAO CARLOS	2	AUTO	SÃO CARLOS (2)
74477070	SAO CARLOS	6	VARIACAO	SÃO CARLOS (5) | BAIRRO SÃO CARLOS (1)
74477071	SAO CARLOS	4	AUTO	SÃO CARLOS (4)
74477072	DA VITORIA	2	VARIACAO	Da Vitoria (1) | BAIRRO DA VITÓRIA (1)
74477074	SAO CARLOS	4	AUTO	SÃO CARLOS (4)
74477076	SAO CARLOS	4	REVISAR	SAO CARLOS (3) | DA VITORIA (1)
74477078	SAO CARLOS	4	AUTO	SÃO CARLOS (4)
74477079	SAO CARLOS	2	AUTO	SÃO CARLOS (2)
74477080	SAO CARLOS	4	AUTO	SÃO CARLOS (4)
74477081	SAO CARLOS	7	AUTO	SÃO CARLOS (7)
74477083	SAO CARLOS	4	AUTO	SÃO CARLOS (4)
74477084	SAO CARLOS	3	AUTO	São Carlos (3)
74477086	SAO CARLOS	1	AUTO	SÃO CARLOS (1)
74477087	SAO CARLOS	3	AUTO	SÃO CARLOS (3)
74477088	SAO CARLOS	14	REVISAR	SAO CARLOS (13) | JARDIM NOVA ESPERANCA (1)
74477089	SAO CARLOS	6	AUTO	SÃO CARLOS (6)
74477091	SAO CARLOS	4	AUTO	SÃO CARLOS (4)
74477092	SAO CARLOS	1	AUTO	São Carlos (1)
74477093	SAO CARLOS	1	AUTO	SÃO CARLOS (1)
74477094	SAO CARLOS	3	AUTO	SÃO CARLOS (3)
74477096	SAO CARLOS	2	AUTO	SÃO CARLOS (2)
74477097	SAO CARLOS	7	AUTO	SÃO CARLOS (7)
74477098	SAO CARLOS	4	AUTO	SAO CARLOS (4)
74477099	SAO CARLOS	4	AUTO	SÃO CARLOS (4)
74477100	SAO CARLOS	4	AUTO	SÃO CARLOS (4)
74477101	SAO CARLOS	3	AUTO	SÃO CARLOS (3)
74477103	SAO CARLOS	2	AUTO	SÃO CARLOS (2)
74477104	SAO CARLOS	1	AUTO	SAO CARLOS (1)
74477105	SAO CARLOS	9	AUTO	SÃO CARLOS (9)
74477106	SAO CARLOS	6	AUTO	SÃO CARLOS (6)
74477107	SAO CARLOS	11	AUTO	SÃO CARLOS (11)
74477108	SAO CARLOS	4	AUTO	SAO CARLOS (4)
74477109	SAO CARLOS	2	AUTO	SÃO CARLOS (2)
74477110	SAO CARLOS	4	AUTO	SÃO CARLOS (4)
74477112	SAO CARLOS	1	AUTO	SÃO CARLOS (1)
74477115	FLORESTA	1	AUTO	Floresta (1)
74477122	FLORESTA	2	AUTO	Floresta (2)
74477147	DA VITORIA	4	AUTO	DA VITÓRIA (4)
74477186	SAO CARLOS	3	AUTO	SÃO CARLOS (3)
74477187	SAO CARLOS	2	AUTO	SÃO CARLOS (2)
74477189	SAO CARLOS	1	AUTO	SÃO CARLOS (1)
74477190	SAO CARLOS	11	VARIACAO	SÃO CARLOS (9) | BAIRRO SAO CARLOS (2)
74477200	JARDIM VISTA BELA	2	AUTO	JARDIM VISTA BELA (2)
74477447	JARDIM LIBERDADE	1	AUTO	JARDIM LIBERDADE (1)
74477600	FAZENDA SAO DOMINGOS	1	AUTO	FAZENDA SÃO DOMINGOS (1)
74477657	DA VITORIA	1	AUTO	BAIRRO DA VITORIA (1)
74477720	CONDOMINIO CAMPO BELO	1	AUTO	CONDOMÍNIO CAMPO BELO (1)
74478036	NOVO PLANALTO	1	AUTO	NOVO PLANALTO (1)
74478395	NOVO PLANALTO	1	AUTO	NOVO PLANALTO (1)
74478710	MANSOES PARAISO	1	AUTO	MANSÕES PARAÍSO (1)
74480000	JARDIM COLORADO	4	REVISAR	JARDIM COLORADO (1) | COLORADO (1) | CAPUAVA (1) | JARDIM NOVO MUNDO (1)
74480003	JARDIM LIBERDADE	1	AUTO	JARDIM LIBERDADE (1)
74480008	VILA MUTIRAO	1	AUTO	VILA MUTIRÃO (1)
74480010	JARDIM LIBERDADE	3	AUTO	JARDIM LIBERDADE (3)
74480020	VILA MUTIRAO	3	REVISAR	VILA MUTIRAO (2) | JARDIM LIBERDADE (1)
74480030	JARDIM LIBERDADE	41	REVISAR	JARDIM LIBERDADE (39) | VILA MUTIRAO (2)
74480040	VILA MUTIRAO	9	REVISAR	VILA MUTIRAO (6) | VILA MUTIRAO I (3)
74480050	NOVO PLANALTO	5	VARIACAO	NOVO PLANALTO (3) | SETOR NOVO PLANALTO (2)
74480060	NOVO PLANALTO	55	REVISAR	NOVO PLANALTO (52) | VILA MUTIRAO (1) | JARDIM NOVA ESPERANCA (1) | MANSOES PARAISO (1)
74480070	JARDIM LIBERDADE	29	REVISAR	JARDIM LIBERDADE (24) | NOVO PLANALTO (3) | VILA MUTIRAO (2)
74480080	NOVO PLANALTO	1	AUTO	NOVO PLANALTO (1)
74480098	SAO CARLOS	1	AUTO	SÃO CARLOS (1)
74480110	VILA MUTIRAO	29	REVISAR	VILA MUTIRAO (13) | VILA MUTIRAO I (10) | JARDIM LIBERDADE (5) | JARDIM CURITIBA IV (1)
74480120	VILA MUTIRAO I	13	REVISAR	VILA MUTIRAO I (7) | VILA MUTIRAO (5) | CURITIBA 4 (1)
74480130	NOVO PLANALTO	4	VARIACAO	NOVO PLANALTO (3) | SETOR NOVO PLANALTO (1)
74480140	VILA MUTIRAO	14	REVISAR	VILA MUTIRAO (9) | VILA MUTIRAO I (4) | JARDIM LIBERDADE (1)
74480150	VILA MUTIRAO I	18	REVISAR	VILA MUTIRAO I (9) | VILA MUTIRAO (8) | JARDIM LIBERDADE (1)
74480160	VILA MUTIRAO I	22	REVISAR	VILA MUTIRAO I (12) | VILA MUTIRAO (10)
74480170	VILA MUTIRAO	20	REVISAR	VILA MUTIRAO (13) | VILA MUTIRAO I (7)
74480180	VILA MUTIRAO	26	REVISAR	VILA MUTIRAO (16) | VILA MUTIRAO I (9) | VILA MULTIRAO I (1)
74480190	VILA MUTIRAO	5	REVISAR	VILA MUTIRAO (3) | VILA MULTIRAO (1) | VILA MUTIRAO I (1)
74480230	VILA MUTIRAO	16	REVISAR	VILA MUTIRAO (10) | VILA MUTIRAO I (6)
74480240	VILA MUTIRAO I	27	REVISAR	VILA MUTIRAO I (14) | VILA MUTIRAO (11) | CANDIDA DE MORAIS (1) | NOVO PLANALTO (1)
74480250	VILA MUTIRAO	27	REVISAR	VILA MUTIRAO (15) | VILA MUTIRAO I (10) | VILA MULTIRAO (1) | JARDIM LIBERDADE (1)
74480260	VILA MUTIRAO	29	REVISAR	VILA MUTIRAO (16) | VILA MUTIRAO I (12) | RESIDENCIAL GREEN PARK (1)
74480270	VILA MUTIRAO	20	REVISAR	VILA MUTIRAO (10) | VILA MUTIRAO I (9) | JARDIM LIBERDADE (1)
74480280	VILA MUTIRAO I	20	REVISAR	VILA MUTIRAO I (10) | VILA MUTIRAO (9) | NOVO PLANALTO (1)
74480282	VILA MUTIRAO	8	REVISAR	VILA MUTIRAO (6) | VILA MUTIRAO I (2)
74480290	VILA MUTIRAO	5	REVISAR	VILA MUTIRAO (3) | PERIM (1) | VILA MUTIRAO I (1)
74480300	VILA MUTIRAO I	15	REVISAR	VILA MUTIRAO I (9) | VILA MUTIRAO (4) | VILA MULTIRAO (1) | VILA MUTIRAO 1 (1)
74480310	VILA MUTIRAO I	7	REVISAR	VILA MUTIRAO I (4) | JARDIM LIBERDADE (1) | NOVO PLANALTO (1) | VILA MUTIRAO (1)
74480320	JARDIM LIBERDADE	9	REVISAR	JARDIM LIBERDADE (4) | VILA MUTIRAO (4) | VILA MUTIRAO I (1)
74480330	NOVO PLANALTO	45	REVISAR	NOVO PLANALTO (44) | JARDIM COLORADO (1)
74480335	NOVO PLANALTO	24	VARIACAO	NOVO PLANALTO (13) | SETOR NOVO PLANALTO (11)
74480340	NOVO PLANALTO	41	REVISAR	NOVO PLANALTO (40) | JARDIM COLORADO (1)
74480350	NOVO PLANALTO	52	REVISAR	NOVO PLANALTO (50) | JARDIM COLORADO (1) | CANDIDA DE MORAES (1)
74480355	NOVO PLANALTO	47	REVISAR	NOVO PLANALTO (46) | JARDIM VISTA BELA (1)
74480358	NOVO PLANALTO	1	AUTO	NOVO PLANALTO (1)
74480360	NOVO PLANALTO	23	VARIACAO	NOVO PLANALTO (12) | SETOR NOVO PLANALTO (11)
74480365	NOVO PLANALTO	1	AUTO	NOVO PLANALTO (1)
74480370	NOVO PLANALTO	11	VARIACAO	NOVO PLANALTO (6) | SETOR NOVO PLANALTO (5)
74480380	NOVO PLANALTO	17	VARIACAO	NOVO PLANALTO (10) | SETOR NOVO PLANALTO (7)
74480382	NOVO PLANALTO	19	REVISAR	NOVO PLANALTO (17) | VILA MARTINS (1) | RESIDENCIAL PRIVE NORTE (1)
74480385	NOVO PLANALTO	9	VARIACAO	NOVO PLANALTO (8) | SETOR NOVO PLANALTO (1)
74480387	NOVO PLANALTO	3	REVISAR	NOVO PLANALTO (2) | PERIM (1)
74480390	NOVO PLANALTO	29	REVISAR	NOVO PLANALTO (28) | JARDIM COLORADO (1)
74480395	NOVO PLANALTO	34	VARIACAO	NOVO PLANALTO (25) | SETOR NOVO PLANALTO (9)
74480400	NOVO PLANALTO	36	VARIACAO	NOVO PLANALTO (22) | SETOR NOVO PLANALTO (14)
74480420	VILA MUTIRAO	1	AUTO	VILA MUTIRÃO (1)
74480430	JARDIM CURITIBA IV	23	REVISAR	JARDIM CURITIBA IV (18) | JARDIM CURITIBA (4) | JARDIM LIBERDADE (1)
74480440	JARDIM CURITIBA IV	17	REVISAR	JARDIM CURITIBA IV (14) | JARDIM CURITIBA (3)
74480450	JARDIM CURITIBA IV	40	REVISAR	JARDIM CURITIBA IV (30) | JARDIM CURITIBA (10)
74480460	JARDIM CURITIBA IV	15	REVISAR	JARDIM CURITIBA IV (9) | JARDIM CURITIBA (5) | PARQUE MARACANA (1)
74480470	JARDIM CURITIBA	7	REVISAR	JARDIM CURITIBA (4) | JARDIM CURITIBA IV (2) | JARDIM CURITIBA I (1)
74480480	JARDIM CURITIBA IV	3	REVISAR	JARDIM CURITIBA IV (2) | JARDIM CURITIBA (1)
74480485	JARDIM CURITIBA	6	REVISAR	JARDIM CURITIBA (3) | JARDIM CURITIBA LV (1) | JARDIM VISTA BELA (1) | JARDIM CURITIBA IV (1)
74480490	JARDIM CURITIBA IV	5	VARIACAO	JARDIM CURITIBA IV (4) | JARDIM CURITIBA 4 (1)
74480500	JARDIM CURITIBA IV	5	REVISAR	JARDIM CURITIBA IV (4) | JARDIM CURITIBA (1)
74480510	JARDIM CURITIBA	2	REVISAR	JARDIM CURITIBA (1) | JARDIM CURITIBA IV (1)
74480520	JARDIM CURITIBA IV	11	REVISAR	JARDIM CURITIBA IV (10) | JARDIM CURITIBA (1)
74480530	JARDIM CURITIBA IV	17	REVISAR	JARDIM CURITIBA IV (15) | JARDIM CURITIBA (2)
74480540	JARDIM CURITIBA IV	6	REVISAR	JARDIM CURITIBA IV (5) | JARDIM CURITIBA (1)
74480550	JARDIM CURITIBA IV	6	REVISAR	JARDIM CURITIBA IV (4) | JARDIM CURITIBA (2)
74480558	JARDIM CURITIBA IV	1	AUTO	JARDIM CURITIBA IV (1)
74480560	JARDIM CURITIBA IV	14	REVISAR	JARDIM CURITIBA IV (9) | JARDIM CURITIBA (5)
74480570	JARDIM CURITIBA IV	10	REVISAR	JARDIM CURITIBA IV (8) | JARDIM CURITIBA (2)
74480579	JARDIM CURITIBA IV	1	AUTO	JARDIM CURITIBA IV (1)
74480580	JARDIM CURITIBA IV	1	AUTO	JARDIM CURITIBA IV (1)
74480590	JARDIM CURITIBA IV	6	REVISAR	JARDIM CURITIBA IV (4) | RESIDENCIAL FORTALEZA (1) | JARDIM CURITIBA (1)
74480600	JARDIM CURITIBA IV	2	REVISAR	JARDIM CURITIBA IV (1) | JARDIM CURITIBA (1)
74480610	JARDIM CURITIBA IV	5	REVISAR	JARDIM CURITIBA IV (2) | JARDIM CURITIBA (2) | PARQUE TREMENDAO (1)
74480620	JARDIM CURITIBA IV	8	REVISAR	JARDIM CURITIBA IV (6) | JARDIM CURITIBA (2)
74480630	JARDIM CURITIBA IV	4	AUTO	JARDIM CURITIBA IV (4)
74480640	JARDIM CURITIBA IV	5	REVISAR	JARDIM CURITIBA IV (3) | JARDIM CURITIBA (2)
74480650	JARDIM CURITIBA IV	30	REVISAR	JARDIM CURITIBA IV (19) | JARDIM CURITIBA (8) | VILA MUTIRAO (1) | SAO CARLOS (1) | JARDIM LIBERDADE (1)
74480660	JARDIM CURITIBA IV	11	REVISAR	JARDIM CURITIBA IV (8) | JARDIM CURITIBA (3)
74480700	JARDIM CURITIBA	1	AUTO	JARDIM CURITIBA (1)
74480710	MANSOES PARAISO	2	REVISAR	MANSOES PARAISO (1) | JARDIM CURITIBA (1)
74480711	JARDIM CURITIBA 2	1	AUTO	Jardim Curitiba 2 (1)
74480720	MANSOES PARAISO	2	REVISAR	MANSOES PARAISO (1) | JARDIM CURITIBA II (1)
74480800	JARDIM CURITIBA IV	11	REVISAR	JARDIM CURITIBA IV (5) | JARDIM CURITIBA (2) | VILA MUTIRAO (1) | JARDIM CURITIBA II (1) | JARDIM CURITIBA 2 (1) | JARDIM CURITIBA 3 (1)
74480860	PARQUE TREMENDAO	1	AUTO	PARQUE TREMENDÃO (1)
74480970	VILA MUTIRAO	1	AUTO	VILA MUTIRÃO (1)
74481030	JARDIM CURITIBA IV	2	REVISAR	JARDIM CURITIBA IV (1) | JARDIM CURITIBA 2 (1)
74481070	JARDIM CURITIBA	1	AUTO	Jardim Curitiba (1)
74481090	JARDIM CURITIBA	1	AUTO	Jardim Curitiba (1)
74481100	JARDIM CURITIBA	1	AUTO	JARDIM CURITIBA (1)
74481110	JARDIM CURITIBA	3	AUTO	Jardim Curitiba (3)
74481130	JARDIM CURITIBA	2	AUTO	JARDIM CURITIBA (2)
74481140	JARDIM CURITIBA	2	AUTO	JARDIM CURITIBA (2)
74481150	JARDIM CURITIBA	1	AUTO	JARDIM CURITIBA (1)
74481160	JARDIM CURITIBA I	1	AUTO	JARDIM CURITIBA I (1)
74481190	JARDIM CURITIBA	1	AUTO	Jardim Curitiba (1)
74481195	JARDIM CURITIBA	1	AUTO	Jardim Curitiba (1)
74481200	JARDIM CURITIBA	2	AUTO	JARDIM CURITIBA (2)
74481220	JARDIM CURITIBA	2	REVISAR	JARDIM CURITIBA (1) | JARDIM CURITIBA 2 (1)
74481250	JARDIM CURITIBA	2	AUTO	JARDIM CURITIBA (2)
74481290	JARDIM CURITIBA	1	AUTO	JARDIM CURITIBA (1)
74481375	JARDIM CURITIBA	1	AUTO	JARDIM CURITIBA (1)
74481450	JARDIM CURITIBA III	1	AUTO	JARDIM CURITIBA III (1)
74481460	JARDIM CURITIBA	1	AUTO	Jardim Curitiba (1)
74481470	JARDIM CURITIBA III	1	AUTO	JARDIM CURITIBA III (1)
74481530	JARDIM CURITIBA	1	AUTO	Jardim Curitiba (1)
74481550	JARDIM CURITIBA	1	AUTO	Jardim Curitiba (1)
74481560	JARDIM CURITIBA	2	AUTO	JARDIM CURITIBA (2)
74481580	JARDIM CURITIBA	4	REVISAR	JARDIM CURITIBA (3) | JARDIM CURITIBA 2 (1)
74481610	RESIDENCIAL GREEN PARK	6	AUTO	RESIDENCIAL GREEN PARK (6)
74481615	RESIDENCIAL GREEN PARK	5	REVISAR	RESIDENCIAL GREEN PARK (4) | VILA MUTIRAO (1)
74481620	RESIDENCIAL GREEN PARK	7	REVISAR	RESIDENCIAL GREEN PARK (5) | VILA MUTIRAO (1) | GREEN PARK (1)
74481625	RESIDENCIAL GREEN PARK	3	AUTO	RESIDENCIAL GREEN PARK (3)
74481630	RESIDENCIAL GREEN PARK	7	AUTO	RESIDENCIAL GREEN PARK (7)
74481635	RESIDENCIAL GREEN PARK	8	AUTO	RESIDENCIAL GREEN PARK (8)
74481640	RESIDENCIAL GREEN PARK	12	REVISAR	RESIDENCIAL GREEN PARK (10) | VILA MUTIRAO (1) | RES GREEN PARK (1)
74481655	RESIDENCIAL GREEN PARK	5	AUTO	RESIDENCIAL GREEN PARK (5)
74481657	RESIDENCIAL GREEN PARK	3	AUTO	RESIDENCIAL GREEN PARK (3)
74481700	MANSOES PARAISO	32	REVISAR	MANSOES PARAISO (20) | RESIDENCIAL MANSOES PARAISO (12)
74481705	MANSOES PARAISO	48	REVISAR	MANSOES PARAISO (34) | RESIDENCIAL MANSOES PARAISO (13) | MANCOES PARAISO (1)
74481710	MANSOES PARAISO	45	REVISAR	MANSOES PARAISO (28) | RESIDENCIAL MANSOES PARAISO (17)
74481715	MANSOES PARAISO	50	REVISAR	MANSOES PARAISO (27) | RESIDENCIAL MANSOES PARAISO (21) | JARDIM CURITIBA IV (1) | RESIDENCIAL MANSOES DO PARAISO (1)
74481720	MANSOES PARAISO	13	REVISAR	MANSOES PARAISO (8) | RESIDENCIAL MANSOES PARAISO (3) | NOVO PLANALTO (2)
74481725	MANSOES PARAISO	13	REVISAR	MANSOES PARAISO (8) | RESIDENCIAL MANSOES PARAISO (5)
74481730	MANSOES PARAISO	14	REVISAR	MANSOES PARAISO (10) | RESIDENCIAL MANSOES PARAISO (4)
74481735	MANSOES PARAISO	1	AUTO	MANSÕES PARAISO (1)
74481740	MANSOES PARAISO	5	AUTO	MANSÕES PARAÍSO (5)
74481755	MANSOES PARAISO	4	REVISAR	MANSOES PARAISO (3) | RESIDENCIAL MANSOES PARAISO (1)
74481760	MANSOES PARAISO	4	AUTO	MANSÕES PARAISO (4)
74481770	MANSOES PARAISO	1	AUTO	MANSÕES PARAISO (1)
74482070	PARQUE MARACANA	1	AUTO	PARQUE MARACANÃ (1)
74482130	PARQUE MARACANA	3	AUTO	PARQUE MARACANÃ (3)
74482350	SITIOS DE RECREIO DOS BANDEIRANTES	1	AUTO	SÍTIOS DE RECREIO DOS BANDEIRANTES (1)
74483009	CAROLINA PARQUE	1	AUTO	CAROLINA PARQUE (1)
74483010	PARQUE INDUSTRIAL JOAO BRAZ	2	AUTO	PARQUE INDUSTRIAL JOÃO BRAZ (2)
74483013	CAROLINA PARQUE	1	AUTO	CAROLINA PARQUE (1)
74483018	CAROLINA PARQUE	1	AUTO	Carolina Parque (1)
74483030	PARQUE INDUSTRIAL JOAO BRAZ	4	REVISAR	PARQUE INDUSTRIAL JOAO BRAZ (3) | PARQUE INDUSTRIAL JOAO BRAZ QD 70 LT 12 CASA 01 (1)
74483035	CAROLINA PARQUE EXTENSAO	1	AUTO	CAROLINA PARQUE EXTENSÃO (1)
74483040	PARQUE INDUSTRIAL JOAO BRAZ	1	AUTO	PARQUE INDUSTRIAL JOÃO BRAZ (1)
74483056	CAROLINA PARQUE EXTENSAO	1	AUTO	CAROLINA PARQUE EXTENSÃO (1)
74483090	ESPLANADA DO ANICUNS	1	AUTO	ESPLANADA DO ANICUNS (1)
74483100	PARQUE INDUSTRIAL JOAO BRAZ	1	AUTO	PARQUE INDUSTRIAL JOÃO BRAZ (1)
74483110	PARQUE INDUSTRIAL JOAO BRAZ	1	AUTO	PARQUE INDUSTRIAL JOÃO BRAZ (1)
74483130	PARQUE INDUSTRIAL JOAO BRAZ	2	AUTO	PARQUE INDUSTRIAL JOÃO BRAZ (2)
74483140	PARQUE INDUSTRIAL JOAO BRAZ	1	AUTO	PARQUE INDUSTRIAL JOÃO BRAZ (1)
74483150	PARQUE INDUSTRIAL JOAO BRAZ	3	AUTO	PARQUE INDUSTRIAL JOÃO BRAZ (3)
74483160	PARQUE INDUSTRIAL JOAO BRAZ	2	AUTO	PARQUE INDUSTRIAL JOÃO BRAZ (2)
74483170	PARQUE INDUSTRIAL JOAO BRAZ	2	AUTO	PARQUE INDUSTRIAL JOÃO BRAZ (2)
74483180	PARQUE INSDUSTRIAL JOAO BRAZ	1	AUTO	PARQUE INSDUSTRIAL JOAO BRAZ (1)
74483190	PARQUE INDUSTRIAL JOAO BRAZ	3	AUTO	PARQUE INDUSTRIAL JOÃO BRAZ (3)
74483210	PARQUE INDUSTRIAL JOAO BRAZ	5	AUTO	PARQUE INDUSTRIAL JOÃO BRAZ (5)
74483230	PARQUE INDUSTRIAL JOAO BRAZ	3	AUTO	PARQUE INDUSTRIAL JOÃO BRAZ (3)
74483260	PARQUE INDUSTRIAL JOAO BRAZ	1	AUTO	PARQUE INDUSTRIAL JOÃO BRAZ (1)
74483280	PARQUE INDUSTRIAL JOAO BRAZ	3	AUTO	PARQUE INDUSTRIAL JOÃO BRAZ (3)
74483290	PARQUE INDUSTRIAL JOAO BRAZ	1	AUTO	PARQUE INDUSTRIAL JOÃO BRAZ (1)
74483310	PARQUE INDUSTRIAL JOAO BRAZ	4	AUTO	PARQUE INDUSTRIAL JOÃO BRAZ (4)
74483330	PARQUE INDUSTRIAL JOAO BRAZ	1	AUTO	PARQUE INDUSTRIAL JOÃO BRAZ (1)
74483335	NOVO PLANALTO	1	AUTO	NOVO PLANALTO (1)
74483380	PARQUE INDUSTRIAL JOAO BRAZ	2	AUTO	PARQUE INDUSTRIAL JOÃO BRAZ (2)
74483440	PARQUE INDUSTRIAL JOAO BRAZ	2	AUTO	PARQUE INDUSTRIAL JOÃO BRAZ (2)
74483450	PARQUE INDUSTRIAL JOAO BRAZ	1	AUTO	PARQUE INDUSTRIAL JOÃO BRAZ (1)
74483470	PARQUE INDUSTRIAL JOAO BRAZ	2	AUTO	PARQUE INDUSTRIAL JOÃO BRAZ (2)
74483500	PARQUE INDUSTRIAL JOAO BRAZ	3	AUTO	PARQUE INDUSTRIAL JOÃO BRAZ (3)
74483510	PARQUE INDUSTRIAL JOAO BRAZ	1	AUTO	PARQUE INDUSTRIAL JOÃO BRAZ (1)
74483560	PARQUE INDUSTRIAL JOAO BRAZ	4	AUTO	PARQUE INDUSTRIAL JOÃO BRAZ (4)
74483612	LOTEAMENTO TROPICAL VERDE	1	AUTO	LOTEAMENTO TROPICAL VERDE (1)
74483615	LOTEAMENTO TROPICAL VERDE	1	AUTO	LOTEAMENTO TROPICAL VERDE (1)
74483640	LORENA PARQUE	1	AUTO	LORENA PARQUE (1)
74483650	LUANA PARK	1	AUTO	LUANA PARK (1)
74483680	LORENA PARQUE	1	AUTO	LORENA PARQUE (1)
74483720	LORENA PARQUE	1	AUTO	LORENA PARQUE (1)
74483730	LORENA PARQUE	3	AUTO	LORENA PARQUE (3)
74483740	LORENA PARQUE	2	AUTO	LORENA PARQUE (2)
74483760	LORENA PARQUE	1	AUTO	LORENA PARQUE (1)
74483770	LORENA PARQUE	3	AUTO	LORENA PARQUE (3)
74483780	LORENA PARQUE	3	AUTO	LORENA PARQUE (3)
74483790	LORENA PARQUE	1	AUTO	LORENA PARQUE (1)
74483800	LORENA PARQUE	3	AUTO	LORENA PARQUE (3)
74483810	LORENA PARQUE	2	AUTO	LORENA PARQUE (2)
74483820	LORENA PARQUE	1	AUTO	LORENA PARQUE (1)
74483821	RESIDENCIAL LUANA PARK	2	AUTO	RESIDENCIAL LUANA PARK (2)
74483830	RESIDENCIAL LUANA PARK	2	AUTO	RESIDENCIAL LUANA PARK (2)
74483840	RESIDENCIAL LUANA PARK	2	AUTO	RESIDENCIAL LUANA PARK (2)
74483860	RESIDENCIAL LUANA PARK	1	AUTO	RESIDENCIAL LUANA PARK (1)
74484010	ARAGUAIA PARK	3	AUTO	ARAGUAIA PARK (3)
74484020	ARAGUAIA PARK	4	AUTO	ARAGUAIA PARK (4)
74484030	ARAGUAIA PARK	7	AUTO	ARAGUAIA PARK (7)
74484040	ARAGUAIA PARK	4	AUTO	ARAGUAIA PARK (4)
74484050	ARAGUAIA PARK	4	AUTO	ARAGUAIA PARK (4)
74484070	SOLANGE PARK I	6	AUTO	SOLANGE PARK I (6)
74484075	SOLANGE PARK I	1	AUTO	SOLANGE PARK I (1)
74484080	SOLANGE PARK I	9	REVISAR	SOLANGE PARK I (8) | SOLANGE PARK 3 (1)
74484085	SOLANGE PARK I	2	AUTO	SOLANGE PARK I (2)
74484090	SOLANGE PARK I	18	AUTO	SOLANGE PARK I (18)
74484100	SOLANGE PARK I	2	AUTO	SOLANGE PARK I (2)
74484115	SOLANGE PARK II	1	AUTO	SOLANGE PARK II (1)
74484120	SOLANGE PARK I	4	AUTO	SOLANGE PARK I (4)
74484130	SOLANGE PARK I	1	AUTO	SOLANGE PARK I (1)
74484140	SOLANGE PARK I	3	REVISAR	SOLANGE PARK I (2) | SOLANGE PARK 1 (1)
74484145	SOLANGE PARK I	2	AUTO	SOLANGE PARK I (2)
74484150	SOLANGE PARK I	4	REVISAR	SOLANGE PARK I (3) | SOLANGE PARK 1 (1)
74484153	SOLANGE PARK I	5	AUTO	SOLANGE PARK I (5)
74484157	SOLANGE PARK I	7	AUTO	SOLANGE PARK I (7)
74484160	SOLANGE PARK I	4	REVISAR	SOLANGE PARK I (3) | GREEN PARK (1)
74484190	SOLANGE PARK I	3	AUTO	SOLANGE PARK I (3)
74484195	SOLANGE PARK I	3	AUTO	SOLANGE PARK I (3)
74484199	SOLANGE PARK I	1	AUTO	SOLANGE PARK I (1)
74484200	PARQUE PARAISO	1	AUTO	PARQUE PARAISO (1)
74484205	PARQUE PARAISO	2	AUTO	PARQUE PARAÍSO (2)
74484210	SOLANGE PARK I	6	AUTO	SOLANGE PARK I (6)
74484220	PARQUE PARAISO	1	AUTO	PARQUE PARAÍSO (1)
74484240	PARQUE PARAISO	1	AUTO	PARQUE PARAÍSO (1)
74484243	PARQUE PARAISO	2	AUTO	PARQUE PARAÍSO (2)
74484245	PARQUE PARAISO	1	AUTO	PARQUE PARAÍSO (1)
74484250	PARQUE PARAISO	2	AUTO	PARQUE PARAÍSO (2)
74484270	SOLANGE PARK II	2	AUTO	SOLANGE PARK II (2)
74484275	SOLANGE PARK II	3	AUTO	SOLANGE PARK II (3)
74484290	SOLANGE PARK II	1	AUTO	SOLANGE PARK II (1)
74484300	SOLANGE PARK II	7	AUTO	SOLANGE PARK II (7)
74484302	SOLANGE PARK II	5	AUTO	SOLANGE PARK II (5)
74484304	SOLANGE PARK II	6	REVISAR	SOLANGE PARK II (5) | SOLANGE PARK I (1)
74484306	SOLANGE PARK II	7	AUTO	SOLANGE PARK II (7)
74484308	SOLANGE PARK II	1	AUTO	SOLANGE PARK II (1)
74484310	SOLANGE PARK II	5	AUTO	SOLANGE PARK II (5)
74484320	SOLANGE PARK II	4	AUTO	SOLANGE PARK II (4)
74484340	SOLANGE PARK II	8	AUTO	SOLANGE PARK II (8)
74484350	SOLANGE PARK III	3	AUTO	SOLANGE PARK III (3)
74484354	SOLANGE PARK I	1	AUTO	SOLANGE PARK I (1)
74484360	SOLANGE PARK III	3	REVISAR	SOLANGE PARK III (2) | SOLANGE PARK I (1)
74484362	SOLANGE PARK III	4	AUTO	SOLANGE PARK III (4)
74484364	SOLANGE PARK III	1	AUTO	SOLANGE PARK III (1)
74484367	SOLANGE PARK III	2	AUTO	SOLANGE PARK III (2)
74484370	SOLANGE PARK III	1	AUTO	SOLANGE PARK III (1)
74484380	SOLANGE PARK III	1	AUTO	SOLANGE PARK III (1)
74484400	RESIDENCIAL GOIANIA VIVA	6	REVISAR	RESIDENCIAL GOIANIA VIVA (4) | RESIDENCIAL GOI NIA VIVA (2)
74484404	RESIDENCIAL GOIANIA VIVA	2	AUTO	RESIDENCIAL GOIANIA VIVA (2)
74484408	RESIDENCIAL GOI NIA VIVA	1	AUTO	RESIDENCIAL GOI NIA VIVA (1)
74484409	RESIDENCIAL GOIANIA VIVA	6	REVISAR	RESIDENCIAL GOIANIA VIVA (3) | RESIDENCIAL GOI NIA VIVA (2) | RESIDENCIAL GOANIA VIVA (1)
74484410	RESIDENCIAL GOI NIA VIVA	14	REVISAR	RESIDENCIAL GOI NIA VIVA (8) | RESIDENCIAL GOIANIA VIVA (6)
74484413	RESIDENCIAL GOIANIA VIVA	4	REVISAR	RESIDENCIAL GOIANIA VIVA (2) | RESIDENCIAL GOIANIA VIAV (1) | RESIDENCIAL GOI NIA VIVA (1)
74484414	RESIDENCIAL GOI NIA VIVA	13	REVISAR	RESIDENCIAL GOI NIA VIVA (7) | RESIDENCIAL GOIANIA VIVA (5) | RESIDENCIAL GOINIA VIVA (1)
74484415	RESIDENCIAL GOI NIA VIVA	4	REVISAR	RESIDENCIAL GOI NIA VIVA (3) | RESIDENCIAL GOIANIA VIVA (1)
74484416	RESIDENCIAL GOI NIA VIVA	4	REVISAR	RESIDENCIAL GOI NIA VIVA (2) | RESIDENCIAL GOIANIA VIVA (2)
74484418	RESIDENCIAL GOIANIA VIVA	9	REVISAR	RESIDENCIAL GOIANIA VIVA (6) | RESIDENCIAL GOI NIA VIVA (3)
74484419	RESIDENCIAL GOI NIA VIVA	1	AUTO	RESIDENCIAL GOI NIA VIVA (1)
74484420	RESIDENCIAL GOIANIA VIVA	4	REVISAR	RESIDENCIAL GOIANIA VIVA (3) | GOIANIA VIVA (1)
74484422	RESIDENCIAL GOI NIA VIVA	5	REVISAR	RESIDENCIAL GOI NIA VIVA (3) | RESIDENCIAL GOIANIA VIVA (2)
74484423	RESIDENCIAL GOIANIA VIVA	8	REVISAR	RESIDENCIAL GOIANIA VIVA (5) | RESIDENCIAL GOI NIA VIVA (3)
74484427	RESIDENCIAL GOIANIA VIVA	9	REVISAR	RESIDENCIAL GOIANIA VIVA (5) | RESIDENCIAL GOI NIA VIVA (3) | RESIDENCIAL GOINIA VIVA (1)
74484428	RESIDENCIAL GOIANIA VIVA	2	AUTO	RESIDENCIAL GOIÂNIA VIVA (2)
74484430	RESIDENCIAL GOI NIA VIVA	1	AUTO	RESIDENCIAL GOI NIA VIVA (1)
74484431	RESIDENCIAL GOI NIA VIVA	9	REVISAR	RESIDENCIAL GOI NIA VIVA (6) | RESIDENCIAL GOIANIA VIVA (3)
74484432	RESIDENCIAL GOI NIA VIVA	5	REVISAR	RESIDENCIAL GOI NIA VIVA (3) | RESIDENCIAL GOIANIA VIVA (2)
74484433	RESIDENCIAL GOI NIA VIVA	6	REVISAR	RESIDENCIAL GOI NIA VIVA (5) | RESIDENCIAL GOIANIA VIVA (1)
74484434	RESIDENCIAL GOI NIA VIVA	1	AUTO	RESIDENCIAL GOI NIA VIVA (1)
74484435	RESIDENCIAL GOIANIA VIVA	2	REVISAR	RESIDENCIAL GOIANIA VIVA (1) | RESIDENCIAL GOI NIA VIVA (1)
74484436	RESIDENCIAL GOI NIA VIVA	4	AUTO	RESIDENCIAL GOI NIA VIVA (4)
74484442	RESIDENCIAL GOI NIA VIVA	1	AUTO	RESIDENCIAL GOI NIA VIVA (1)
74484444	RESIDENCIAL GOIANIA VIVA	8	REVISAR	RESIDENCIAL GOIANIA VIVA (4) | RESIDENCIAL GOI NIA VIVA (3) | RESIDENCIAL GOINIA VIVA (1)
74484450	RESIDENCIAL GOI NIA VIVA	1	AUTO	RESIDENCIAL GOI NIA VIVA (1)
74484505	JARDIM COLORADO	1	AUTO	JARDIM COLORADO (1)
74484602	JARDIM DAS OLIVEIRAS	1	AUTO	JARDIM DAS OLIVEIRAS (1)
74484606	CONDOMINIO JARDIM DAS OLIVEIRAS	1	AUTO	CONDOMÍNIO JARDIM DAS OLIVEIRAS (1)
74484607	CONDOMINIO JARDIM DAS OLIVEIRAS	1	AUTO	CONDOMINIO JARDIM DAS OLIVEIRAS (1)
74484617	CONDOMINIO JARDIM DAS OLIVEIRAS	1	AUTO	CONDOMÍNIO JARDIM DAS OLIVEIRAS (1)
74484626	CONDOMINIO ANHANGUERA	2	AUTO	CONDOMÍNIO ANHANGUERA (2)
74484636	CONDOMINIO ANHANGUERA	2	AUTO	CONDOMÍNIO ANHANGUERA (2)
74484703	JARDIM DAS ROSAS	1	AUTO	JARDIM DAS ROSAS (1)
74484704	JARDIM DAS ROSAS	2	AUTO	JARDIM DAS ROSAS (2)
74484705	JARDIM DAS ROSAS	3	AUTO	JARDIM DAS ROSAS (3)
74484706	JARDIM DAS ROSAS	1	AUTO	JARDIM DAS ROSAS (1)
74484715	MANSOES PARAISO	1	AUTO	MANSÕES PARAISO (1)
74484719	JARDIM DAS ROSAS	1	AUTO	JARDIM DAS ROSAS (1)
74484725	RESIDENCIAL GOYAZ PARK	1	AUTO	RESIDENCIAL GOYAZ PARK (1)
74484730	RESIDENCIAL GOYAZ PARK	1	AUTO	RESIDENCIAL GOYAZ PARK (1)
74484740	RESIDENCIAL GOYAZ PARK	1	AUTO	RESIDENCIAL GOYAZ PARK (1)
74484744	RESIDENCIAL GOYAZ PARK	1	AUTO	RESIDENCIAL GOYAZ PARK (1)
74485005	GOIA	2	AUTO	GOIÁ (2)
74485030	GOIA	3	AUTO	GOIÁ (3)
74485035	GOIA	1	AUTO	GOIÁ (1)
74485040	GOIA	2	VARIACAO	BAIRRO GOIÁ (1) | GOIÁ (1)
74485060	GOIA	1	AUTO	GOIÁ (1)
74485070	GOIA	1	AUTO	GOIÁ (1)
74485090	GOIA	4	AUTO	GOIÁ (4)
74485110	GOIA	1	AUTO	GOIÁ (1)
74485130	GOIA	5	AUTO	GOIÁ (5)
74485150	GOIA	9	AUTO	GOIÁ (9)
74485215	GOIA	2	AUTO	GOIÁ (2)
74485240	GOIA	1	AUTO	GOIÁ (1)
74485250	GOIA	1	AUTO	GOIÁ (1)
74485260	GOIA	3	REVISAR	GOIA (2) | TROPICAL VERDE (1)
74485290	GOIA	1	AUTO	GOIÁ (1)
74485315	GOIA	1	AUTO	Goiá (1)
74485320	GOIA	6	VARIACAO	GOIÁ (5) | BAIRRO GOIÁ (1)
74485337	GOIA	4	VARIACAO	GOIÁ (3) | BAIRRO GOIÁ (1)
74485365	GOIA	3	REVISAR	GOIA (2) | JARDIM MIRABEL (1)
74485370	GOIA	6	REVISAR	GOIA (4) | JARDIM MIRABEL (2)
74485381	GOIA 2	1	AUTO	GOIÁ 2 (1)
74485410	GOIA II	1	AUTO	GOIÁ II (1)
74485430	GOIA 2	1	AUTO	GOIÁ 2 (1)
74485433	GOIA 2	1	AUTO	GOIÁ 2 (1)
74485510	GOIA 2	1	AUTO	GOIÁ 2 (1)
74485520	GOIA 2	1	AUTO	GOIÁ 2 (1)
74485530	JARDIM MIRABEL	3	AUTO	JARDIM MIRABEL (3)
74485540	JARDIM MIRABEL	3	AUTO	JARDIM MIRABEL (3)
74485550	JARDIM MIRABEL	1	AUTO	JARDIM MIRABEL (1)
74485555	JARDIM MIRABEL	3	AUTO	JARDIM MIRABEL (3)
74485560	JARDIM MIRABEL	2	AUTO	JARDIM MIRABEL (2)
74485565	JARDIM MIRABEL	2	AUTO	JARDIM MIRABEL (2)
74485590	JARDIM MIRABEL	1	AUTO	JARDIM MIRABEL (1)
74485600	JARDIM MIRABEL	1	AUTO	JARDIM MIRABEL (1)
74485610	JARDIM MIRABEL	3	AUTO	JARDIM MIRABEL (3)
74485615	JARDIM MIRABEL	1	AUTO	JARDIM MIRABEL (1)
74485620	JARDIM MIRABEL	1	AUTO	JARDIM MIRABEL (1)
74485851	GOIA IV	1	AUTO	GOIÁ IV (1)
74485852	GOIA IV	1	AUTO	BAIRRO GOIÁ IV (1)
74485856	GOIA IV	1	AUTO	GOIÁ IV (1)
74486115	GOIA SETOR VELOSO	1	AUTO	GOIÁ SETOR VELOSO (1)
74486205	GOIA II COMPLEMENTO	1	AUTO	GOIÁ II COMPLEMENTO (1)
74486215	GOIA 2 COMPLMENTO	1	AUTO	GOIÁ 2 COMPLMENTO (1)
74486310	SOLANGE PARQUE COMPLEMENTO	4	REVISAR	SOLANGE PARQUE COMPLEMENTO (3) | SOLANGE PARQUE (1)
74487000	RESIDENCIAL SAO MARCOS	1	AUTO	RESIDENCIAL SÃO MARCOS (1)
74487005	RESIDENCIAL SAO MARCOS	3	REVISAR	RESIDENCIAL SAO MARCOS (2) | MARABA (1)
74487010	RESIDENCIAL SAO MARCOS	2	AUTO	RESIDENCIAL SÃO MARCOS (2)
74487060	RESIDENCIAL SAO MARCOS	1	AUTO	RESIDENCIAL SÃO MARCOS (1)
74487065	RESIDENCIAL SAO MARCOS	1	AUTO	RESIDENCIAL SÃO MARCOS (1)
74487095	RESIDENCIAL SAO MARCOS	1	AUTO	RESIDENCIAL SÃO MARCOS (1)
74487115	RESIDENCIAL SAO MARCOS	3	AUTO	RESIDENCIAL SÃO MARCOS (3)
74487120	RESIDENCIAL SAO MARCOS	2	AUTO	Residencial São Marcos (2)
74487130	RESIDENCIAL SAO MARCOS	1	AUTO	RESIDENCIAL SAO MARCOS (1)
74487150	RESIDENCIAL SAO MARCOS	5	REVISAR	RESIDENCIAL SAO MARCOS (4) | MARABA (1)
74487160	RESIDENCIA SAO MARCOS	1	AUTO	RESIDENCIA SÃO MARCOS (1)
74487720	JARDIM CURITIBA 1	1	AUTO	Jardim Curitiba 1 (1)
74490110	JARDIM LIBERDADE	1	AUTO	JARDIM LIBERDADE (1)
74490215	PARQUE ELDORADO OESTE	1	AUTO	PARQUE ELDORADO OESTE (1)
74490233	CONJUNTO VERA CRUZ	1	AUTO	CONJUNTO VERA CRUZ (1)
74490237	PARQUE ELDORADO OESTE	1	AUTO	PARQUE ELDORADO OESTE (1)
74490239	PARQUE ELDORADO OESTE	1	AUTO	PARQUE ELDORADO OESTE (1)
74490271	PARQUE ELDORADO OESTE	1	AUTO	PARQUE ELDORADO OESTE (1)
74490281	PARQUE ELDORADO OESTE	1	AUTO	PARQUE ELDORADO OESTE (1)
74490283	PARQUE ELDORADO OESTE	1	AUTO	PARQUE ELDORADO OESTE (1)
74490285	RESIDENCIAL ANA MORAES	1	AUTO	RESIDENCIAL ANA MORAES (1)
74490287	PARQUE ELDORADO OESTE	1	AUTO	PARQUE ELDORADO OESTE (1)
74490297	PARQUE ELDORADO OESTE	2	AUTO	PARQUE ELDORADO OESTE (2)
74490450	JARDIM CURITIBA IV	1	AUTO	JARDIM CURITIBA IV (1)
74490855	RES BERTIN BELCHIOR	1	AUTO	RES BERTIN BELCHIOR (1)
74491115	RESIDENCIAL ANA MORAES	1	AUTO	RESIDENCIAL ANA MORAES (1)
74491130	RESIDENCIAL ANA MORAES	5	REVISAR	RESIDENCIAL ANA MORAES (4) | RESIDENCIAL ANA MORAIS (1)
74491135	RESIDENCIAL ANA MORAES	1	AUTO	RESIDENCIAL ANA MORAES (1)
74491469	RESIDENCIAL MUNDO NOVO 3	2	REVISAR	RESIDENCIAL MUNDO NOVO 3 (1) | JARDIM NOVO MUNDO (1)
74491735	MANSOES PARAISO	1	AUTO	MANSÕES PARAISO (1)
74491792	RESIDENCIAL MUNDO NOVO 2	1	AUTO	RESIDENCIAL MUNDO NOVO 2 (1)
74492020	RESIDENCIAL SERRA AZUL ETAPA I	1	AUTO	RESIDENCIAL SERRA AZUL ETAPA I (1)
74492025	RESIDENCIAL SERRA AZUL ETAPA 1	1	AUTO	RESIDENCIAL SERRA AZUL ETAPA 1 (1)
74492030	RESIDENCIAL SERRA AZUL ETAPA I	3	REVISAR	RESIDENCIAL SERRA AZUL ETAPA I (2) | RESIDENCIAL SERRA AZUL (1)
74492035	RESIDENCIAL SERRA AZUL ETAPA I	1	AUTO	RESIDENCIAL SERRA AZUL ETAPA I (1)
74492040	RESIDENCIAL SERRA AZUL ETAPA I	1	AUTO	RESIDENCIAL SERRA AZUL ETAPA I (1)
74492055	RESIDENCIAL SERRA AZUL	1	AUTO	RESIDENCIAL SERRA AZUL (1)
74492060	RESIDENCIAL SERRA AZUL I	1	AUTO	RESIDENCIAL SERRA AZUL I (1)
74492070	RESIDENCIAL SERRA AZUL ETAPA I	1	AUTO	RESIDENCIAL SERRA AZUL ETAPA I (1)
74492135	RESIDENCIAL PORTINARI	1	AUTO	RESIDENCIAL PORTINARI (1)
74492140	RESIDENCIAL PORTINARI	2	AUTO	RESIDENCIAL PORTINARI (2)
74492165	RESIDENCIAL PORTINARI	4	AUTO	RESIDENCIAL PORTINARI (4)
74492185	RESIDENCIAL PORTINARI	2	AUTO	RESIDENCIAL PORTINARI (2)
74492200	RESIDENCIAL PORTINARI	3	AUTO	RESIDENCIAL PORTINARI (3)
74492205	RESIDENCIAL PORTINARI	3	AUTO	RESIDENCIAL PORTINARI (3)
74492225	JARDIM IMPERIAL	1	AUTO	JARDIM IMPERIAL (1)
74492230	JARDIM IMPERIAL	1	AUTO	JARDIM IMPERIAL (1)
74492295	RESIDENCIAL SERRA AZUL II	1	AUTO	RESIDENCIAL SERRA AZUL II (1)
74492338	RESIDENCIAL SAN MARINO	2	AUTO	RESIDENCIAL SAN MARINO (2)
74492359	RESIDENCIAL SAN MARINO	1	AUTO	RESIDENCIAL SAN MARINO (1)
74492405	RESIDENCIAL SANTA EFIGENIA	3	AUTO	RESIDENCIAL SANTA EFIGÊNIA (3)
74492411	RESIDENCIAL SANTA EFIGENIA	1	AUTO	RESIDENCIAL SANTA EFIGÊNIA (1)
74492413	RESIDENCIAL SANTA EFIGENIA	1	AUTO	RESIDENCIAL SANTA EFIGÊNIA (1)
74492423	RESIDENCIAL SANTA EFIGENIA	3	AUTO	RESIDENCIAL SANTA EFIGÊNIA (3)
74492451	RESIDENCIAL SANTA EFIGENIA	1	AUTO	RESIDENCIAL SANTA EFIGÊNIA (1)
74492706	JARDIM MIRABEL	2	REVISAR	JARDIM MIRABEL (1) | FAZENDA SANTA RITA QUADRA 01 (1)
74493060	CONJUNTO VERA CRUZ	4	REVISAR	CONJUNTO VERA CRUZ (3) | MONTE PASCOAL (1)
74493130	CONJUNTO VERA CRUZ	1	AUTO	CONJUNTO VERA CRUZ (1)
74493750	CONJUNTO VERA CRUZ 2	2	REVISAR	CONJUNTO VERA CRUZ 2 (1) | CONJUNTO VERA CRUZ (1)
74494001	JD DAS HORTENCIAS	1	AUTO	JD. DAS HORTÊNCIAS (1)
74494081	RESIDENCIAL PRIMAVERA	1	AUTO	RESIDENCIAL PRIMAVERA (1)
74494085	RESIDENCIAL PRIMAVERA	2	AUTO	RESIDENCIAL PRIMAVERA (2)
74494086	RESIDENCIAL PRIMAVERA	1	AUTO	RESIDENCIAL PRIMAVERA (1)
74494087	RESIDENCIAL PRIMAVERA	2	AUTO	RESIDENCIAL PRIMAVERA (2)
74494088	RESIDENCIAL PRIMAVERA	2	AUTO	RESIDENCIAL PRIMAVERA (2)
74494090	RESIDENCIAL PRIMAVERA	2	AUTO	RESIDENCIAL PRIMAVERA (2)
74494091	RESIDENCIAL PRIMAVERA	1	AUTO	RESIDENCIAL PRIMAVERA (1)
74494400	RESIDENCIAL MONTE PASCOAL	3	AUTO	RESIDENCIAL MONTE PASCOAL (3)
74494405	RESIDENCIAL MONTE PASCOAL	1	AUTO	RESIDENCIAL MONTE PASCOAL (1)
74494500	RESIDENCIAL MONTE PASCOAL	1	AUTO	RESIDENCIAL MONTE PASCOAL (1)
74494510	RESIDENCIAL MONTE PASCOAL	2	AUTO	RESIDENCIAL MONTE PASCOAL (2)
74494545	RESIDENCIAL MONTE PASCOAL	1	AUTO	Residencial Monte Pascoal (1)
74494560	RESIDENCIAL MONTE PASCOAL II	1	AUTO	RESIDENCIAL MONTE PASCOAL II (1)
74494568	RESIDENCIAL MONTE PASCOAL II	1	AUTO	RESIDENCIAL MONTE PASCOAL II (1)
74494574	RESIDENCIAL MONTE PASCOAL II	1	AUTO	RESIDENCIAL MONTE PASCOAL II (1)
74494576	RESIDENCIAL MONTE PASCOAL II	1	AUTO	RESIDENCIAL MONTE PASCOAL II (1)
74494582	RESIDENCIAL MONTE PASCOAL II	1	AUTO	RESIDENCIAL MONTE PASCOAL II (1)
74494686	JARDIM SAO JOSE	1	AUTO	JARDIM SÃO JOSE (1)
74494705	JARDIM SAO JOSE	1	AUTO	JARDIM SÃO JOSÉ (1)
74494740	JARDIM SAO JOSE	1	AUTO	JARDIM SÃO JOSÉ (1)
74494760	JARDIM SAO JOSE	1	AUTO	JARDIM SÃO JOSÉ (1)
74494790	SANTA EFIGENIA	1	AUTO	SANTA EFIGENIA (1)
74495028	RESIDENCIAL YTAPUA	1	AUTO	RESIDENCIAL YTAPUÃ (1)
74495030	CONJUNTO VERA CRUZ	1	AUTO	CONJUNTO VERA CRUZ (1)
74495032	RESIDENCIAL YTAPUA	1	AUTO	RESIDENCIAL YTAPUÃ (1)
74495070	CONJUNTO VERA CRUZ	1	AUTO	CONJUNTO VERA CRUZ (1)
74495110	CONJUNTO VERA CRUZ	1	AUTO	CONJUNTO VERA CRUZ (1)
74495130	CONJUNTO VERA CRUZ	2	AUTO	CONJUNTO VERA CRUZ (2)
74495140	CONJUNTO VERA CRUZ	2	AUTO	CONJUNTO VERA CRUZ (2)
74495220	CONJUNTO VERA CRUZ	2	AUTO	CONJUNTO VERA CRUZ (2)
74495240	CONJUNTO VERA CRUZ	1	AUTO	CONJUNTO VERA CRUZ (1)
74495260	CONJUNTO VERA CRUZ	3	AUTO	CONJUNTO VERA CRUZ (3)
74495290	CONJUNTO VERA CRUZ	2	REVISAR	CONJUNTO VERA CRUZ (1) | CONJUNTO VERA CRUZ 2 (1)
74495300	CONJUNTO VERA CRUZ	1	AUTO	CONJUNTO VERA CRUZ (1)
74495310	CONJUNTO VERA CRUZ	2	AUTO	CONJUNTO VERA CRUZ (2)
74495360	CONJUNTO VERA CRUZ	1	AUTO	CONJUNTO VERA CRUZ (1)
74495380	CONJUNTO VERA CRUZ	2	AUTO	CONJUNTO VERA CRUZ (2)
74495390	CONJUNTO VERA CRUZ	1	AUTO	CONJUNTO VERA CRUZ (1)
74495440	CONJUNTO VERA CRUZ II 7 ETAPA	2	REVISAR	CONJUNTO VERA CRUZ II 7 ETAPA (1) | CONJUNTO VERA CRUZ (1)
74495520	CONJUNTO VERA CRUZ	2	AUTO	CONJUNTO VERA CRUZ (2)
74495540	CONJUNTO VERA CRUZ	2	AUTO	CONJUNTO VERA CRUZ (2)
74495550	CONJUNTO VERA CRUZ	2	AUTO	CONJUNTO VERA CRUZ (2)
74495600	CONJUNTO VERA CRUZ II	2	REVISAR	CONJUNTO VERA CRUZ II (1) | CONJUNTO VERA CRUZ (1)
74495610	CONJUNTO VERA CRUZ	1	AUTO	CONJUNTO VERA CRUZ (1)
74495617	CONJUNTO VERA CRUZ	1	AUTO	CONJUNTO VERA CRUZ (1)
74495740	DAS NACOES	2	AUTO	SETOR DAS NAÇÕES (2)
74495810	DAS NACOES	1	AUTO	SETOR DAS NAÇÕES (1)
74495841	RESIDENCIAL MENDANHA	1	AUTO	RESIDENCIAL MENDANHA (1)
74495858	RESIDENCIAL MENDANHA	1	AUTO	RESIDENCIAL MENDANHA (1)
74495873	RESIDENCIAL NOVA AURORA	1	AUTO	RESIDENCIAL NOVA AURORA (1)
74495891	RESIDENCIAL NOVA AURORA	1	AUTO	RESIDENCIAL NOVA AURORA (1)
74495893	RESIDENCIAL NOVA AURORA	1	AUTO	RESIDENCIAL NOVA AURORA (1)
74495895	RESIDENCIAL NOVA AURORA	1	AUTO	RESIDENCIAL NOVA AURORA (1)
74495897	RESIDENCIAL NOVA AURORA	2	AUTO	RESIDENCIAL NOVA AURORA (2)
74496328	RESIDENCIAL TUZIMOTO	1	AUTO	RESIDENCIAL TUZIMOTO (1)
74496332	RESIDENCIAL TUZIMOTO	1	AUTO	RESIDENCIAL TUZIMOTO (1)
74523540	PROGRESSO	1	AUTO	PROGRESSO (1)
74550132	PROGRESSO	1	AUTO	SETOR PROGRESSO (1)
74550140	CENTRO OESTE	1	AUTO	SETOR CENTRO OESTE (1)
74550580	PROGRESSO	1	AUTO	SETOR PROGRESSO (1)
74555105	AEROVIARIO	1	AUTO	SETOR AEROVIARIO (1)
74555554	ALBINO BOAVENTURA	2	AUTO	ALBINO BOAVENTURA (2)
74555555	RESIDENCIAL SENADOR ALBINO BOAVENTURA	1	AUTO	RESIDENCIAL SENADOR ALBINO BOAVENTURA (1)
74555556	ALBINO BOAVENTURA	5	REVISAR	ALBINO BOAVENTURA (3) | RESIDENCIAL ALBINO BOAVENTURA (1) | RESIDENCIAL SENADOR ALBINO BOAVENTURA (1)
74555557	ALBINO BOAVENTURA	13	REVISAR	ALBINO BOAVENTURA (9) | RESIDENCIAL SENADOR ALBINO BOAVENTURA (3) | ALBINO BOA VENTURA (1)
74555558	ALBINO BOAVENTURA	21	REVISAR	ALBINO BOAVENTURA (11) | RESIDENCIAL SENADOR ALBINO BOAVENTURA (8) | RESIDENCIAL ALBINO BOAVENTURA (2)
74555559	ALBINO BOAVENTURA	11	REVISAR	ALBINO BOAVENTURA (5) | RESIDENCIAL SENADOR ALBINO BOAVENTURA (5) | RESIDENCIAL ALBINO BOAVENTURA (1)
74555560	RESIDENCIAL SENADOR ALBINO BOAVENTURA	1	AUTO	RESIDENCIAL SENADOR ALBINO BOAVENTURA (1)
74555561	ALBINO BOAVENTURA	2	REVISAR	ALBINO BOAVENTURA (1) | MARABA (1)
74555562	ALBINO BOAVENTURA	2	AUTO	ALBINO BOAVENTURA (2)
74555598	ALBINO BOAVENTURA	1	AUTO	ALBINO BOAVENTURA (1)
74558023	PERIM	1	AUTO	PERIM (1)
74564524	MARABA	1	AUTO	SETOR MARABÁ (1)
74565006	PANORAMA PARQUE	1	AUTO	PANORAMA PARQUE (1)
74573160	SEVENE	2	AUTO	SETOR SEVENE (2)
74573170	SEVENE	1	AUTO	Setor Sevene (1)
74573180	CANDIDA DE MORAES	1	AUTO	SETOR CANDIDA DE MORAES (1)
74573370	SEVENE	4	REVISAR	SEVENE (3) | RESIDENCIAL HUGO DE MORAES (1)
74573381	RESIDENCIAL HUGO DE MORAES	1	AUTO	RESIDENCIAL HUGO DE MORAES (1)
74573386	RESIDENCIAL HUGO DE MORAES	1	AUTO	RESIDENCIAL HUGO DE MORAES (1)
74573387	RESIDENCIAL HUGO DE MORAES	3	REVISAR	RESIDENCIAL HUGO DE MORAES (2) | HUGO DE MORAIS (1)
74573388	RESIDENCIAL HUGO DE MORAES	3	REVISAR	RESIDENCIAL HUGO DE MORAES (2) | HUGO MORAES (1)
74573389	RESIDENCIAL HUGO DE MORAES	2	AUTO	RESIDENCIAL HUGO DE MORAES (2)
74573390	SEVENE	2	AUTO	SETOR SEVENE (2)
74573391	RESIDENCIAL HUGO DE MORAES	3	REVISAR	RESIDENCIAL HUGO DE MORAES (2) | RESIDENCIAL HUGO DE MORAIS (1)
74573392	RESIDENCIAL HUGO DE MORAES	1	AUTO	RESIDENCIAL HUGO DE MORAES (1)
74573393	RESIDENCIAL HUGO DE MORAES	3	REVISAR	RESIDENCIAL HUGO DE MORAES (2) | HUGO MORAES (1)
74573394	RESIDENCIAL HUGO DE MORAES	1	AUTO	RESIDENCIAL HUGO DE MORAES (1)
74573397	RESIDENCIAL HUGO DE MORAES	2	AUTO	RESIDENCIAL HUGO DE MORAES (2)
74573398	RESIDENCIAL HUGO DE MORAES	5	AUTO	RESIDENCIAL HUGO DE MORAES (5)
74573401	HUGO DE MORAES	1	AUTO	HUGO DE MORAES (1)
74573402	RESIDENCIAL HUGO DE MORAES	5	AUTO	Residencial Hugo de Moraes (5)
74573403	RESIDENCIAL HUGO DE MORAES	2	AUTO	RESIDENCIAL HUGO DE MORAES (2)
74573424	RESIDENCIAL GUAREMA	1	AUTO	RESIDENCIAL GUAREMA (1)
74573426	RESIDENCIAL GUAREMA	2	REVISAR	RESIDENCIAL GUAREMA (1) | RESIDENCIA GUAREMA (1)
74575390	GENTIL MEIRELES	1	AUTO	SETOR GENTIL MEIRELES (1)
74580000	PERIM	1	AUTO	SETOR PERIM (1)
74580080	VILA CRISTINA	1	AUTO	VILA CRISTINA (1)
74580150	PERIM	3	AUTO	SETOR PERIM (3)
74580190	PERIM	7	AUTO	SETOR PERIM (7)
74580200	PERIM	1	AUTO	Setor Perim (1)
74580230	PERIM	3	AUTO	SETOR PERIM (3)
74580260	PERIM	2	AUTO	SETOR PERIM (2)
74580270	PERIM	4	REVISAR	PERIM (3) | PROGRESSO (1)
74580280	PERIM	2	AUTO	SETOR PERIM (2)
74580290	PERIM	3	AUTO	SETOR PERIM (3)
74580300	PERIM	2	AUTO	SETOR PERIM (2)
74580330	PERIM	2	AUTO	SETOR PERIM (2)
74580340	PERIM	5	AUTO	SETOR PERIM (5)
74580350	PERIM	9	AUTO	SETOR PERIM (9)
74580360	PERIM	6	VARIACAO	SETOR PERIM (5) | PERIM (1)
74580370	PERIM	6	AUTO	Setor Perim (6)
74580380	PERIM	3	VARIACAO	SETOR PERIM (2) | PERIM (1)
74580390	PERIM	6	AUTO	SETOR PERIM (6)
74580400	PERIM	3	AUTO	SETOR PERIM (3)
74580440	VILA CLEMENTE	1	AUTO	VILA CLEMENTE (1)
74580445	VILA SAO JOSE	1	AUTO	VILA SÃO JOSE (1)
74580455	VILA CLEMENTE	2	AUTO	VILA CLEMENTE (2)
74580460	VILA CLEMENTE	1	AUTO	VILA CLEMENTE (1)
74580490	VILA CLEMENTE	3	AUTO	VILA CLEMENTE (3)
74580500	PROGRESSO	3	AUTO	SETOR PROGRESSO (3)
74580505	VILA CLEMENTE	1	AUTO	VILA CLEMENTE (1)
74580510	PROGRESSO	3	AUTO	SETOR PROGRESSO (3)
74580520	PROGRESSO	4	AUTO	SETOR PROGRESSO (4)
74580530	PROGRESSO	1	AUTO	SETOR PROGRESSO (1)
74580535	PROGRESSO	5	AUTO	SETOR PROGRESSO (5)
74580540	PROGRESSO	4	AUTO	SETOR PROGRESSO (4)
74580550	PROGRESSO	3	AUTO	SETOR PROGRESSO (3)
74580560	PROGRESSO	3	AUTO	SETOR PROGRESSO (3)
74580570	PROGRESSO	7	AUTO	SETOR PROGRESSO (7)
74580580	PROGRESSO	2	AUTO	SETOR PROGRESSO (2)
74580590	PERIM	1	AUTO	SETOR PERIM (1)
74580600	PROGRESSO	5	AUTO	SETOR PROGRESSO (5)
74580610	PROGRESSO	4	AUTO	SETOR PROGRESSO (4)
74580620	PROGRESSO	1	AUTO	SETOR PROGRESSO (1)
74580650	PROGRESSO	1	AUTO	SETOR PROGRESSO (1)
74580660	PROGRESSO	8	AUTO	SETOR PROGRESSO (8)
74580690	PROGRESSO	3	AUTO	SETOR PROGRESSO (3)
74580710	PROGRESSO	4	AUTO	SETOR PROGRESSO (4)
74580740	PROGRESSO	5	AUTO	Setor Progresso (5)
74580760	RESIDENCIAL ITAMARACA	2	AUTO	RESIDENCIAL ITAMARACA (2)
74580761	RESIDENCIAL ITAMARACA	1	AUTO	Residencial Itamaracá (1)
74580765	RESIDENCIAL ITAMARACA	3	AUTO	RESIDENCIAL ITAMARACÁ (3)
74580766	RESIDENCIAL ITAMARACA	1	AUTO	Residencial Itamaracá (1)
74580790	RESIDENCIAL ITAMARACA	1	AUTO	RESIDENCIAL ITAMARACÁ (1)
74580795	RESIDENCIAL ITAMARACA	1	AUTO	Residencial Itamaracá (1)
74580800	PERIM	3	VARIACAO	SETOR PERIM (2) | PERIM (1)
74580805	RESIDENCIAL ITAMARACA	1	AUTO	RESIDENCIAL ITAMARACÁ (1)
74580810	RESIDENCIAL ITAMARACA	2	AUTO	RESIDENCIAL ITAMARACÁ (2)
74580815	RESIDENCIAL ITAMARACA	7	AUTO	RESIDENCIAL ITAMARACA (7)
74580825	RESIDENCIAL ITAMARACA	2	AUTO	RESIDENCIAL ITAMARACÁ (2)
74580830	RESIDENCIAL ITAMARACA	5	AUTO	RESIDENCIAL ITAMARACÁ (5)
74580860	PERIM	5	REVISAR	PERIM (3) | PERIM CONTINUACAO (2)
74583000	RESIDENCIAL SENADOR ALBINO BOAVENTURA	1	AUTO	RESIDENCIAL SENADOR ALBINO BOAVENTURA (1)
74583030	VILA MARIA DILCE	1	AUTO	Vila Maria Dilce (1)
74583050	VILA MARIA DILCE	9	AUTO	VILA MARIA DILCE (9)
74583055	VILA MARIA DILCE	3	REVISAR	VILA MARIA DILCE (2) | VILA CRISTINA (1)
74583060	VILA MARIA DILCE	6	AUTO	VILA MARIA DILCE (6)
74583065	VILA MARIA DILCE	1	AUTO	Vila Maria Dilce (1)
74583070	VILA CRISTINA	3	REVISAR	VILA CRISTINA (1) | MARIA DILCE (1) | VILA MARIA DILCE (1)
74583100	VILA MARIA DILCE	17	REVISAR	VILA MARIA DILCE (16) | MARIA DILCE (1)
74583110	VILA MARIA DILCE	3	AUTO	VILA MARIA DILCE (3)
74583115	VILA MARIA DILCE	2	AUTO	VILA MARIA DILCE (2)
74583130	VILA MARIA DILCE	1	AUTO	VILA MARIA DILCE (1)
74583135	PROGRESSO	1	AUTO	SETOR PROGRESSO (1)
74583220	VILA JOAO VAZ	1	AUTO	VILA JOÃO VAZ (1)
74583264	JARDIM SANTA CECILIA	1	AUTO	JARDIM SANTA CECÍLIA (1)
74583285	EMPRESARIAL	1	AUTO	SETOR EMPRESARIAL (1)
74583290	MARABA	3	REVISAR	MARABA (2) | NOROESTE (1)
74583298	RESIDENCIAL RECREIO PANORAMA	1	AUTO	Residencial Recreio Panorama (1)
74583350	EMPRESARIAL	7	AUTO	SETOR EMPRESARIAL (7)
74583360	EMPRESARIAL	1	AUTO	SETOR EMPRESARIAL (1)
74583650	EMPRESARIAL	1	AUTO	SETOR EMPRESARIAL (1)
74583700	JARDIM GRAMADO	4	AUTO	Jardim Gramado (4)
74583705	JARDIM GRAMADO	5	AUTO	JARDIM GRAMADO (5)
74583710	JARDIM GRAMADO	2	AUTO	JARDIM GRAMADO (2)
74583715	JARDIM GRAMADO	11	REVISAR	JARDIM GRAMADO (9) | VILA CRISTINA (1) | VILA MARIA DILCE (1)
74583720	JARDIM GRAMADO	6	AUTO	JARDIM GRAMADO (6)
74583725	JARDIM GRAMADO	7	AUTO	JARDIM GRAMADO (7)
74583730	JARDIM GRAMADO	1	AUTO	JARDIM  GRAMADO (1)
74583735	JARDIM GRAMADO	3	AUTO	JARDIM GRAMADO (3)
74583750	JARDIM GRAMADO	1	AUTO	JARDIM GRAMADO (1)
74583760	JARDIM GRAMADO	1	AUTO	JARDIM GRAMADO (1)
74583765	JARDIM GRAMADO	1	AUTO	JARDIM GRAMADO (1)
74584000	VILA CRISTINA	6	AUTO	VILA CRISTINA (6)
74584010	VILA CRISTINA	2	AUTO	VILA CRISTINA (2)
74584030	VILA CRISTINA	1	AUTO	VILA CRISTINA (1)
74584040	VILA CRISTINA	1	AUTO	VILA CRISTINA (1)
74584060	VILA CRISTINA	3	REVISAR	VILA CRISTINA (2) | MARIA DILCE (1)
74584090	VILA CRISTINA	1	AUTO	VILA CRISTINA (1)
74584120	VILA CRISTINA	6	REVISAR	VILA CRISTINA (5) | VILA MARIA DILCE (1)
74584230	VILA CRISTINA	6	REVISAR	VILA CRISTINA (4) | VILA CRISTINA CONTINUACAO (2)
74584235	VILA CRISTINA	3	AUTO	VILA CRISTINA (3)
74584305	VILA CRISTINA EXTENSAO	1	AUTO	VILA CRISTINA EXTENSÃO (1)
74584310	VILA CRISTINA EXTENSAO	2	AUTO	VILA CRISTINA EXTENSÃO (2)
74590090	JARDIM BALNEARIO MEIA PONTE	1	AUTO	JARDIM BALNEÁRIO MEIA PONTE (1)
74590360	JARDIM BALNEARIO MEIA PONTE	1	AUTO	JARDIM BALNEÁRIO MEIA PONTE (1)
74590540	JARDIM BALNEARIO MEIA PONTE	1	AUTO	Jardim Balneário Meia Ponte (1)
74590770	JARDIM BALNEARIO MEIA PONTE	1	AUTO	Jardim Balneário Meia Ponte (1)
74591003	RESIDENCIAL BALNEARIO 2	1	AUTO	Residencial Balneário 2 (1)
74593210	JARDIM BALNEARIO MEIA PONTE	1	AUTO	Jardim Balneário Meia Ponte (1)
74593270	PARQUE DAS NACOES	1	AUTO	Parque das Nações (1)
74594102	RESIDENCIAL BARRAVENTO	1	AUTO	Residencial Barravento (1)
74594124	RESIDENCIAL BARRAVENTO	1	AUTO	Residencial Barravento (1)
74594151	JARDIM BELVEDERE	1	AUTO	Jardim Belvedere (1)
74594330	RESIDENCIAL JOSE VIANDELI	1	AUTO	Residencial Jose Viandeli (1)
74595110	RESIDENCIAL MARIA LOURENCA	1	AUTO	Residencial Maria Lourença (1)
74605020	LESTE UNIVERSITARIO	1	AUTO	SETOR LESTE UNIVERSITÁRIO (1)
74620050	VILA MORAIS	3	AUTO	VILA MORAIS (3)
74620060	VILA MORAIS	4	AUTO	VILA MORAIS (4)
74620170	VILA MORAIS	1	AUTO	Vila Morais (1)
74620190	VILA MORAIS	2	AUTO	VILA MORAIS (2)
74620220	VILA MORAIS	3	AUTO	VILA MORAIS (3)
74620230	VILA MORAIS	7	AUTO	VILA MORAIS (7)
74620250	VILA MORAIS	1	AUTO	VILA MORAIS (1)
74620260	VILA MORAIS	1	AUTO	VILA MORAIS (1)
74620270	VILA MORAIS	1	AUTO	VILA MORAIS (1)
74620280	VILA MORAIS	3	AUTO	VILA MORAIS (3)
74620300	VILA MORAIS	1	AUTO	VILA MORAIS (1)
74620310	VILA MORAIS	1	AUTO	VILA MORAIS (1)
74620320	VILA MORAIS	7	AUTO	VILA MORAIS (7)
74620330	VILA MORAIS	4	AUTO	VILA MORAIS (4)
74620365	VILA MORAIS	1	AUTO	VILA MORAIS (1)
74620375	VILA MORAIS	6	AUTO	VILA MORAIS (6)
74620400	VILA MORAIS	3	AUTO	VILA MORAIS (3)
74620410	VILA MORAIS	1	AUTO	VILA MORAIS (1)
74630134	JARDIM NOVA ESPERANCA	1	AUTO	JARDIM NOVA ESPERANÇA (1)
74635100	JARDIM NOVO MUNDO	1	AUTO	JARDIM NOVO MUNDO (1)
74645527	MARABA	1	AUTO	SETOR MARABÁ (1)
74655150	VILA MONTICELLI	1	AUTO	VILA MONTICELLI (1)
74675380	RESIDENCIAL ANGLO	1	AUTO	RESIDENCIAL ANGLO (1)
74675400	JARDIM NOVA ESPERANCA	1	AUTO	JARDIM NOVA ESPERANÇA (1)
74680130	JARDIM COLORADO	1	AUTO	JARDIM COLORADO (1)
74700170	JARDIM NOVO MUNDO	1	AUTO	JARDIM NOVO MUNDO (1)
74703010	JARDIM NOVO MUNDO	2	AUTO	JARDIM NOVO MUNDO (2)
74703020	JARDIM NOVO MUNDO	12	AUTO	JARDIM NOVO MUNDO (12)
74703030	JARDIM NOVO MUNDO	2	AUTO	JARDIM NOVO MUNDO (2)
74703060	JARDIM NOVO MUNDO	4	AUTO	JARDIM NOVO MUNDO (4)
74703070	JARDIM NOVO MUNDO	2	AUTO	JARDIM NOVO MUNDO (2)
74703080	JARDIM NOVO MUNDO	4	AUTO	JARDIM NOVO MUNDO (4)
74703100	JARDIM NOVO MUNDO	3	AUTO	JARDIM NOVO MUNDO (3)
74703118	JARDIM NOVO MUNDO	1	AUTO	JARDIM NOVO MUNDO (1)
74703140	JARDIM NOVO MUNDO	2	AUTO	JARDIM NOVO MUNDO (2)
74703210	VILA MARTINS	1	AUTO	VILA MARTINS (1)
74703220	VILA MARTINS	3	AUTO	VILA MARTINS (3)
74703230	VILA MARTINS	1	AUTO	VILA MARTINS (1)
74703300	JARDIM CALIFORNIA PARQUE INDUSTRIAL	1	AUTO	JARDIM CALIFÓRNIA PARQUE INDUSTRIAL (1)
74705010	JARDIM NOVO MUNDO	7	AUTO	JARDIM NOVO MUNDO (7)
74705015	JARDIM NOVO MUNDO	1	AUTO	JARDIM NOVO MUNDO (1)
74705020	JARDIM NOVO MUNDO	9	AUTO	JARDIM NOVO MUNDO (9)
74705040	JARDIM NOVO MUNDO	3	AUTO	JARDIM NOVO MUNDO (3)
74705050	JARDIM NOVO MUNDO	15	VARIACAO	JARDIM NOVO MUNDO (14) | JARDIM  NOVO MUNDO (1)
74705070	JARDIM NOVO MUNDO	5	AUTO	JARDIM NOVO MUNDO (5)
74705080	JARDIM NOVO MUNDO	2	AUTO	JARDIM NOVO MUNDO (2)
74705100	JARDIM NOVO MUNDO	7	AUTO	JARDIM NOVO MUNDO (7)
74705110	JARDIM NOVO MUNDO	6	AUTO	JARDIM NOVO MUNDO (6)
74705120	JARDIM NOVO MUNDO	4	AUTO	JARDIM NOVO MUNDO (4)
74705130	JARDIM NOVO MUNDO	6	AUTO	JARDIM NOVO MUNDO (6)
74705140	JARDIM NOVO MUNDO	14	AUTO	JARDIM NOVO MUNDO (14)
74705150	JARDIM NOVO MUNDO	17	AUTO	JARDIM NOVO MUNDO (17)
74705160	JARDIM NOVO MUNDO	4	AUTO	JARDIM NOVO MUNDO (4)
74705170	JARDIM NOVO MUNDO	16	AUTO	JARDIM NOVO MUNDO (16)
74705180	JARDIM NOVO MUNDO	5	AUTO	JARDIM NOVO MUNDO (5)
74705190	JARDIM NOVO MUNDO	1	AUTO	JARDIM NOVO MUNDO (1)
74705200	JARDIM NOVO MUNDO	3	AUTO	JARDIM NOVO MUNDO (3)
74705210	JARDIM NOVO MUNDO	1	AUTO	JARDIM NOVO MUNDO (1)
74705220	JARDIM NOVO MUNDO	9	AUTO	JARDIM NOVO MUNDO (9)
74705230	JARDIM NOVO MUNDO	3	AUTO	JARDIM NOVO MUNDO (3)
74705240	JARDIM NOVO MUNDO	7	REVISAR	JARDIM NOVO MUNDO (6) | JD NOVO MUNDO (1)
74705250	JARDIM NOVO MUNDO	1	AUTO	JARDIM NOVO MUNDO (1)
74705270	JARDIM NOVO MUNDO	1	AUTO	JARDIM NOVO MUNDO (1)
74705280	JARDIM NOVO MUNDO	4	AUTO	JARDIM NOVO MUNDO (4)
74705290	JARDIM NOVO MUNDO	3	AUTO	JARDIM NOVO MUNDO (3)
74705300	JARDIM NOVO MUNDO	3	AUTO	JARDIM NOVO MUNDO (3)
74705310	JARDIM NOVO MUNDO	1	AUTO	Jardim Novo Mundo (1)
74705340	JARDIM NOVO MUNDO	3	AUTO	JARDIM NOVO MUNDO (3)
74710010	JARDIM NOVO MUNDO	23	AUTO	JARDIM NOVO MUNDO (23)
74710040	JARDIM NOVO MUNDO	3	AUTO	JARDIM NOVO MUNDO (3)
74710050	JARDIM NOVO MUNDO	16	AUTO	JARDIM NOVO MUNDO (16)
74710060	JARDIM NOVO MUNDO	13	AUTO	JARDIM NOVO MUNDO (13)
74710070	JARDIM NOVO MUNDO	12	AUTO	JARDIM NOVO MUNDO (12)
74710080	JARDIM NOVO MUNDO	8	AUTO	JARDIM NOVO MUNDO (8)
74710090	JARDIM NOVO MUNDO	4	AUTO	JARDIM NOVO MUNDO (4)
74710100	JARDIM NOVO MUNDO	4	AUTO	JARDIM NOVO MUNDO (4)
74710110	JARDIM NOVO MUNDO	9	REVISAR	JARDIM NOVO MUNDO (8) | JARDIM EMANUELE (1)
74710120	JARDIM NOVO MUNDO	4	AUTO	JARDIM NOVO MUNDO (4)
74710130	JARDIM NOVO MUNDO	8	AUTO	JARDIM NOVO MUNDO (8)
74710140	JARDIM NOVO MUNDO	3	AUTO	JARDIM NOVO MUNDO (3)
74710160	JARDIM NOVO MUNDO	4	REVISAR	JARDIM NOVO MUNDO (3) | VILA MARIA LUIZA (1)
74710170	JARDIM NOVO MUNDO	1	AUTO	Jardim Novo Mundo (1)
74710180	JARDIM NOVO MUNDO	1	AUTO	JARDIM NOVO MUNDO (1)
74710200	JARDIM NOVO MUNDO	7	AUTO	JARDIM NOVO MUNDO (7)
74710210	JARDIM NOVO MUNDO	2	AUTO	JARDIM NOVO MUNDO (2)
74710220	JARDIM NOVO MUNDO	2	AUTO	JARDIM NOVO MUNDO (2)
74710230	JARDIM NOVO MUNDO	2	AUTO	JARDIM NOVO MUNDO (2)
74710240	JARDIM NOVO MUNDO	13	VARIACAO	JARDIM NOVO MUNDO (12) | JARDIM  NOVO MUNDO (1)
74710250	JARDIM NOVO MUNDO	2	AUTO	JARDIM NOVO MUNDO (2)
74710260	JARDIM NOVO MUNDO	115	REVISAR	JARDIM NOVO MUNDO (111) | RESID EMANUELLI JARDIM NOVO MUNDO (1) | JARDIM EMANUELI (1) | JD EMANUELLE NOVO MUNDO (1) | JARDIM NOVO MUNDO 3 (1)
74710263	JARDIM NOVO MUNDO	1	AUTO	JARDIM NOVO MUNDO (1)
74710264	JARDIM NOVO MUNDO	1	AUTO	JARDIM NOVO MUNDO (1)
74710265	JARDIM NOVO MUNDO	1	AUTO	JARDIM NOVO MUNDO (1)
74710267	JARDIM NOVO MUNDO	3	AUTO	JARDIM NOVO MUNDO (3)
74710268	JARDIM NOVO MUNDO	1	AUTO	Jardim novo mundo (1)
74710302	JARDIM NOVO MUNDO	1	AUTO	JARDIM NOVO MUNDO (1)
74710304	JARDIM NOVO MUNDO	2	AUTO	JARDIM NOVO MUNDO (2)
74710320	JARDIM NOVO MUNDO	4	AUTO	JARDIM NOVO MUNDO (4)
74710360	JARDIM NOVO MUNDO	15	VARIACAO	JARDIM NOVO MUNDO (14) | JARDIM  NOVO MUNDO (1)
74710370	JARDIM NOVO MUNDO	1	AUTO	Jardim Novo Mundo (1)
74710375	JARDIM NOVO MUNDO	1	AUTO	Jardim Novo Mundo (1)
74710380	JARDIM NOVO MUNDO	6	AUTO	JARDIM NOVO MUNDO (6)
74710400	JARDIM NOVO MUNDO	8	AUTO	JARDIM NOVO MUNDO (8)
74710420	JARDIM NOVO MUNDO	1	AUTO	JARDIM NOVO MUNDO (1)
74710430	JARDIM NOVO MUNDO	1	AUTO	Jardim Novo Mundo (1)
74710450	JARDIM NOVO MUNDO	2	AUTO	JARDIM NOVO MUNDO (2)
74710460	JARDIM NOVO MUNDO	1	AUTO	JARDIM NOVO MUNDO (1)
74710470	JARDIM NOVO MUNDO	7	AUTO	JARDIM NOVO MUNDO (7)
74711010	VILA BANDEIRANTES	2	AUTO	VILA BANDEIRANTES (2)
74711020	VILA BANDEIRANTE	3	REVISAR	VILA BANDEIRANTE (2) | JARDIM NOVO MUNDO (1)
74711040	JARDIM NOVO MUNDO	1	AUTO	JARDIM NOVO MUNDO (1)
74711507	AGUA BRANCA	1	AUTO	ÁGUA BRANCA (1)
74713080	VILA ROMANA	1	AUTO	VILA ROMANA (1)
74713110	JARDIM NOVO MUNDO	1	AUTO	JARDIM NOVO MUNDO (1)
74713189	JARDIM NOVO MUNDO	1	AUTO	JARDIM NOVO MUNDO (1)
74713190	JARDIM NOVO MUNDO	2	AUTO	JARDIM NOVO MUNDO (2)
74713200	JARDIM NOVO MUNDO	8	AUTO	JARDIM NOVO MUNDO (8)
74713210	JARDIM NOVO MUNDO	17	AUTO	JARDIM NOVO MUNDO (17)
74713240	JARDIM NOVO MUNDO	5	AUTO	JARDIM NOVO MUNDO (5)
74713250	JARDIM NOVO MUNDO	8	AUTO	JARDIM NOVO MUNDO (8)
74713280	JARDIM NOVO MUNDO	6	AUTO	JARDIM NOVO MUNDO (6)
74713290	JARDIM NOVO MUNDO	2	AUTO	JARDIM NOVO MUNDO (2)
74713300	JARDIM NOVO MUNDO	1	AUTO	JARDIM NOVO MUNDO (1)
74713330	JARDIM NOVO MUNDO	3	AUTO	JARDIM NOVO MUNDO (3)
74713360	JARDIM NOVO MUNDO	1	AUTO	JARDIM NOVO MUNDO (1)
74713380	JARDIM NOVO MUNDO	3	AUTO	JARDIM NOVO MUNDO (3)
74713390	JARDIM NOVO MUNDO	1	AUTO	JARDIM NOVO MUNDO (1)
74713420	JARDIM NOVO MUNDO	6	AUTO	JARDIM NOVO MUNDO (6)
74713440	JARDIM NOVO MUNDO	7	REVISAR	JARDIM NOVO MUNDO (6) | RESIDENCIAL JARDIM EMANUELE (1)
74715010	JARDIM NOVO MUNDO	5	AUTO	JARDIM NOVO MUNDO (5)
74715020	JARDIM NOVO MUNDO	1	AUTO	JARDIM NOVO MUNDO (1)
74715040	JARDIM NOVO MUNDO	7	AUTO	JARDIM NOVO MUNDO (7)
74715060	JARDIM NOVO MUNDO	2	AUTO	JARDIM NOVO MUNDO (2)
74715070	JARDIM NOVO MUNDO	1	AUTO	Jardim Novo Mundo (1)
74715080	JARDIM NOVO MUNDO	5	AUTO	JARDIM NOVO MUNDO (5)
74715100	JARDIM NOVO MUNDO	1	AUTO	JARDIM NOVO MUNDO (1)
74715110	JARDIM NOVO MUNDO	1	AUTO	JARDIM NOVO MUNDO (1)
74715120	JARDIM NOVO MUNDO	1	AUTO	JARDIM NOVO MUNDO (1)
74715130	JARDIM NOVO MUNDO	1	AUTO	JARDIM NOVO MUNDO (1)
74715140	JARDIM NOVO MUNDO	5	AUTO	Jardim Novo Mundo (5)
74715160	JARDIM NOVO MUNDO	10	AUTO	JARDIM NOVO MUNDO (10)
74715170	JARDIM NOVO MUNDO	1	AUTO	JARDIM NOVO MUNDO (1)
74715190	JARDIM CALIFORNIA	1	AUTO	JARDIM CALIFORNIA (1)
74715200	JARDIM NOVO MUNDO	1	AUTO	Jardim Novo Mundo (1)
74715210	JARDIM NOVO MUNDO	4	AUTO	JARDIM NOVO MUNDO (4)
74715230	JARDIM NOVO MUNDO	3	AUTO	JARDIM NOVO MUNDO (3)
74715240	JARDIM NOVO MUNDO	2	AUTO	JARDIM NOVO MUNDO (2)
74715250	JARDIM NOVO MUNDO	2	AUTO	JARDIM NOVO MUNDO (2)
74715260	JARDIM NOVO MUNDO	8	AUTO	JARDIM NOVO MUNDO (8)
74715270	JARDIM NOVO MUNDO	4	AUTO	JARDIM NOVO MUNDO (4)
74715280	JARDIM NOVO MUNDO	3	AUTO	JARDIM NOVO MUNDO (3)
74715300	JARDIM NOVO MUNDO	1	AUTO	JARDIM NOVO MUNDO (1)
74715310	JARDIM NOVO MUNDO	1	AUTO	Jardim Novo Mundo (1)
74715320	JARDIM NOVO MUNDO	1	AUTO	JARDIM NOVO MUNDO (1)
74715340	JARDIM NOVO MUNDO	2	AUTO	JARDIM NOVO MUNDO (2)
74715370	JARDIM NOVO MUNDO	1	AUTO	JARDIM NOVO MUNDO (1)
74715380	JARDIM NOVO MUNDO	6	AUTO	JARDIM NOVO MUNDO (6)
74715400	JARDIM NOVO MUNDO	5	AUTO	JARDIM NOVO MUNDO (5)
74715410	JARDIM NOVO MUNDO	1	AUTO	JARDIM NOVO MUNDO (1)
74715415	JARDIM NOVO MUNDO	1	AUTO	JARDIM NOVO MUNDO (1)
74715420	JARDIM NOVO MUNDO	1	AUTO	JARDIM NOVO MUNDO (1)
74715430	JARDIM NOVO MUNDO	2	AUTO	JARDIM NOVO MUNDO (2)
74715440	JARDIM NOVO MUNDO	2	AUTO	JARDIM NOVO MUNDO (2)
74715450	JARDIM NOVO MUNDO	1	AUTO	Jardim Novo Mundo (1)
74715470	JARDIM NOVO MUNDO	1	AUTO	JARDIM NOVO MUNDO (1)
74715480	JARDIM NOVO MUNDO	2	AUTO	JARDIM NOVO MUNDO (2)
74715490	JARDIM NOVO MUNDO	2	AUTO	JARDIM NOVO MUNDO (2)
74715500	JARDIM NOVO MUNDO	1	AUTO	JARDIM NOVO MUNDO (1)
74715550	JARDIM NOVO MUNDO	7	AUTO	JARDIM NOVO MUNDO (7)
74715560	JARDIM NOVO MUNDO	1	AUTO	JARDIM NOVO MUNDO (1)
74715580	JARDIM NOVO MUNDO	2	AUTO	JARDIM NOVO MUNDO (2)
74715590	JARDIM NOVO MUNDO	9	AUTO	JARDIM NOVO MUNDO (9)
74715640	JARDIM NOVO MUNDO	1	AUTO	Jardim Novo Mundo (1)
74720140	VILA MARIA LUIZA	3	AUTO	VILA MARIA LUIZA (3)
74720160	VILA MARIA LUIZA	2	AUTO	VILA MARIA LUIZA (2)
74720170	VILA MARIA LUIZ	1	AUTO	VILA MARIA LUIZ (1)
74720180	VILA MARIA LUIZA	2	AUTO	VILA MARIA LUIZA (2)
74720200	VILA MARIA LUIZA	5	REVISAR	VILA MARIA LUIZA (4) | MARIA LUIZA (1)
74720210	VILA MARIA LUIZA	4	AUTO	VILA MARIA LUIZA (4)
74720220	VILA MARIA LUIZA	1	AUTO	VILA MARIA LUIZA (1)
74720240	VILA MARIA LUIZA	2	AUTO	VILA MARIA LUIZA (2)
74720250	VILA MARIA LUIZA	3	AUTO	VILA MARIA LUIZA (3)
74720260	VILA MARIA LUIZA	5	AUTO	VILA MARIA LUIZA (5)
74720280	VILA MARIA LUIZA	5	AUTO	VILA MARIA LUIZA (5)
74723010	AGUA BRANCA	3	AUTO	ÁGUA BRANCA (3)
74723035	JARDIM NOVO MUNDO	1	AUTO	JARDIM NOVO MUNDO (1)
74723060	AGUA BRANCA	1	AUTO	AGUA BRANCA (1)
74723100	JARDIM BRASIL	2	REVISAR	JARDIM BRASIL (1) | AGUA BRANCA (1)
74723110	AGUA BRANCA	2	AUTO	AGUA BRANCA (2)
74723150	AGUA BRANCA	1	AUTO	Água Branca (1)
74723180	AGUA BRANCA	1	AUTO	ÁGUA BRANCA (1)
74723190	AGUA BRANCA	1	AUTO	ÁGUA BRANCA (1)
74723200	AGUA BRANCA	3	AUTO	ÁGUA BRANCA (3)
74723210	AGUA BRANCA	1	AUTO	AGUA BRANCA (1)
74723230	AGUA BRANCA	2	AUTO	ÁGUA BRANCA (2)
74723240	AGUA BRANCA	1	AUTO	ÁGUA BRANCA (1)
74723270	AGUA BRANCA	1	AUTO	ÁGUA BRANCA (1)
74723280	AGUA BRANCA	1	AUTO	AGUA BRANCA (1)
74723290	AGUA BRANCA	9	AUTO	ÁGUA BRANCA (9)
74723300	AGUA BRANCA	3	AUTO	AGUA BRANCA (3)
74723310	AGUA BRANCA	1	AUTO	ÁGUA BRANCA (1)
74723330	AGUA BRANCA	3	AUTO	AGUA BRANCA (3)
74723350	AGUA BRANCA	2	AUTO	AGUA BRANCA (2)
74730110	CONJUNTO RIVIERA	1	AUTO	CONJUNTO RIVIERA (1)
74730120	CONJUNTO RIVIERA	3	AUTO	CONJUNTO RIVIERA (3)
74730130	CONJUNTO RIVIERA	1	AUTO	Conjunto Riviera (1)
74730140	CONJUNTO RIVIEIRA	2	REVISAR	CONJUNTO RIVIEIRA (1) | CONJUNTO RIVIERA (1)
74730150	CONJUNTO RIVIERA	1	AUTO	CONJUNTO RIVIERA (1)
74730200	CONJUNTO RIVIERA	1	AUTO	CONJUNTO RIVIERA (1)
74730210	CONJUNTO RIVIERA	1	AUTO	Conjunto Riviera (1)
74730250	CONJUNTO RIVIERA	2	AUTO	CONJUNTO RIVIERA (2)
74730270	CONJUNTO RIVIERA	2	AUTO	CONJUNTO RIVIERA (2)
74730280	CONJUNTO RIVIERA	1	AUTO	CONJUNTO RIVIERA (1)
74730290	CONJUNTO RIVIERA	1	AUTO	CONJUNTO RIVIERA (1)
74730320	JARDIM BRASIL	2	AUTO	Jardim Brasil (2)
74730330	JARDIM BRASIL	1	AUTO	JARDIM BRASIL (1)
74730350	JARDIM BRASIL	1	AUTO	JARDIM BRASIL (1)
74730360	JARDIM BRASIL	2	AUTO	JARDIM BRASIL (2)
74730370	JARDIM BRASIL	2	AUTO	JARDIM BRASIL (2)
74730420	JARDIM BRASIL	1	AUTO	JARDIM BRASIL (1)
74730435	JARDIM BRASIL	1	AUTO	JARDIM BRASIL (1)
74730440	JARDIM BRASIL	3	AUTO	JARDIM BRASIL (3)
74730460	JARDIM BRASIL	2	AUTO	JARDIM BRASIL (2)
74730500	SONHO VERDE	1	AUTO	SONHO VERDE (1)
74730505	SONHO VERDE	1	AUTO	SONHO VERDE (1)
74730510	RESIDENCIAL SONHO VERDE	1	AUTO	RESIDENCIAL SONHO VERDE (1)
74730520	RESIDENCIAL SONHO VERDE	3	AUTO	RESIDENCIAL SONHO VERDE (3)
74730535	RESIDENCIAL SONHO VERDE	2	AUTO	Residencial Sonho Verde (2)
74730560	RESIDENCIAL SONHO VERDE	1	AUTO	Residencial Sonho Verde (1)
74734080	JARDIM CALIFORNIA	1	AUTO	JARDIM CALIFORNIA (1)
74735010	JARDIM CALIFORNIA	4	AUTO	JARDIM CALIFORNIA (4)
74735020	JARDIM CALIFORNIA	1	AUTO	Jardim Califórnia (1)
74735060	JARDIM CALIFORNIA	1	AUTO	JARDIM CALIFÓRNIA (1)
74735080	JARDIM CALIFORNIA	6	AUTO	JARDIM CALIFORNIA (6)
74735100	JARDIM CALIFORNIA	1	AUTO	JARDIM CALIFÓRNIA (1)
74735110	JARDIM CALIFORNIA	2	AUTO	JARDIM CALIFORNIA (2)
74735130	JARDIM CALIFORNIA	1	AUTO	JARDIM CALIFÓRNIA (1)
74735150	JARDIM CALIFORNIA	4	AUTO	JARDIM CALIFÓRNIA (4)
74735170	JARDIM CALIFORNIA	4	AUTO	JARDIM CALIFÓRNIA (4)
74735190	JARDIM CALIFORNIA	1	AUTO	Jardim Califórnia (1)
74735320	RESIDENCIAL OLINDA	1	AUTO	RESIDENCIAL OLINDA (1)
74735340	RESIDENCIAL OLINDA	1	AUTO	Residencial Olinda (1)
74735360	RESIDENCIAL OLINDA	1	AUTO	Residencial Olinda (1)
74735370	RESIDENCIAL OLINDA	2	AUTO	RESIDENCIAL OLINDA (2)
74735400	RESIDENCIAL OLINDA	4	AUTO	RESIDENCIAL OLINDA (4)
74735410	RESIDENCIAL OLINDA	1	AUTO	RESIDENCIAL OLINDA (1)
74735440	RESIDENCIAL OLINDA	1	AUTO	RESIDENCIAL OLINDA (1)
74735465	RESIDENCIAL VALE DO ARAGUIA	1	AUTO	RESIDENCIAL VALE DO ARAGUIA (1)
74735500	RESIDENCIAL VALE DO ARAGUAIA	2	AUTO	RESIDENCIAL VALE DO ARAGUAIA (2)
74735525	RESIDENCIAL VALE DO ARAGUAIA	1	AUTO	RESIDENCIAL VALE DO ARAGUAIA (1)
74735545	RESIDENCIAL VALE DO ARAGUAIA	1	AUTO	RESIDENCIAL VALE DO ARAGUAIA (1)
74735560	RESIDENCIAL VALE DO ARAGUAIA	1	AUTO	Residencial Vale do Araguaia (1)
74735586	RESIDENCIAL VALE DO ARAGUAIA	1	AUTO	Residencial Vale do Araguaia (1)
74735590	RESIDENCIAL VALE DO ARAGUAIA	1	AUTO	RESIDENCIAL VALE DO ARAGUAIA (1)
74735651	VILA MARTINS EXTENSAO	1	AUTO	VILA MARTINS EXTENSÃO (1)
74735658	VILA MARTINS EXTENSAO	1	AUTO	VILA MARTINS EXTENSÃO (1)
74740100	CONJUNTO ARUANA I	1	AUTO	CONJUNTO ARUANA I (1)
74740180	CONJUNTO ARUANA I	2	REVISAR	CONJUNTO ARUANA I (1) | CONJUNTO RESIDENCIAL ARUANA I (1)
74740200	CONJUNTO RESIDENCIAL ARUANA I	1	AUTO	CONJUNTO RESIDENCIAL ARUANÃ I (1)
74740250	CONJUNTO ARUANA I	1	AUTO	CONJUNTO ARUANA I (1)
74740280	ARUANA PARK	1	AUTO	ARUANÃ PARK (1)
74740310	CONJUNTO RESIDENCIAL ARUANA II	1	AUTO	Conjunto Residencial Aruanã II (1)
74740350	VALE DO ARAGUAIA	1	AUTO	VALE DO ARAGUAIA (1)
74740440	CONJUNTO RESIDENCIAL ARUANA III	2	REVISAR	CONJUNTO RESIDENCIAL ARUANA III (1) | RESIDENCIAL ARUANA III (1)
74740510	PARQUE SANTA MARIA	4	AUTO	PARQUE SANTA MARIA (4)
74740520	JARDIM BRASIL	3	AUTO	JARDIM BRASIL (3)
74740530	JARDIM BRASIL	2	AUTO	Jardim Brasil (2)
74740545	JARDIM BRASIL	1	AUTO	JARDIM BRASIL (1)
74740550	JARDIM BRASIL	1	AUTO	Jardim Brasil (1)
74740570	JARDIM BRASIL	1	AUTO	JARDIM BRASIL (1)
74740623	ARUANA PARK	1	AUTO	ARUANÃ PARK (1)
74740625	LOTEAMENTO ARUANA PARK	1	AUTO	Loteamento Aruanã Park (1)
74740740	SAO JOSE	1	AUTO	SETOR SAO JOSE (1)
74743530	VILA MUTIRAO	2	AUTO	VILA MUTIRÃO (2)
74744004	JARDIM COLORADO	1	AUTO	JARDIM COLORADO (1)
74744083	SAO CARLOS	1	AUTO	SÃO CARLOS (1)
74746455	JARDIM COLORADO	1	AUTO	JARDIM COLORADO (1)
74747011	JARDIM COLORADO	1	AUTO	JARDIM COLORADO (1)
74750490	CAPUAVA	1	AUTO	CAPUAVA (1)
74769765	JARDIM NOVO MUNDO	1	AUTO	JARDIM NOVO MUNDO (1)
74770304	VILA CONCORDIA	1	AUTO	VILA CONCÓRDIA (1)
74771514	JARDIM NOVO MUNDO	1	AUTO	JARDIM NOVO MUNDO (1)
74785590	RECANTO DAS MINAS GERAIS	1	AUTO	SETOR RECANTO DAS MINAS GERAIS (1)
74805100	JARDIM NOVA ESPERANCA	12	REVISAR	JARDIM NOVA ESPERANCA (3) | JARDIM NOVO MUNDO (3) | VILA MUTIRAO (2) | JARDIM CURITIBA IV (1) | ALBINO BOAVENTURA (1) | RESIDENCIAL FORTALEZA (1) | CAPUAVA (1)
74805180	JARDIM NOVO MUNDO	2	REVISAR	JARDIM NOVO MUNDO (1) | JARDIM VISTA BELA (1)
74810030	JARDIM GOIAS	1	AUTO	JARDIM GOIÁS (1)
74810150	AGUA BRANCA	1	AUTO	AGUA BRANCA (1)
74850580	PARQUE TREMENDAO	2	REVISAR	PARQUE TREMENDAO (1) | VALE DOS CARAIBAS (1)
74860036	JARDIM VISTA BELA	1	AUTO	JARDIM VISTA BELA (1)
74860470	JARDIM VISTA BELA	1	AUTO	JARDIM VISTA BELA (1)
74885532	DA VITORIA	1	AUTO	BAIRRO DA VITÓRIA (1)
74885580	DA VITORIA	1	AUTO	BAIRRO DA VITÓRIA (1)
74911430	VILA BRASILIA	1	AUTO	Vila Brasília (1)
74916040	JARDIM NOVA ESPERANCA	1	AUTO	JARDIM NOVA ESPERANÇA (1)
74944540	JARDIM BURITI SERENO	1	AUTO	JARDIM BURITI SERENO (1)
74980110	JARDIM NOVA ESPERANCA	1	AUTO	JARDIM NOVA ESPERANÇA (1)
75000000	JARDIM NOVA ESPERANCA	6	REVISAR	JARDIM NOVA ESPERANCA (3) | SAO CARLOS (1) | JARDIM LIBERDADE (1) | 14 BIS (1)
75255430	JARDIM NOVO MUNDO	1	AUTO	JARDIM NOVO MUNDO (1)
75255830	JARDIM LIBERDADE	1	AUTO	JARDIM LIBERDADE (1)
75475575	JARDIM LIBERDADE	1	AUTO	JARDIM LIBERDADE (1)
75555554	ALBINO BOAVENTURA	1	AUTO	ALBINO BOAVENTURA (1)
75580800	RESIDENCIAL ITAMARACA	1	AUTO	RESIDENCIAL ITAMARACA (1)
75583100	MARIA DILCE	1	AUTO	MARIA DILCE (1)
75712460	SAO JOSE	2	REVISAR	SAO JOSE (1) | VILA SAO JOSE (1)
76465300	JARDIM NOVA ESPERANCA	1	AUTO	JARDIM NOVA ESPERANCA (1)
76630000	JARDIM CABRAL	1	AUTO	JARDIM CABRAL (1)
77447702	DA VITORIA	1	AUTO	BAIRRO DA VITORIA (1)
77465170	JARDIM NOVA ESPERANCA	1	AUTO	JARDIM NOVA ESPERANÇA (1)
77710200	JARDIM NOVO MUNDO	1	AUTO	JARDIM NOVO MUNDO (1)
78805180	JARDIM NOVA ESPERANCA	1	AUTO	JARDIM NOVA ESPERANÇA (1)
88370888	NAVEGANTES SC	1	AUTO	NAVEGANTES SC (1)
92265185	VILA JOAO VAZ	1	AUTO	VILA JOAO VAZ (1)
92990000	INDUSTRIAL	1	AUTO	INDUSTRIAL (1)
